simulation_id,timestamp,arrival_rate,expert_weights,complexity_sigma,tx_count,tx_by_model,total_bytes,duration_s,energy_j,power_w,j_per_tx,tx_per_second,blocks_used,start_block,end_block
1,2026-01-25T17:59:54.354631,10.61,"{""Fast-Inference"": 0.3988183807972713, ""Standard-Inference"": 0.1896735999986652, ""Complex-Inference"": 0.21460774444525488, ""Ensemble-Inference"": 0.1969002747588088}",0.485,100,"{""1"": 21, ""3"": 19, ""0"": 34, ""2"": 26}",64411,6.24,149.25,23.93,1.4925,16.03,1,6,7
2,2026-01-25T18:00:06.336121,5.51,"{""Fast-Inference"": 0.42220954182835363, ""Standard-Inference"": 0.19202989571685458, ""Complex-Inference"": 0.20717825315908212, ""Ensemble-Inference"": 0.17858230929570973}",0.561,91,"{""1"": 16, ""0"": 42, ""3"": 15, ""2"": 18}",51059,6.22,147.95,23.8,1.6258,14.64,1,8,9
3,2026-01-25T18:00:18.317713,11.39,"{""Fast-Inference"": 0.40920387920650364, ""Standard-Inference"": 0.1852035697428219, ""Complex-Inference"": 0.21027225822155263, ""Ensemble-Inference"": 0.19532029282912206}",0.536,100,"{""1"": 22, ""0"": 37, ""2"": 28, ""3"": 13}",64207,6.23,150.17,24.11,1.5017,16.05,1,10,11
4,2026-01-25T18:00:30.297662,19.38,"{""Fast-Inference"": 0.3645164053303309, ""Standard-Inference"": 0.21851674204864865, ""Complex-Inference"": 0.22537476843704793, ""Ensemble-Inference"": 0.1915920841839725}",0.941,100,"{""0"": 40, ""3"": 21, ""1"": 23, ""2"": 16}",72406,6.23,148.65,23.85,1.4865,16.04,1,12,13
5,2026-01-25T18:00:42.300654,16.34,"{""Fast-Inference"": 0.3715617842065627, ""Standard-Inference"": 0.22316365236909047, ""Complex-Inference"": 0.18450821236288173, ""Ensemble-Inference"": 0.22076635106146514}",0.853,100,"{""0"": 37, ""3"": 25, ""1"": 21, ""2"": 17}",72840,6.23,148.87,23.89,1.4887,16.05,1,14,15
6,2026-01-25T18:00:54.339880,21.69,"{""Fast-Inference"": 0.39208570644993135, ""Standard-Inference"": 0.2175841927982714, ""Complex-Inference"": 0.19119779860034047, ""Ensemble-Inference"": 0.19913230215145675}",0.78,74,"{""2"": 9, ""3"": 15, ""0"": 33, ""1"": 17}",49111,6.18,146.83,23.75,1.9841,11.97,1,16,17
7,2026-01-25T18:01:06.082079,12.87,"{""Fast-Inference"": 0.37568777834858064, ""Standard-Inference"": 0.2106429590609672, ""Complex-Inference"": 0.20803775731005741, ""Ensemble-Inference"": 0.2056315052803948}",0.827,94,"{""3"": 19, ""0"": 41, ""2"": 16, ""1"": 18}",63669,5.92,141.44,23.9,1.5047,15.88,1,18,19
8,2026-01-25T18:01:18.100620,22.78,"{""Fast-Inference"": 0.36690567860616924, ""Standard-Inference"": 0.20161078087237372, ""Complex-Inference"": 0.21381935773001548, ""Ensemble-Inference"": 0.21766418279144156}",0.672,99,"{""2"": 23, ""3"": 22, ""1"": 14, ""0"": 40}",72884,5.93,142.14,23.98,1.4358,16.7,1,20,21
9,2026-01-25T18:01:30.301896,23.64,"{""Fast-Inference"": 0.4090826084959716, ""Standard-Inference"": 0.1677862483614336, ""Complex-Inference"": 0.21719267629545946, ""Ensemble-Inference"": 0.20593846684713535}",0.659,95,"{""0"": 45, ""2"": 17, ""3"": 16, ""1"": 17}",54649,6.23,147.25,23.65,1.55,15.26,1,22,23
10,2026-01-25T18:01:42.291183,25.22,"{""Fast-Inference"": 0.40414051877354334, ""Standard-Inference"": 0.19364079302359474, ""Complex-Inference"": 0.1883929455171009, ""Ensemble-Inference"": 0.2138257426857609}",0.625,94,"{""0"": 43, ""3"": 21, ""2"": 16, ""1"": 14}",62036,6.23,178.0,28.59,1.8936,15.1,1,24,25
11,2026-01-25T18:01:54.342750,6.09,"{""Fast-Inference"": 0.46155837777950665, ""Standard-Inference"": 0.17896700536824717, ""Complex-Inference"": 0.17922966359648773, ""Ensemble-Inference"": 0.1802449532557585}",0.753,100,"{""3"": 24, ""0"": 45, ""2"": 16, ""1"": 15}",67461,6.24,147.95,23.73,1.4795,16.04,1,26,27
12,2026-01-25T18:02:06.102562,18.1,"{""Fast-Inference"": 0.3991215187382767, ""Standard-Inference"": 0.1861907783557792, ""Complex-Inference"": 0.20146905108419472, ""Ensemble-Inference"": 0.2132186518217493}",0.528,98,"{""2"": 20, ""1"": 22, ""3"": 20, ""0"": 36}",59150,5.93,139.55,23.55,1.4239,16.54,1,28,29
13,2026-01-25T18:02:18.105468,27.23,"{""Fast-Inference"": 0.34955348132715797, ""Standard-Inference"": 0.19123348211672664, ""Complex-Inference"": 0.22349803819080566, ""Ensemble-Inference"": 0.23571499836530968}",0.67,100,"{""3"": 21, ""0"": 32, ""2"": 24, ""1"": 23}",71557,5.93,142.37,24.01,1.4237,16.87,1,30,31
14,2026-01-25T18:02:30.342751,16.15,"{""Fast-Inference"": 0.3836734474374336, ""Standard-Inference"": 0.21145353534198782, ""Complex-Inference"": 0.22615948278653844, ""Ensemble-Inference"": 0.17871353443404014}",0.477,100,"{""1"": 25, ""2"": 23, ""3"": 18, ""0"": 34}",65219,6.23,150.96,24.23,1.5096,16.05,1,32,33
15,2026-01-25T18:02:42.110857,28.7,"{""Fast-Inference"": 0.39177212958346985, ""Standard-Inference"": 0.22370446895199703, ""Complex-Inference"": 0.20472936610919248, ""Ensemble-Inference"": 0.1797940353553406}",0.946,100,"{""3"": 20, ""0"": 38, ""2"": 17, ""1"": 25}",67714,5.93,141.46,23.87,1.4146,16.88,1,34,35
16,2026-01-25T18:02:54.356806,28.53,"{""Fast-Inference"": 0.4341156722187714, ""Standard-Inference"": 0.19572888615674702, ""Complex-Inference"": 0.17496440965248916, ""Ensemble-Inference"": 0.19519103197199258}",0.668,85,"{""3"": 20, ""0"": 40, ""2"": 12, ""1"": 13}",52401,6.21,144.9,23.35,1.7047,13.7,1,36,37
17,2026-01-25T18:03:06.343991,7.2,"{""Fast-Inference"": 0.4220611739674318, ""Standard-Inference"": 0.20040870551124318, ""Complex-Inference"": 0.17259051165796596, ""Ensemble-Inference"": 0.2049396088633591}",0.548,83,"{""3"": 21, ""0"": 27, ""1"": 17, ""2"": 18}",60451,6.2,145.56,23.48,1.7537,13.39,1,38,39
18,2026-01-25T18:03:18.350854,10.3,"{""Fast-Inference"": 0.43781000286396066, ""Standard-Inference"": 0.20924080247738988, ""Complex-Inference"": 0.1688921146554881, ""Ensemble-Inference"": 0.18405708000316148}",0.454,100,"{""3"": 16, ""0"": 38, ""2"": 20, ""1"": 26}",58859,6.23,144.77,23.23,1.4477,16.05,1,40,41
19,2026-01-25T18:03:30.313205,24.92,"{""Fast-Inference"": 0.431390728877978, ""Standard-Inference"": 0.1845144165985148, ""Complex-Inference"": 0.20133369709162582, ""Ensemble-Inference"": 0.1827611574318814}",0.868,96,"{""2"": 23, ""1"": 13, ""3"": 21, ""0"": 39}",66321,6.22,147.57,23.71,1.5372,15.42,1,42,43
20,2026-01-25T18:03:42.089121,19.8,"{""Fast-Inference"": 0.37153887529632246, ""Standard-Inference"": 0.21999310375480752, ""Complex-Inference"": 0.17924703257056324, ""Ensemble-Inference"": 0.22922098837830673}",0.517,100,"{""0"": 31, ""1"": 24, ""3"": 32, ""2"": 13}",75758,5.93,143.72,24.24,1.4372,16.86,1,44,45
21,2026-01-25T18:03:54.312395,22.55,"{""Fast-Inference"": 0.3632135923127684, ""Standard-Inference"": 0.23140114629279213, ""Complex-Inference"": 0.17501994665930412, ""Ensemble-Inference"": 0.23036531473513536}",0.514,84,"{""1"": 23, ""2"": 13, ""0"": 33, ""3"": 15}",55928,6.2,160.65,25.9,1.9126,13.54,1,46,47
22,2026-01-25T18:04:06.311730,21.36,"{""Fast-Inference"": 0.4307401402305249, ""Standard-Inference"": 0.18715305860033557, ""Complex-Inference"": 0.21623694165476617, ""Ensemble-Inference"": 0.1658698595143733}",0.775,100,"{""1"": 16, ""0"": 47, ""2"": 25, ""3"": 12}",60687,6.23,145.15,23.3,1.4515,16.05,1,48,49
23,2026-01-25T18:04:18.105049,27.32,"{""Fast-Inference"": 0.43986273898541073, ""Standard-Inference"": 0.1704403239722428, ""Complex-Inference"": 0.1988703100596096, ""Ensemble-Inference"": 0.1908266269827368}",0.563,100,"{""0"": 59, ""3"": 12, ""1"": 17, ""2"": 12}",45536,5.93,137.5,23.2,1.375,16.87,1,50,51
24,2026-01-25T18:04:30.350032,26.54,"{""Fast-Inference"": 0.4074721870564726, ""Standard-Inference"": 0.20026129786985272, ""Complex-Inference"": 0.19220924287733862, ""Ensemble-Inference"": 0.2000572721963362}",0.317,90,"{""3"": 24, ""0"": 29, ""2"": 22, ""1"": 15}",62589,6.21,143.8,23.15,1.5978,14.49,1,52,53
25,2026-01-25T18:04:42.077452,20.19,"{""Fast-Inference"": 0.3845919245512542, ""Standard-Inference"": 0.18413158120618336, ""Complex-Inference"": 0.21925875489805868, ""Ensemble-Inference"": 0.21201773934450374}",0.657,94,"{""0"": 38, ""3"": 23, ""2"": 20, ""1"": 13}",68830,5.92,138.58,23.41,1.4742,15.88,1,54,55
26,2026-01-25T18:04:54.300882,12.35,"{""Fast-Inference"": 0.3973643325505453, ""Standard-Inference"": 0.21663140076861936, ""Complex-Inference"": 0.17066342062618833, ""Ensemble-Inference"": 0.21534084605464682}",0.778,100,"{""0"": 36, ""1"": 28, ""3"": 24, ""2"": 12}",68211,6.23,147.39,23.65,1.4739,16.04,1,56,57
27,2026-01-25T18:05:06.079439,25.47,"{""Fast-Inference"": 0.4270162037984355, ""Standard-Inference"": 0.2069760639592688, ""Complex-Inference"": 0.18192900101782689, ""Ensemble-Inference"": 0.18407873122446883}",0.904,89,"{""3"": 18, ""1"": 22, ""2"": 14, ""0"": 35}",57712,5.91,139.24,23.56,1.5645,15.06,1,58,59
28,2026-01-25T18:05:18.118044,23.35,"{""Fast-Inference"": 0.3953506031535117, ""Standard-Inference"": 0.19965828720346768, ""Complex-Inference"": 0.19606114515647968, ""Ensemble-Inference"": 0.2089299644865409}",0.645,100,"{""2"": 15, ""0"": 48, ""1"": 23, ""3"": 14}",60658,5.93,139.09,23.46,1.3909,16.87,1,60,61
29,2026-01-25T18:05:30.073731,15.34,"{""Fast-Inference"": 0.3634025474100424, ""Standard-Inference"": 0.22780196624884952, ""Complex-Inference"": 0.18934077310280317, ""Ensemble-Inference"": 0.21945471323830484}",0.945,100,"{""0"": 43, ""2"": 17, ""3"": 15, ""1"": 25}",54430,5.93,143.82,24.24,1.4382,16.86,1,62,63
30,2026-01-25T18:05:42.300457,5.41,"{""Fast-Inference"": 0.41025700607608856, ""Standard-Inference"": 0.16892504438635889, ""Complex-Inference"": 0.20857280694508193, ""Ensemble-Inference"": 0.21224514259247051}",0.99,88,"{""0"": 40, ""1"": 15, ""2"": 19, ""3"": 14}",57255,6.21,148.84,23.98,1.6914,14.18,1,64,65
31,2026-01-25T18:05:54.320154,13.9,"{""Fast-Inference"": 0.3858638768651147, ""Standard-Inference"": 0.22754909198752027, ""Complex-Inference"": 0.17355909680661974, ""Ensemble-Inference"": 0.2130279343407454}",0.544,100,"{""1"": 21, ""2"": 20, ""3"": 24, ""0"": 35}",65769,6.23,143.67,23.05,1.4367,16.04,1,66,67
32,2026-01-25T18:06:06.110714,17.0,"{""Fast-Inference"": 0.38907493216598316, ""Standard-Inference"": 0.205558122742242, ""Complex-Inference"": 0.20537814946185187, ""Ensemble-Inference"": 0.199988795629923}",0.773,100,"{""1"": 21, ""2"": 20, ""3"": 19, ""0"": 40}",65106,5.93,143.98,24.28,1.4398,16.87,1,68,69
33,2026-01-25T18:06:18.364721,6.6,"{""Fast-Inference"": 0.4150315202111107, ""Standard-Inference"": 0.19707584995867877, ""Complex-Inference"": 0.21258583730874933, ""Ensemble-Inference"": 0.1753067925214613}",0.822,100,"{""0"": 47, ""2"": 20, ""3"": 17, ""1"": 16}",60093,6.23,146.54,23.52,1.4654,16.05,1,70,71
34,2026-01-25T18:06:30.309971,16.64,"{""Fast-Inference"": 0.3770026732526043, ""Standard-Inference"": 0.200631954065208, ""Complex-Inference"": 0.19586112406425488, ""Ensemble-Inference"": 0.22650424861793286}",0.312,100,"{""2"": 22, ""3"": 21, ""0"": 41, ""1"": 16}",61329,6.23,146.17,23.46,1.4617,16.05,1,72,73
35,2026-01-25T18:06:42.081437,29.74,"{""Fast-Inference"": 0.3879850406124883, ""Standard-Inference"": 0.18207960487701802, ""Complex-Inference"": 0.2136545715885258, ""Ensemble-Inference"": 0.21628078292196798}",0.524,100,"{""1"": 18, ""0"": 36, ""2"": 18, ""3"": 28}",79672,5.93,138.81,23.41,1.3881,16.86,1,74,75
36,2026-01-25T18:06:54.212818,12.08,"{""Fast-Inference"": 0.3921913443704953, ""Standard-Inference"": 0.20875589303047284, ""Complex-Inference"": 0.20581695704742012, ""Ensemble-Inference"": 0.1932358055516118}",0.347,100,"{""0"": 45, ""3"": 25, ""2"": 20, ""1"": 10}",63296,5.93,139.56,23.53,1.3956,16.86,1,76,77
37,2026-01-25T18:07:06.179602,25.48,"{""Fast-Inference"": 0.36890771506903386, ""Standard-Inference"": 0.19690000333958588, ""Complex-Inference"": 0.21579272533133945, ""Ensemble-Inference"": 0.21839955626004082}",0.722,100,"{""2"": 25, ""0"": 39, ""3"": 20, ""1"": 16}",71629,5.93,142.04,23.97,1.4204,16.88,1,78,79
38,2026-01-25T18:07:18.140844,24.82,"{""Fast-Inference"": 0.40958141091512107, ""Standard-Inference"": 0.20779766121188076, ""Complex-Inference"": 0.19753682787434365, ""Ensemble-Inference"": 0.18508409999865447}",0.43,100,"{""0"": 37, ""1"": 23, ""3"": 17, ""2"": 23}",59199,5.93,139.41,23.52,1.3941,16.87,1,80,81
39,2026-01-25T18:07:30.086677,22.7,"{""Fast-Inference"": 0.39010676485251483, ""Standard-Inference"": 0.18779333106416218, ""Complex-Inference"": 0.22853380984718152, ""Ensemble-Inference"": 0.19356609423614143}",0.945,91,"{""0"": 39, ""1"": 18, ""2"": 14, ""3"": 20}",66057,5.91,138.03,23.34,1.5168,15.39,1,82,83
40,2026-01-25T18:07:42.303617,12.82,"{""Fast-Inference"": 0.3605527222253741, ""Standard-Inference"": 0.22531850465301648, ""Complex-Inference"": 0.18749454186943249, ""Ensemble-Inference"": 0.226634231252177}",0.348,86,"{""1"": 19, ""3"": 17, ""0"": 33, ""2"": 17}",53154,6.21,146.93,23.67,1.7085,13.86,1,84,85
41,2026-01-25T18:07:54.307773,25.98,"{""Fast-Inference"": 0.3881511087150618, ""Standard-Inference"": 0.18663323570516469, ""Complex-Inference"": 0.19440545876646678, ""Ensemble-Inference"": 0.23081019681330678}",0.799,90,"{""2"": 15, ""3"": 24, ""0"": 36, ""1"": 15}",60759,6.22,145.25,23.37,1.6139,14.48,1,86,87
42,2026-01-25T18:08:06.072660,29.63,"{""Fast-Inference"": 0.37749823868343424, ""Standard-Inference"": 0.22667049253459545, ""Complex-Inference"": 0.18980469133523142, ""Ensemble-Inference"": 0.2060265774467388}",0.566,97,"{""3"": 19, ""0"": 31, ""1"": 18, ""2"": 29}",67924,5.92,143.69,24.26,1.4813,16.38,1,88,89
43,2026-01-25T18:08:18.323348,23.28,"{""Fast-Inference"": 0.4417445507722067, ""Standard-Inference"": 0.17437683606262397, ""Complex-Inference"": 0.20920592629010468, ""Ensemble-Inference"": 0.17467268687506451}",0.359,96,"{""1"": 14, ""0"": 43, ""3"": 18, ""2"": 21}",56078,6.23,144.56,23.22,1.5058,15.42,1,90,91
44,2026-01-25T18:08:30.102321,13.12,"{""Fast-Inference"": 0.3463416654541055, ""Standard-Inference"": 0.21712813229802141, ""Complex-Inference"": 0.2240726530981475, ""Ensemble-Inference"": 0.21245754914972537}",0.941,92,"{""3"": 18, ""2"": 17, ""0"": 31, ""1"": 26}",68617,5.91,143.22,24.22,1.5567,15.56,1,92,93
45,2026-01-25T18:08:42.313989,14.6,"{""Fast-Inference"": 0.4307021086736866, ""Standard-Inference"": 0.2041204874893374, ""Complex-Inference"": 0.1907812918950922, ""Ensemble-Inference"": 0.17439611194188395}",0.542,100,"{""3"": 17, ""1"": 19, ""2"": 23, ""0"": 41}",66678,6.23,147.31,23.64,1.4731,16.05,1,94,95
46,2026-01-25T18:08:54.122481,23.03,"{""Fast-Inference"": 0.3714263865633468, ""Standard-Inference"": 0.1972970403967794, ""Complex-Inference"": 0.20785961813974982, ""Ensemble-Inference"": 0.223416954900124}",0.728,100,"{""0"": 45, ""3"": 17, ""1"": 17, ""2"": 21}",66773,5.93,140.91,23.76,1.4091,16.86,1,96,97
47,2026-01-25T18:09:06.075014,8.27,"{""Fast-Inference"": 0.4253523878070148, ""Standard-Inference"": 0.19132417779292324, ""Complex-Inference"": 0.20665196340632966, ""Ensemble-Inference"": 0.17667147099373245}",0.675,94,"{""0"": 29, ""2"": 25, ""1"": 16, ""3"": 24}",69123,5.92,139.0,23.48,1.4787,15.88,1,98,99
48,2026-01-25T18:09:18.279629,17.51,"{""Fast-Inference"": 0.395795245907361, ""Standard-Inference"": 0.19723176822881477, ""Complex-Inference"": 0.18792309370377389, ""Ensemble-Inference"": 0.2190498921600503}",0.401,89,"{""0"": 38, ""1"": 15, ""3"": 25, ""2"": 11}",59732,6.21,143.96,23.17,1.6176,14.33,1,100,101
49,2026-01-25T18:09:30.342620,16.49,"{""Fast-Inference"": 0.39072407915437585, ""Standard-Inference"": 0.2355197531564273, ""Complex-Inference"": 0.1842933668891851, ""Ensemble-Inference"": 0.1894628008000118}",0.489,100,"{""3"": 29, ""1"": 14, ""0"": 38, ""2"": 19}",70543,6.24,148.12,23.73,1.4812,16.02,1,102,103
50,2026-01-25T18:09:42.142570,13.62,"{""Fast-Inference"": 0.4104785124758484, ""Standard-Inference"": 0.2129609111873863, ""Complex-Inference"": 0.21333244272856677, ""Ensemble-Inference"": 0.16322813360819846}",0.694,96,"{""0"": 37, ""1"": 22, ""3"": 12, ""2"": 25}",64189,5.92,141.0,23.8,1.4687,16.2,1,104,105
51,2026-01-25T18:09:54.083383,25.51,"{""Fast-Inference"": 0.3670872892740953, ""Standard-Inference"": 0.21505681701872756, ""Complex-Inference"": 0.21175572667855586, ""Ensemble-Inference"": 0.20610016702862127}",0.565,95,"{""3"": 24, ""1"": 15, ""0"": 33, ""2"": 23}",72884,5.92,141.03,23.82,1.4845,16.05,1,106,107
52,2026-01-25T18:10:06.310901,7.71,"{""Fast-Inference"": 0.4076336033162487, ""Standard-Inference"": 0.1904571405235755, ""Complex-Inference"": 0.22201783847028803, ""Ensemble-Inference"": 0.17989141768988784}",0.696,100,"{""3"": 18, ""0"": 43, ""2"": 26, ""1"": 13}",64497,6.23,146.26,23.47,1.4626,16.05,1,108,109
53,2026-01-25T18:10:18.119257,5.69,"{""Fast-Inference"": 0.37517196018874394, ""Standard-Inference"": 0.21970020861724218, ""Complex-Inference"": 0.19830995000497673, ""Ensemble-Inference"": 0.20681788118903724}",0.405,100,"{""3"": 22, ""0"": 33, ""2"": 21, ""1"": 24}",76200,5.93,139.34,23.5,1.3934,16.86,1,110,111
54,2026-01-25T18:10:30.094995,19.25,"{""Fast-Inference"": 0.43134893583882594, ""Standard-Inference"": 0.16719534529673463, ""Complex-Inference"": 0.21722062843258044, ""Ensemble-Inference"": 0.1842350904318589}",0.536,100,"{""2"": 24, ""0"": 35, ""3"": 19, ""1"": 22}",68288,5.93,135.91,22.92,1.3591,16.87,1,112,113
55,2026-01-25T18:10:42.355795,25.74,"{""Fast-Inference"": 0.4146729350888333, ""Standard-Inference"": 0.18363693135256523, ""Complex-Inference"": 0.2039279488532169, ""Ensemble-Inference"": 0.1977621847053846}",0.457,98,"{""3"": 25, ""2"": 20, ""0"": 39, ""1"": 14}",66155,6.23,146.61,23.52,1.4961,15.72,1,114,115
56,2026-01-25T18:10:54.143032,12.66,"{""Fast-Inference"": 0.4005535290360035, ""Standard-Inference"": 0.20604956266651128, ""Complex-Inference"": 0.18040592939968997, ""Ensemble-Inference"": 0.21299097889779525}",0.361,100,"{""2"": 19, ""3"": 30, ""0"": 36, ""1"": 15}",69455,5.94,142.03,23.93,1.4203,16.85,1,116,117
57,2026-01-25T18:11:06.089940,26.44,"{""Fast-Inference"": 0.40606046503027926, ""Standard-Inference"": 0.18282074913546442, ""Complex-Inference"": 0.19875133876059706, ""Ensemble-Inference"": 0.21236744707365915}",0.395,93,"{""0"": 38, ""1"": 17, ""3"": 20, ""2"": 18}",56986,5.92,140.37,23.71,1.5093,15.71,1,118,119
58,2026-01-25T18:11:18.303082,18.09,"{""Fast-Inference"": 0.4302160568887378, ""Standard-Inference"": 0.19700574149114827, ""Complex-Inference"": 0.18120926603109208, ""Ensemble-Inference"": 0.19156893558902197}",0.392,100,"{""0"": 47, ""3"": 20, ""2"": 14, ""1"": 19}",55057,6.23,145.29,23.31,1.4529,16.04,1,120,121
59,2026-01-25T18:11:30.071586,28.99,"{""Fast-Inference"": 0.3826252361398719, ""Standard-Inference"": 0.21460392080345164, ""Complex-Inference"": 0.21841981913489386, ""Ensemble-Inference"": 0.18435102392178263}",0.809,100,"{""0"": 47, ""3"": 19, ""2"": 19, ""1"": 15}",61505,5.93,143.89,24.26,1.4389,16.86,1,122,123
60,2026-01-25T18:11:42.346974,24.15,"{""Fast-Inference"": 0.39491411391247966, ""Standard-Inference"": 0.19871101238839378, ""Complex-Inference"": 0.2052936412765916, ""Ensemble-Inference"": 0.20108123242253484}",0.471,100,"{""1"": 20, ""0"": 39, ""3"": 22, ""2"": 19}",64951,6.23,149.31,23.95,1.4931,16.04,1,124,125
61,2026-01-25T18:11:54.123390,6.48,"{""Fast-Inference"": 0.39831378434860465, ""Standard-Inference"": 0.17438969473095142, ""Complex-Inference"": 0.21377008062258362, ""Ensemble-Inference"": 0.21352644029786047}",0.46,89,"{""0"": 33, ""2"": 17, ""3"": 25, ""1"": 14}",61885,5.91,144.31,24.41,1.6214,15.06,1,126,127
62,2026-01-25T18:12:06.339449,8.81,"{""Fast-Inference"": 0.3939420321723554, ""Standard-Inference"": 0.20307726748053628, ""Complex-Inference"": 0.21730795229594396, ""Ensemble-Inference"": 0.18567274805116443}",0.684,100,"{""2"": 15, ""1"": 23, ""3"": 21, ""0"": 41}",55813,6.23,148.15,23.76,1.4815,16.04,1,128,129
63,2026-01-25T18:12:18.131981,21.24,"{""Fast-Inference"": 0.3780938354520168, ""Standard-Inference"": 0.17760922150892322, ""Complex-Inference"": 0.21474568403845137, ""Ensemble-Inference"": 0.22955125900060858}",0.911,100,"{""2"": 20, ""3"": 21, ""1"": 18, ""0"": 41}",73538,5.93,142.66,24.07,1.4266,16.87,1,130,131
64,2026-01-25T18:12:30.247478,18.83,"{""Fast-Inference"": 0.43459094674412374, ""Standard-Inference"": 0.17024752218134226, ""Complex-Inference"": 0.175750110090733, ""Ensemble-Inference"": 0.21941142098380112}",0.485,99,"{""1"": 20, ""3"": 22, ""2"": 14, ""0"": 43}",63141,6.09,144.25,23.7,1.4571,16.26,1,132,133
65,2026-01-25T18:12:42.305867,17.51,"{""Fast-Inference"": 0.38096369614505865, ""Standard-Inference"": 0.21276226921471394, ""Complex-Inference"": 0.19605756043166456, ""Ensemble-Inference"": 0.2102164742085629}",0.946,100,"{""0"": 40, ""3"": 21, ""2"": 14, ""1"": 25}",64163,6.23,150.52,24.16,1.5052,16.05,1,134,135
66,2026-01-25T18:12:54.089788,18.56,"{""Fast-Inference"": 0.3920815016156007, ""Standard-Inference"": 0.17937368780794044, ""Complex-Inference"": 0.1963742709828618, ""Ensemble-Inference"": 0.2321705395935971}",0.649,86,"{""1"": 16, ""0"": 31, ""2"": 20, ""3"": 19}",57802,5.9,139.57,23.64,1.6229,14.57,1,136,137
67,2026-01-25T18:13:06.100971,11.54,"{""Fast-Inference"": 0.36172185552088437, ""Standard-Inference"": 0.1976350407992669, ""Complex-Inference"": 0.22843387566669116, ""Ensemble-Inference"": 0.21220922801315764}",0.882,86,"{""2"": 22, ""3"": 16, ""0"": 34, ""1"": 14}",64598,5.9,142.4,24.13,1.6558,14.57,1,138,139
68,2026-01-25T18:13:18.293061,16.32,"{""Fast-Inference"": 0.42277571417757415, ""Standard-Inference"": 0.18372586958171577, ""Complex-Inference"": 0.19644640891954668, ""Ensemble-Inference"": 0.19705200732116337}",0.852,91,"{""0"": 35, ""3"": 15, ""1"": 18, ""2"": 23}",59513,6.22,146.06,23.48,1.605,14.63,1,140,141
69,2026-01-25T18:13:30.358326,7.78,"{""Fast-Inference"": 0.3883079061721446, ""Standard-Inference"": 0.20916052471062938, ""Complex-Inference"": 0.21904381776608603, ""Ensemble-Inference"": 0.18348775135113998}",0.405,100,"{""0"": 35, ""3"": 25, ""2"": 18, ""1"": 22}",67475,6.24,148.45,23.81,1.4845,16.04,1,142,143
70,2026-01-25T18:13:42.288368,7.86,"{""Fast-Inference"": 0.3716953272438541, ""Standard-Inference"": 0.2298822878572723, ""Complex-Inference"": 0.214112732966705, ""Ensemble-Inference"": 0.1843096519321686}",0.542,92,"{""1"": 26, ""0"": 32, ""2"": 21, ""3"": 13}",58333,6.22,147.37,23.7,1.6018,14.8,1,144,145
71,2026-01-25T18:13:54.355837,28.14,"{""Fast-Inference"": 0.3982842371459677, ""Standard-Inference"": 0.19855968362083637, ""Complex-Inference"": 0.2162907131447746, ""Ensemble-Inference"": 0.18686536608842144}",0.514,100,"{""2"": 20, ""3"": 20, ""0"": 38, ""1"": 22}",69453,6.23,151.0,24.23,1.51,16.05,1,146,147
72,2026-01-25T18:14:06.297300,12.46,"{""Fast-Inference"": 0.4107907063388355, ""Standard-Inference"": 0.2127433075042054, ""Complex-Inference"": 0.18805704169567003, ""Ensemble-Inference"": 0.18840894446128914}",0.592,92,"{""1"": 20, ""3"": 22, ""0"": 31, ""2"": 19}",64979,6.22,147.88,23.79,1.6074,14.8,1,148,149
73,2026-01-25T18:14:18.349368,27.89,"{""Fast-Inference"": 0.40609258890570815, ""Standard-Inference"": 0.20055488795116685, ""Complex-Inference"": 0.2024189528883543, ""Ensemble-Inference"": 0.19093357025477076}",0.84,92,"{""0"": 42, ""2"": 18, ""3"": 10, ""1"": 22}",52069,6.22,145.57,23.4,1.5823,14.79,1,150,151
74,2026-01-25T18:14:30.107390,26.05,"{""Fast-Inference"": 0.3679950063148006, ""Standard-Inference"": 0.20729063096496067, ""Complex-Inference"": 0.22512360240581214, ""Ensemble-Inference"": 0.19959076031442657}",0.372,93,"{""0"": 34, ""3"": 17, ""2"": 19, ""1"": 23}",60261,5.91,142.75,24.14,1.535,15.73,1,152,153
75,2026-01-25T18:14:42.341800,29.17,"{""Fast-Inference"": 0.36815924919431325, ""Standard-Inference"": 0.20757964865671463, ""Complex-Inference"": 0.20373328610196742, ""Ensemble-Inference"": 0.2205278160470047}",0.633,100,"{""2"": 15, ""1"": 27, ""0"": 38, ""3"": 20}",68452,6.23,151.21,24.28,1.5121,16.05,1,154,155
76,2026-01-25T18:14:54.297544,17.31,"{""Fast-Inference"": 0.4141384440927385, ""Standard-Inference"": 0.217594841533455, ""Complex-Inference"": 0.17101889328417366, ""Ensemble-Inference"": 0.1972478210896329}",0.678,93,"{""2"": 15, ""0"": 35, ""3"": 19, ""1"": 24}",58483,6.22,149.51,24.04,1.6076,14.95,1,156,157
77,2026-01-25T18:15:06.370935,14.27,"{""Fast-Inference"": 0.4209657051780149, ""Standard-Inference"": 0.20253969678121872, ""Complex-Inference"": 0.1759038534912796, ""Ensemble-Inference"": 0.20059074454948683}",0.366,91,"{""2"": 14, ""1"": 20, ""3"": 21, ""0"": 36}",58353,6.22,147.72,23.74,1.6233,14.62,1,158,159
78,2026-01-25T18:15:18.108480,29.73,"{""Fast-Inference"": 0.3777484740858391, ""Standard-Inference"": 0.21130947699387362, ""Complex-Inference"": 0.20911691396697538, ""Ensemble-Inference"": 0.20182513495331184}",0.974,80,"{""2"": 11, ""0"": 38, ""1"": 23, ""3"": 8}",42134,5.9,139.01,23.58,1.7376,13.57,1,160,161
79,2026-01-25T18:15:30.081822,13.05,"{""Fast-Inference"": 0.3865114377203296, ""Standard-Inference"": 0.20541899864813354, ""Complex-Inference"": 0.18838546378886217, ""Ensemble-Inference"": 0.21968409984267473}",0.644,91,"{""3"": 24, ""2"": 16, ""1"": 15, ""0"": 36}",64778,5.91,138.84,23.49,1.5257,15.4,1,162,163
80,2026-01-25T18:15:42.309903,25.9,"{""Fast-Inference"": 0.3974702186985052, ""Standard-Inference"": 0.19739738161020967, ""Complex-Inference"": 0.1892221646926555, ""Ensemble-Inference"": 0.2159102349986296}",0.8,100,"{""2"": 21, ""3"": 12, ""0"": 39, ""1"": 28}",63105,6.23,148.32,23.82,1.4832,16.06,1,164,165
81,2026-01-25T18:15:54.115856,10.49,"{""Fast-Inference"": 0.3897415940132462, ""Standard-Inference"": 0.21889550188542672, ""Complex-Inference"": 0.21614913063794922, ""Ensemble-Inference"": 0.1752137734633779}",0.982,100,"{""2"": 19, ""0"": 38, ""3"": 23, ""1"": 20}",67366,5.92,142.2,24.0,1.422,16.88,1,166,167
82,2026-01-25T18:16:06.220967,18.63,"{""Fast-Inference"": 0.4025163684036592, ""Standard-Inference"": 0.2055072918946301, ""Complex-Inference"": 0.20605769658913148, ""Ensemble-Inference"": 0.18591864311257936}",0.739,82,"{""3"": 16, ""0"": 36, ""1"": 14, ""2"": 16}",60668,5.9,140.56,23.83,1.7142,13.9,1,168,169
83,2026-01-25T18:16:18.351038,28.15,"{""Fast-Inference"": 0.35844820845123215, ""Standard-Inference"": 0.20929104963738523, ""Complex-Inference"": 0.2103775168350969, ""Ensemble-Inference"": 0.2218832250762857}",0.576,90,"{""3"": 20, ""2"": 25, ""1"": 14, ""0"": 31}",59893,6.21,146.16,23.54,1.624,14.49,1,170,171
84,2026-01-25T18:16:30.127167,6.09,"{""Fast-Inference"": 0.3788752969124961, ""Standard-Inference"": 0.1987645233722479, ""Complex-Inference"": 0.2035538827449351, ""Ensemble-Inference"": 0.21880629697032097}",0.793,100,"{""0"": 37, ""3"": 23, ""1"": 18, ""2"": 22}",72817,5.93,139.99,23.61,1.3999,16.87,1,172,173
85,2026-01-25T18:16:42.071961,21.89,"{""Fast-Inference"": 0.4026092545235739, ""Standard-Inference"": 0.19524416527086352, ""Complex-Inference"": 0.1916626436680754, ""Ensemble-Inference"": 0.21048393653748715}",0.427,83,"{""0"": 29, ""3"": 21, ""1"": 23, ""2"": 10}",54365,5.9,140.75,23.87,1.6958,14.08,1,174,175
86,2026-01-25T18:16:54.090536,16.37,"{""Fast-Inference"": 0.41181057611440997, ""Standard-Inference"": 0.2079752878831804, ""Complex-Inference"": 0.17327622296027947, ""Ensemble-Inference"": 0.20693791304213024}",0.94,100,"{""3"": 21, ""0"": 41, ""1"": 23, ""2"": 15}",63737,5.93,143.24,24.15,1.4324,16.86,1,176,177
87,2026-01-25T18:17:06.322746,26.69,"{""Fast-Inference"": 0.41358680560838285, ""Standard-Inference"": 0.20587946908400212, ""Complex-Inference"": 0.20028997147816044, ""Ensemble-Inference"": 0.18024375382945462}",0.755,84,"{""2"": 24, ""0"": 34, ""3"": 14, ""1"": 12}",57006,6.2,147.4,23.76,1.7548,13.54,1,178,179
88,2026-01-25T18:17:18.354363,13.37,"{""Fast-Inference"": 0.37484595996412573, ""Standard-Inference"": 0.21971911690649645, ""Complex-Inference"": 0.18752128933484444, ""Ensemble-Inference"": 0.2179136337945334}",0.855,100,"{""2"": 21, ""1"": 20, ""0"": 35, ""3"": 24}",72311,6.23,149.13,23.93,1.4913,16.05,1,180,181
89,2026-01-25T18:17:30.331588,18.47,"{""Fast-Inference"": 0.39919072699950686, ""Standard-Inference"": 0.20646130559409404, ""Complex-Inference"": 0.19418839874277255, ""Ensemble-Inference"": 0.20015956866362652}",0.322,100,"{""1"": 30, ""0"": 31, ""2"": 25, ""3"": 14}",61071,6.23,150.35,24.13,1.5035,16.05,1,182,183
90,2026-01-25T18:17:42.117348,20.17,"{""Fast-Inference"": 0.398479138436363, ""Standard-Inference"": 0.1945959812298648, ""Complex-Inference"": 0.20686194737749564, ""Ensemble-Inference"": 0.20006293295627656}",0.338,93,"{""0"": 31, ""2"": 15, ""3"": 26, ""1"": 21}",62581,5.92,145.68,24.62,1.5665,15.72,1,184,185
91,2026-01-25T18:17:54.348046,21.98,"{""Fast-Inference"": 0.4235479216321253, ""Standard-Inference"": 0.1966030472583486, ""Complex-Inference"": 0.1809685246049464, ""Ensemble-Inference"": 0.19888050650457975}",0.317,91,"{""2"": 15, ""3"": 10, ""0"": 45, ""1"": 21}",43214,6.22,146.49,23.56,1.6098,14.64,1,186,187
92,2026-01-25T18:18:06.082806,27.61,"{""Fast-Inference"": 0.3583181708094087, ""Standard-Inference"": 0.23149227325284322, ""Complex-Inference"": 0.21281223034421792, ""Ensemble-Inference"": 0.19737732559353016}",0.38,90,"{""1"": 27, ""0"": 28, ""3"": 13, ""2"": 22}",53151,5.92,141.61,23.94,1.5735,15.21,1,188,189
93,2026-01-25T18:18:18.309445,5.84,"{""Fast-Inference"": 0.3756558041534007, ""Standard-Inference"": 0.200952127756769, ""Complex-Inference"": 0.22829102878879778, ""Ensemble-Inference"": 0.19510103930103248}",0.462,100,"{""3"": 26, ""0"": 41, ""1"": 18, ""2"": 15}",68054,6.23,151.85,24.36,1.5185,16.04,1,190,191
94,2026-01-25T18:18:30.076036,10.1,"{""Fast-Inference"": 0.41969424783226567, ""Standard-Inference"": 0.17318589774401094, ""Complex-Inference"": 0.22556469379682284, ""Ensemble-Inference"": 0.1815551606269006}",0.413,80,"{""0"": 31, ""2"": 23, ""3"": 15, ""1"": 11}",51789,5.9,140.19,23.77,1.7524,13.57,1,192,193
95,2026-01-25T18:18:42.363880,24.86,"{""Fast-Inference"": 0.3949900246605336, ""Standard-Inference"": 0.19091109670655587, ""Complex-Inference"": 0.19179938110601155, ""Ensemble-Inference"": 0.22229949752689881}",0.944,89,"{""0"": 39, ""1"": 18, ""2"": 22, ""3"": 10}",62053,6.21,148.1,23.84,1.664,14.33,1,194,195
96,2026-01-25T18:18:54.100430,5.78,"{""Fast-Inference"": 0.4058757891550916, ""Standard-Inference"": 0.21422373272362785, ""Complex-Inference"": 0.18909381217015672, ""Ensemble-Inference"": 0.19080666595112383}",0.445,86,"{""3"": 17, ""1"": 16, ""0"": 37, ""2"": 16}",51090,5.91,139.23,23.57,1.6189,14.56,1,196,197
97,2026-01-25T18:19:06.134483,24.6,"{""Fast-Inference"": 0.363317749529784, ""Standard-Inference"": 0.23074386863604573, ""Complex-Inference"": 0.19445061526552634, ""Ensemble-Inference"": 0.21148776656864388}",0.784,100,"{""0"": 32, ""1"": 22, ""3"": 27, ""2"": 19}",88224,5.93,138.87,23.42,1.3887,16.86,1,198,199
98,2026-01-25T18:19:18.100085,21.72,"{""Fast-Inference"": 0.3920898619476922, ""Standard-Inference"": 0.215405224092327, ""Complex-Inference"": 0.2072406883139174, ""Ensemble-Inference"": 0.18526422564606343}",0.567,99,"{""0"": 35, ""1"": 24, ""2"": 22, ""3"": 18}",68025,5.93,140.06,23.63,1.4147,16.7,1,200,201
99,2026-01-25T18:19:30.342730,5.26,"{""Fast-Inference"": 0.42596486753578783, ""Standard-Inference"": 0.17898936776868396, ""Complex-Inference"": 0.19987643703653318, ""Ensemble-Inference"": 0.19516932765899517}",0.684,89,"{""3"": 14, ""2"": 14, ""1"": 12, ""0"": 49}",47517,6.22,149.13,23.99,1.6756,14.32,1,202,203
100,2026-01-25T18:19:42.081319,16.08,"{""Fast-Inference"": 0.36486202095433434, ""Standard-Inference"": 0.21145756048365624, ""Complex-Inference"": 0.22661326699632103, ""Ensemble-Inference"": 0.19706715156568846}",0.813,100,"{""0"": 40, ""2"": 22, ""1"": 14, ""3"": 24}",70442,5.93,143.41,24.19,1.4341,16.86,1,204,205
101,2026-01-25T18:19:54.330684,26.29,"{""Fast-Inference"": 0.4079439329364924, ""Standard-Inference"": 0.19163995049407603, ""Complex-Inference"": 0.18187922537417428, ""Ensemble-Inference"": 0.21853689119525735}",0.693,91,"{""0"": 36, ""1"": 19, ""3"": 20, ""2"": 16}",61171,6.22,147.16,23.67,1.6171,14.64,1,206,207
102,2026-01-25T18:20:06.073924,26.2,"{""Fast-Inference"": 0.4235164520279891, ""Standard-Inference"": 0.17687345365492402, ""Complex-Inference"": 0.19671009231321063, ""Ensemble-Inference"": 0.20290000200387623}",0.311,95,"{""3"": 14, ""0"": 50, ""1"": 17, ""2"": 14}",50372,5.92,139.6,23.58,1.4695,16.04,1,208,209
103,2026-01-25T18:20:18.275917,17.54,"{""Fast-Inference"": 0.414925017832194, ""Standard-Inference"": 0.21053217346024183, ""Complex-Inference"": 0.20649762932573051, ""Ensemble-Inference"": 0.1680451793818338}",0.93,80,"{""2"": 15, ""0"": 32, ""3"": 11, ""1"": 22}",50967,6.2,145.27,23.43,1.8159,12.9,1,210,211
104,2026-01-25T18:20:30.123828,25.67,"{""Fast-Inference"": 0.4213344831720936, ""Standard-Inference"": 0.19151014278158676, ""Complex-Inference"": 0.1996142629567206, ""Ensemble-Inference"": 0.1875411110895991}",0.584,100,"{""2"": 18, ""0"": 42, ""3"": 20, ""1"": 20}",64745,5.93,146.95,24.78,1.4695,16.87,1,212,213
105,2026-01-25T18:20:42.092407,23.65,"{""Fast-Inference"": 0.4294913700001717, ""Standard-Inference"": 0.18391524895629974, ""Complex-Inference"": 0.1914015866926494, ""Ensemble-Inference"": 0.19519179435087905}",0.514,100,"{""3"": 22, ""0"": 45, ""2"": 20, ""1"": 13}",67788,5.93,144.64,24.4,1.4464,16.87,1,214,215
106,2026-01-25T18:20:54.344305,8.93,"{""Fast-Inference"": 0.3954204812397045, ""Standard-Inference"": 0.19855764523971423, ""Complex-Inference"": 0.19532656438976723, ""Ensemble-Inference"": 0.210695309130814}",0.657,82,"{""3"": 20, ""0"": 29, ""1"": 17, ""2"": 16}",62368,6.2,146.02,23.55,1.7808,13.23,1,216,217
107,2026-01-25T18:21:06.368958,20.51,"{""Fast-Inference"": 0.42176368477182286, ""Standard-Inference"": 0.17814045713401666, ""Complex-Inference"": 0.181653238653035, ""Ensemble-Inference"": 0.2184426194411255}",0.355,100,"{""1"": 23, ""2"": 20, ""0"": 45, ""3"": 12}",52764,6.24,147.23,23.61,1.4723,16.04,1,218,219
108,2026-01-25T18:21:18.336546,22.14,"{""Fast-Inference"": 0.4167860122105673, ""Standard-Inference"": 0.19553673728601614, ""Complex-Inference"": 0.19076059803196754, ""Ensemble-Inference"": 0.19691665247144893}",0.89,100,"{""1"": 21, ""2"": 20, ""3"": 24, ""0"": 35}",73224,6.24,146.78,23.53,1.4678,16.03,1,220,221
109,2026-01-25T18:21:30.145031,20.94,"{""Fast-Inference"": 0.37937531604498304, ""Standard-Inference"": 0.21202360582145183, ""Complex-Inference"": 0.19210463828229926, ""Ensemble-Inference"": 0.21649643985126593}",0.98,100,"{""0"": 37, ""3"": 18, ""1"": 26, ""2"": 19}",62118,5.93,140.97,23.77,1.4097,16.86,1,222,223
110,2026-01-25T18:21:42.124908,7.96,"{""Fast-Inference"": 0.37060768324631016, ""Standard-Inference"": 0.2193693768411202, ""Complex-Inference"": 0.22317264648464774, ""Ensemble-Inference"": 0.18685029342792203}",0.417,100,"{""1"": 22, ""0"": 37, ""3"": 23, ""2"": 18}",70542,5.93,144.73,24.42,1.4473,16.87,1,224,225
111,2026-01-25T18:21:54.365582,18.48,"{""Fast-Inference"": 0.41723186931484824, ""Standard-Inference"": 0.1919739397091883, ""Complex-Inference"": 0.1826015896157166, ""Ensemble-Inference"": 0.20819260136024692}",0.536,88,"{""3"": 17, ""0"": 33, ""2"": 18, ""1"": 20}",56430,6.21,149.71,24.11,1.7012,14.17,1,226,227
112,2026-01-25T18:22:06.107504,9.21,"{""Fast-Inference"": 0.36377494046828684, ""Standard-Inference"": 0.2104057671763062, ""Complex-Inference"": 0.18488695721658688, ""Ensemble-Inference"": 0.24093233513882006}",0.683,90,"{""2"": 19, ""3"": 17, ""0"": 31, ""1"": 23}",59921,5.91,147.33,24.92,1.637,15.22,1,228,229
113,2026-01-25T18:22:18.311272,18.26,"{""Fast-Inference"": 0.44016979892340774, ""Standard-Inference"": 0.1809983975550467, ""Complex-Inference"": 0.2101505268468081, ""Ensemble-Inference"": 0.1686812766747376}",0.63,96,"{""1"": 14, ""0"": 43, ""2"": 24, ""3"": 15}",66193,6.23,146.73,23.56,1.5285,15.41,1,230,231
114,2026-01-25T18:22:30.092336,5.8,"{""Fast-Inference"": 0.4288162427155675, ""Standard-Inference"": 0.19135656284668154, ""Complex-Inference"": 0.20830084079541614, ""Ensemble-Inference"": 0.1715263536423347}",0.881,100,"{""0"": 38, ""2"": 25, ""3"": 20, ""1"": 17}",70148,5.93,140.18,23.64,1.4018,16.87,1,232,233
115,2026-01-25T18:22:42.351285,19.9,"{""Fast-Inference"": 0.40505440645951385, ""Standard-Inference"": 0.20778864661514881, ""Complex-Inference"": 0.18057430614059972, ""Ensemble-Inference"": 0.20658264078473756}",0.679,100,"{""1"": 21, ""0"": 43, ""2"": 16, ""3"": 20}",62128,6.23,147.29,23.64,1.4729,16.05,1,234,235
116,2026-01-25T18:22:54.284378,23.38,"{""Fast-Inference"": 0.3795945213143022, ""Standard-Inference"": 0.22389914332101507, ""Complex-Inference"": 0.1951591208333222, ""Ensemble-Inference"": 0.2013472145313606}",0.724,95,"{""3"": 17, ""2"": 20, ""1"": 25, ""0"": 33}",63520,6.22,146.27,23.51,1.5397,15.27,1,236,237
117,2026-01-25T18:23:06.236285,13.65,"{""Fast-Inference"": 0.3685498508976658, ""Standard-Inference"": 0.20080994569452723, ""Complex-Inference"": 0.21715801909926, ""Ensemble-Inference"": 0.2134821843085471}",0.696,96,"{""3"": 27, ""1"": 17, ""0"": 38, ""2"": 14}",66686,6.08,144.62,23.77,1.5064,15.78,1,238,239
118,2026-01-25T18:23:18.136063,17.78,"{""Fast-Inference"": 0.42335901350417265, ""Standard-Inference"": 0.18665147844356064, ""Complex-Inference"": 0.20706138516573183, ""Ensemble-Inference"": 0.18292812288653473}",0.351,100,"{""3"": 24, ""0"": 43, ""2"": 17, ""1"": 16}",62442,5.93,141.27,23.84,1.4127,16.87,1,240,241
119,2026-01-25T18:23:30.106278,20.98,"{""Fast-Inference"": 0.41826220235604183, ""Standard-Inference"": 0.19272930695754403, ""Complex-Inference"": 0.2040419551292655, ""Ensemble-Inference"": 0.1849665355571486}",0.926,100,"{""0"": 43, ""2"": 20, ""3"": 20, ""1"": 17}",68742,5.93,147.82,24.94,1.4782,16.87,1,242,243
120,2026-01-25T18:23:42.365207,22.12,"{""Fast-Inference"": 0.4096691145130997, ""Standard-Inference"": 0.16561717362964512, ""Complex-Inference"": 0.20907617828330616, ""Ensemble-Inference"": 0.21563753357394908}",0.802,97,"{""2"": 27, ""3"": 21, ""0"": 37, ""1"": 12}",68582,6.23,149.87,24.06,1.545,15.57,1,244,245
121,2026-01-25T18:23:54.299435,13.8,"{""Fast-Inference"": 0.37558762978385274, ""Standard-Inference"": 0.20562245311926175, ""Complex-Inference"": 0.19549742250306926, ""Ensemble-Inference"": 0.22329249459381625}",0.383,100,"{""2"": 25, ""0"": 33, ""3"": 23, ""1"": 19}",70657,6.23,148.67,23.86,1.4867,16.05,1,246,247
122,2026-01-25T18:24:06.274206,9.87,"{""Fast-Inference"": 0.4164120445513254, ""Standard-Inference"": 0.172389127879398, ""Complex-Inference"": 0.20311378323156837, ""Ensemble-Inference"": 0.2080850443377083}",0.605,100,"{""2"": 24, ""0"": 40, ""1"": 18, ""3"": 18}",65340,5.92,142.64,24.08,1.4264,16.88,1,248,249
123,2026-01-25T18:24:18.333782,24.58,"{""Fast-Inference"": 0.34960102226032613, ""Standard-Inference"": 0.20163188899168313, ""Complex-Inference"": 0.2347493294594654, ""Ensemble-Inference"": 0.2140177592885254}",0.369,100,"{""2"": 27, ""1"": 21, ""0"": 33, ""3"": 19}",67572,6.23,147.85,23.74,1.4785,16.05,1,250,251
124,2026-01-25T18:24:30.287850,11.04,"{""Fast-Inference"": 0.39706492459054016, ""Standard-Inference"": 0.1845484869705375, ""Complex-Inference"": 0.21051745245728623, ""Ensemble-Inference"": 0.20786913598163595}",0.939,95,"{""0"": 30, ""2"": 25, ""3"": 22, ""1"": 18}",69078,6.23,151.68,24.36,1.5966,15.26,1,252,253
125,2026-01-25T18:24:42.240325,26.29,"{""Fast-Inference"": 0.40827877447086225, ""Standard-Inference"": 0.19226221086140027, ""Complex-Inference"": 0.19088094867584565, ""Ensemble-Inference"": 0.20857806599189196}",0.793,96,"{""1"": 19, ""2"": 19, ""0"": 34, ""3"": 24}",69483,6.11,146.42,23.97,1.5252,15.71,1,254,255
126,2026-01-25T18:24:54.150460,12.09,"{""Fast-Inference"": 0.4256853302219202, ""Standard-Inference"": 0.18866981222825682, ""Complex-Inference"": 0.21832637750391823, ""Ensemble-Inference"": 0.16731848004590477}",0.7,100,"{""1"": 23, ""2"": 27, ""0"": 37, ""3"": 13}",64050,5.93,140.27,23.65,1.4027,16.86,1,256,257
127,2026-01-25T18:25:06.119586,27.02,"{""Fast-Inference"": 0.3979247820539567, ""Standard-Inference"": 0.18817289832255363, ""Complex-Inference"": 0.20403676077782987, ""Ensemble-Inference"": 0.20986555884565966}",0.911,94,"{""3"": 21, ""0"": 38, ""2"": 15, ""1"": 20}",65463,5.92,141.02,23.82,1.5002,15.88,1,258,259
128,2026-01-25T18:25:18.371459,5.77,"{""Fast-Inference"": 0.39531502473665364, ""Standard-Inference"": 0.18621038330349599, ""Complex-Inference"": 0.22831317335746176, ""Ensemble-Inference"": 0.1901614186023886}",0.498,100,"{""0"": 40, ""3"": 17, ""2"": 24, ""1"": 19}",63288,6.24,144.59,23.16,1.4459,16.02,1,260,261
129,2026-01-25T18:25:30.288152,20.67,"{""Fast-Inference"": 0.3798644736686163, ""Standard-Inference"": 0.21978836532494664, ""Complex-Inference"": 0.1889512480671904, ""Ensemble-Inference"": 0.2113959129392467}",0.532,80,"{""0"": 26, ""2"": 16, ""1"": 21, ""3"": 17}",57258,6.2,146.73,23.66,1.8342,12.9,1,262,263
130,2026-01-25T18:25:42.308183,7.08,"{""Fast-Inference"": 0.4106070382816502, ""Standard-Inference"": 0.18939653547276208, ""Complex-Inference"": 0.2091474938323305, ""Ensemble-Inference"": 0.19084893241325723}",0.588,100,"{""3"": 24, ""0"": 36, ""1"": 18, ""2"": 22}",69753,6.23,149.51,23.98,1.4951,16.04,1,264,265
131,2026-01-25T18:25:54.338159,25.52,"{""Fast-Inference"": 0.40288653215065245, ""Standard-Inference"": 0.208106494086411, ""Complex-Inference"": 0.20736373687944654, ""Ensemble-Inference"": 0.18164323688349007}",0.556,100,"{""2"": 22, ""1"": 22, ""0"": 35, ""3"": 21}",69976,6.23,147.68,23.69,1.4768,16.04,1,266,267
132,2026-01-25T18:26:06.278594,21.26,"{""Fast-Inference"": 0.3982173881788181, ""Standard-Inference"": 0.21179473598554976, ""Complex-Inference"": 0.1964879438341978, ""Ensemble-Inference"": 0.19349993200143428}",0.306,83,"{""1"": 18, ""3"": 14, ""0"": 30, ""2"": 21}",51534,6.2,143.46,23.13,1.7284,13.38,1,268,269
133,2026-01-25T18:26:18.297078,15.38,"{""Fast-Inference"": 0.4110256318123465, ""Standard-Inference"": 0.20056960961262196, ""Complex-Inference"": 0.18113617452339584, ""Ensemble-Inference"": 0.20726858405163584}",0.481,93,"{""0"": 35, ""2"": 21, ""1"": 19, ""3"": 18}",61207,6.23,145.82,23.42,1.568,14.94,1,270,271
134,2026-01-25T18:26:30.338755,24.6,"{""Fast-Inference"": 0.40319480230181226, ""Standard-Inference"": 0.17801069395876018, ""Complex-Inference"": 0.20462453100661457, ""Ensemble-Inference"": 0.21416997273281307}",0.901,92,"{""0"": 42, ""2"": 18, ""3"": 18, ""1"": 14}",57954,6.22,152.35,24.5,1.656,14.79,1,272,273
135,2026-01-25T18:26:42.108748,28.23,"{""Fast-Inference"": 0.37272121452775103, ""Standard-Inference"": 0.20732492632374042, ""Complex-Inference"": 0.20035202682968864, ""Ensemble-Inference"": 0.21960183231881986}",0.685,100,"{""3"": 18, ""0"": 42, ""2"": 22, ""1"": 18}",61673,5.93,146.38,24.7,1.4638,16.87,1,274,275
136,2026-01-25T18:26:54.368831,11.59,"{""Fast-Inference"": 0.42476035469401474, ""Standard-Inference"": 0.17680730752250443, ""Complex-Inference"": 0.18928329528400228, ""Ensemble-Inference"": 0.20914904249947858}",0.851,100,"{""0"": 41, ""3"": 17, ""2"": 20, ""1"": 22}",63389,6.23,150.08,24.09,1.5008,16.05,1,276,277
137,2026-01-25T18:27:06.331985,28.03,"{""Fast-Inference"": 0.3998495585936689, ""Standard-Inference"": 0.18367299186963343, ""Complex-Inference"": 0.21942421705314544, ""Ensemble-Inference"": 0.19705323248355225}",0.614,100,"{""2"": 20, ""0"": 52, ""1"": 17, ""3"": 11}",48357,6.24,150.33,24.1,1.5033,16.03,1,278,279
138,2026-01-25T18:27:18.142596,29.21,"{""Fast-Inference"": 0.397973613802578, ""Standard-Inference"": 0.18389983048666714, ""Complex-Inference"": 0.2046413176381174, ""Ensemble-Inference"": 0.21348523807263745}",0.765,100,"{""0"": 27, ""2"": 15, ""1"": 29, ""3"": 29}",76668,5.93,139.57,23.54,1.3957,16.87,1,280,281
139,2026-01-25T18:27:30.253456,18.22,"{""Fast-Inference"": 0.3500573714253128, ""Standard-Inference"": 0.21964394671637097, ""Complex-Inference"": 0.21384226830784164, ""Ensemble-Inference"": 0.21645641355047465}",0.778,100,"{""0"": 40, ""2"": 16, ""1"": 20, ""3"": 24}",68960,5.93,139.88,23.6,1.3988,16.87,1,282,283
140,2026-01-25T18:27:42.226440,19.72,"{""Fast-Inference"": 0.4149240309757351, ""Standard-Inference"": 0.20968975500215634, ""Complex-Inference"": 0.16600624764129543, ""Ensemble-Inference"": 0.20937996638081316}",0.528,98,"{""0"": 44, ""2"": 15, ""1"": 20, ""3"": 19}",56506,5.92,139.99,23.63,1.4285,16.54,1,284,285
141,2026-01-25T18:27:54.328446,15.99,"{""Fast-Inference"": 0.39853382284909766, ""Standard-Inference"": 0.20832470161287225, ""Complex-Inference"": 0.2111508243203189, ""Ensemble-Inference"": 0.18199065121771107}",0.988,100,"{""2"": 21, ""3"": 19, ""1"": 29, ""0"": 31}",60765,6.23,148.03,23.75,1.4803,16.04,1,286,287
142,2026-01-25T18:28:06.283791,8.8,"{""Fast-Inference"": 0.3881200626095207, ""Standard-Inference"": 0.20886168153499923, ""Complex-Inference"": 0.1883777452235135, ""Ensemble-Inference"": 0.21464051063196654}",0.409,100,"{""1"": 27, ""0"": 35, ""3"": 22, ""2"": 16}",57686,5.93,141.49,23.86,1.4149,16.86,1,288,289
143,2026-01-25T18:28:18.368412,14.97,"{""Fast-Inference"": 0.39656451259838865, ""Standard-Inference"": 0.22022215259312808, ""Complex-Inference"": 0.17708475527030487, ""Ensemble-Inference"": 0.2061285795381783}",0.499,88,"{""2"": 15, ""3"": 18, ""1"": 23, ""0"": 32}",58620,6.21,149.86,24.11,1.703,14.16,1,290,291
144,2026-01-25T18:28:30.132998,12.02,"{""Fast-Inference"": 0.4503486218733369, ""Standard-Inference"": 0.17267145928272962, ""Complex-Inference"": 0.17570915958276528, ""Ensemble-Inference"": 0.2012707592611682}",0.923,100,"{""1"": 21, ""0"": 47, ""2"": 13, ""3"": 19}",59425,5.93,141.22,23.83,1.4122,16.87,1,292,293
145,2026-01-25T18:28:42.078106,23.92,"{""Fast-Inference"": 0.40838909811744417, ""Standard-Inference"": 0.20109191973120927, ""Complex-Inference"": 0.20067914960428657, ""Ensemble-Inference"": 0.18983983254705997}",0.754,95,"{""3"": 25, ""0"": 32, ""2"": 20, ""1"": 18}",69618,5.92,143.3,24.19,1.5084,16.04,1,294,295
146,2026-01-25T18:28:54.301184,19.14,"{""Fast-Inference"": 0.3890434288626393, ""Standard-Inference"": 0.22417012332349845, ""Complex-Inference"": 0.18429048381836446, ""Ensemble-Inference"": 0.20249596399549777}",0.794,100,"{""0"": 37, ""1"": 29, ""3"": 18, ""2"": 16}",62609,6.23,147.25,23.62,1.4725,16.04,1,296,297
147,2026-01-25T18:29:06.262624,6.04,"{""Fast-Inference"": 0.3946271970197515, ""Standard-Inference"": 0.2140033301358841, ""Complex-Inference"": 0.19474321443442544, ""Ensemble-Inference"": 0.19662625840993897}",0.566,99,"{""2"": 15, ""0"": 46, ""3"": 20, ""1"": 18}",64689,6.1,144.64,23.73,1.461,16.24,1,298,299
148,2026-01-25T18:29:18.327675,6.76,"{""Fast-Inference"": 0.4348860567584874, ""Standard-Inference"": 0.19738857543111776, ""Complex-Inference"": 0.19115769400484134, ""Ensemble-Inference"": 0.1765676738055536}",0.808,100,"{""0"": 40, ""2"": 21, ""1"": 17, ""3"": 22}",62472,6.24,155.99,25.01,1.5599,16.04,1,300,301
149,2026-01-25T18:29:30.139153,22.92,"{""Fast-Inference"": 0.37096212537962475, ""Standard-Inference"": 0.21561905474041637, ""Complex-Inference"": 0.21740437633260856, ""Ensemble-Inference"": 0.19601444354735034}",0.352,99,"{""1"": 23, ""3"": 19, ""2"": 19, ""0"": 38}",59484,5.93,151.24,25.52,1.5277,16.71,1,302,303
150,2026-01-25T18:29:42.096033,20.43,"{""Fast-Inference"": 0.4033126960729826, ""Standard-Inference"": 0.20887847810231241, ""Complex-Inference"": 0.18033641017824478, ""Ensemble-Inference"": 0.2074724156464603}",0.916,100,"{""3"": 14, ""0"": 41, ""2"": 21, ""1"": 24}",65010,5.93,139.68,23.57,1.3968,16.88,1,304,305
151,2026-01-25T18:29:54.077779,15.71,"{""Fast-Inference"": 0.39701191324670837, ""Standard-Inference"": 0.17356354641052427, ""Complex-Inference"": 0.2171391030018327, ""Ensemble-Inference"": 0.21228543734093472}",0.874,100,"{""0"": 38, ""1"": 22, ""2"": 21, ""3"": 19}",65918,5.93,139.93,23.6,1.3993,16.87,1,306,307
152,2026-01-25T18:30:06.341306,24.6,"{""Fast-Inference"": 0.38277642182117066, ""Standard-Inference"": 0.21894064982298234, ""Complex-Inference"": 0.2004049188663881, ""Ensemble-Inference"": 0.197878009489459}",0.869,100,"{""0"": 40, ""1"": 23, ""3"": 16, ""2"": 21}",59837,6.23,147.1,23.6,1.471,16.05,1,308,309
153,2026-01-25T18:30:18.131873,6.6,"{""Fast-Inference"": 0.4008663301344051, ""Standard-Inference"": 0.19920111661655684, ""Complex-Inference"": 0.19351895855639897, ""Ensemble-Inference"": 0.20641359469263915}",0.355,100,"{""2"": 19, ""3"": 23, ""0"": 37, ""1"": 21}",64537,5.93,140.81,23.75,1.4081,16.87,1,310,311
154,2026-01-25T18:30:30.099859,28.78,"{""Fast-Inference"": 0.4104194702855009, ""Standard-Inference"": 0.21220669064297487, ""Complex-Inference"": 0.19709083623130622, ""Ensemble-Inference"": 0.18028300284021798}",0.748,100,"{""3"": 18, ""1"": 12, ""2"": 21, ""0"": 49}",62372,5.93,143.16,24.15,1.4316,16.87,1,312,313
155,2026-01-25T18:30:42.355100,18.15,"{""Fast-Inference"": 0.378644238031942, ""Standard-Inference"": 0.19303957240247535, ""Complex-Inference"": 0.22199452934460934, ""Ensemble-Inference"": 0.20632166022097317}",0.939,100,"{""2"": 22, ""3"": 23, ""0"": 37, ""1"": 18}",75366,6.24,152.89,24.52,1.5289,16.04,1,314,315
156,2026-01-25T18:30:54.301874,24.65,"{""Fast-Inference"": 0.40251844166712425, ""Standard-Inference"": 0.2209848581292726, ""Complex-Inference"": 0.19400156067011393, ""Ensemble-Inference"": 0.18249513953348917}",0.66,100,"{""3"": 16, ""2"": 20, ""1"": 24, ""0"": 40}",64543,6.23,148.33,23.81,1.4833,16.06,1,316,317
157,2026-01-25T18:31:06.114043,21.42,"{""Fast-Inference"": 0.40256923062299477, ""Standard-Inference"": 0.18458268361717842, ""Complex-Inference"": 0.23411309603911565, ""Ensemble-Inference"": 0.1787349897207112}",0.926,100,"{""0"": 43, ""3"": 19, ""1"": 12, ""2"": 26}",69036,5.93,138.1,23.31,1.381,16.88,1,318,319
158,2026-01-25T18:31:18.348962,11.38,"{""Fast-Inference"": 0.3809716070635618, ""Standard-Inference"": 0.21214335396232814, ""Complex-Inference"": 0.2243880264512814, ""Ensemble-Inference"": 0.18249701252282874}",0.387,100,"{""3"": 17, ""2"": 29, ""0"": 34, ""1"": 20}",68575,6.23,147.81,23.73,1.4781,16.05,1,320,321
159,2026-01-25T18:31:30.128896,11.68,"{""Fast-Inference"": 0.3748817720718593, ""Standard-Inference"": 0.198528754053447, ""Complex-Inference"": 0.20355814687087642, ""Ensemble-Inference"": 0.2230313270038172}",0.425,90,"{""2"": 17, ""1"": 20, ""3"": 24, ""0"": 29}",64008,5.91,138.19,23.37,1.5354,15.22,1,322,323
160,2026-01-25T18:31:42.358464,23.39,"{""Fast-Inference"": 0.37146633358424236, ""Standard-Inference"": 0.19471389946846127, ""Complex-Inference"": 0.23881214698237474, ""Ensemble-Inference"": 0.19500761996492166}",0.661,89,"{""1"": 19, ""0"": 35, ""2"": 17, ""3"": 18}",65042,6.22,149.66,24.07,1.6816,14.32,1,324,325
161,2026-01-25T18:31:54.093118,27.36,"{""Fast-Inference"": 0.37723263032681237, ""Standard-Inference"": 0.22748219014961213, ""Complex-Inference"": 0.2204676417972842, ""Ensemble-Inference"": 0.17481753772629127}",0.974,100,"{""3"": 19, ""2"": 26, ""0"": 36, ""1"": 19}",73731,5.93,146.42,24.69,1.4642,16.86,1,326,327
162,2026-01-25T18:32:06.372384,16.62,"{""Fast-Inference"": 0.4166269858909289, ""Standard-Inference"": 0.18142474512941015, ""Complex-Inference"": 0.1937526504864126, ""Ensemble-Inference"": 0.2081956184932485}",0.726,95,"{""2"": 17, ""0"": 44, ""3"": 23, ""1"": 11}",65521,6.23,150.37,24.15,1.5828,15.26,1,328,329
163,2026-01-25T18:32:18.129722,17.49,"{""Fast-Inference"": 0.4038980164122615, ""Standard-Inference"": 0.20344631677911693, ""Complex-Inference"": 0.2064373432631804, ""Ensemble-Inference"": 0.18621832354544118}",0.984,100,"{""2"": 33, ""0"": 41, ""1"": 15, ""3"": 11}",68309,5.93,141.03,23.79,1.4103,16.87,1,330,331
164,2026-01-25T18:32:30.352696,12.19,"{""Fast-Inference"": 0.42475424298285686, ""Standard-Inference"": 0.17120103524915573, ""Complex-Inference"": 0.19447889935755688, ""Ensemble-Inference"": 0.20956582241043067}",0.523,86,"{""0"": 36, ""3"": 26, ""2"": 13, ""1"": 11}",61316,6.21,150.13,24.18,1.7457,13.85,1,332,333
165,2026-01-25T18:32:42.375221,26.91,"{""Fast-Inference"": 0.3602742045891103, ""Standard-Inference"": 0.21036983353279856, ""Complex-Inference"": 0.22727747596940215, ""Ensemble-Inference"": 0.20207848590868904}",0.659,100,"{""2"": 19, ""1"": 18, ""0"": 40, ""3"": 23}",66392,6.24,151.34,24.27,1.5134,16.04,1,334,335
166,2026-01-25T18:32:54.316926,15.04,"{""Fast-Inference"": 0.4409013728936749, ""Standard-Inference"": 0.16690140250991778, ""Complex-Inference"": 0.21378102855456915, ""Ensemble-Inference"": 0.17841619604183825}",0.405,98,"{""0"": 56, ""2"": 17, ""1"": 11, ""3"": 14}",50296,6.23,146.17,23.46,1.4915,15.73,1,336,337
167,2026-01-25T18:33:06.102140,26.25,"{""Fast-Inference"": 0.40314240294017545, ""Standard-Inference"": 0.19040262801570274, ""Complex-Inference"": 0.20861099808727657, ""Ensemble-Inference"": 0.1978439709568454}",0.994,100,"{""0"": 41, ""1"": 21, ""2"": 18, ""3"": 20}",72754,5.93,142.1,23.97,1.421,16.87,1,338,339
168,2026-01-25T18:33:18.369720,14.02,"{""Fast-Inference"": 0.3894904853559797, ""Standard-Inference"": 0.19772250113370732, ""Complex-Inference"": 0.17768073080061317, ""Ensemble-Inference"": 0.23510628270969988}",0.412,98,"{""3"": 20, ""1"": 16, ""0"": 46, ""2"": 16}",56851,6.23,149.51,24.0,1.5256,15.73,1,340,341
169,2026-01-25T18:33:30.302141,19.61,"{""Fast-Inference"": 0.42570065948359065, ""Standard-Inference"": 0.182154510699093, ""Complex-Inference"": 0.18694641881587784, ""Ensemble-Inference"": 0.20519841100143843}",0.827,100,"{""0"": 47, ""1"": 16, ""2"": 21, ""3"": 16}",59510,6.23,148.03,23.75,1.4803,16.04,1,342,343
170,2026-01-25T18:33:42.133581,8.95,"{""Fast-Inference"": 0.4316630747394786, ""Standard-Inference"": 0.16920784229928262, ""Complex-Inference"": 0.1757441871108943, ""Ensemble-Inference"": 0.2233848958503444}",0.509,100,"{""0"": 41, ""3"": 20, ""2"": 25, ""1"": 14}",68706,5.93,142.16,23.98,1.4216,16.87,1,344,345
171,2026-01-25T18:33:54.102578,15.23,"{""Fast-Inference"": 0.37795241023371107, ""Standard-Inference"": 0.21611719892898754, ""Complex-Inference"": 0.21957580773538435, ""Ensemble-Inference"": 0.18635458310191702}",0.746,84,"{""0"": 38, ""2"": 15, ""1"": 14, ""3"": 17}",55586,5.9,137.0,23.21,1.631,14.23,1,346,347
172,2026-01-25T18:34:06.336084,21.28,"{""Fast-Inference"": 0.3895940621952554, ""Standard-Inference"": 0.23078337675289554, ""Complex-Inference"": 0.1896365029849596, ""Ensemble-Inference"": 0.18998605806688942}",0.414,100,"{""2"": 22, ""1"": 23, ""0"": 34, ""3"": 21}",63869,6.23,147.71,23.7,1.4771,16.04,1,348,349
173,2026-01-25T18:34:18.304956,7.68,"{""Fast-Inference"": 0.4094331182143849, ""Standard-Inference"": 0.20362319881392368, ""Complex-Inference"": 0.21187921291721434, ""Ensemble-Inference"": 0.17506447005447717}",0.791,100,"{""0"": 30, ""3"": 24, ""2"": 29, ""1"": 17}",76439,6.23,150.21,24.1,1.5021,16.04,1,350,351
174,2026-01-25T18:34:30.119487,19.4,"{""Fast-Inference"": 0.41641941583147696, ""Standard-Inference"": 0.20460745501436725, ""Complex-Inference"": 0.19979545173213467, ""Ensemble-Inference"": 0.17917767742202095}",0.531,100,"{""0"": 45, ""2"": 17, ""3"": 16, ""1"": 22}",62524,5.93,137.26,23.14,1.3726,16.86,1,352,353
175,2026-01-25T18:34:42.111984,9.83,"{""Fast-Inference"": 0.4347793662378441, ""Standard-Inference"": 0.1909166747969986, ""Complex-Inference"": 0.17936089711642575, ""Ensemble-Inference"": 0.19494306184873167}",0.554,87,"{""3"": 18, ""2"": 12, ""0"": 38, ""1"": 19}",52436,5.91,142.79,24.17,1.6412,14.73,1,354,355
176,2026-01-25T18:34:54.327354,17.77,"{""Fast-Inference"": 0.40410355638625195, ""Standard-Inference"": 0.17430125196734667, ""Complex-Inference"": 0.23297904756575724, ""Ensemble-Inference"": 0.1886161440806441}",0.335,93,"{""0"": 39, ""1"": 18, ""2"": 18, ""3"": 18}",59671,6.23,148.03,23.77,1.5918,14.94,1,356,357
177,2026-01-25T18:35:06.116912,8.43,"{""Fast-Inference"": 0.4072149756411078, ""Standard-Inference"": 0.1963417226169589, ""Complex-Inference"": 0.19726253885937364, ""Ensemble-Inference"": 0.1991807628825595}",0.543,97,"{""3"": 19, ""0"": 38, ""1"": 18, ""2"": 22}",65726,5.93,141.31,23.84,1.4568,16.36,1,358,359
178,2026-01-25T18:35:18.130498,24.13,"{""Fast-Inference"": 0.4030986400119217, ""Standard-Inference"": 0.17790786418426022, ""Complex-Inference"": 0.20372265358980562, ""Ensemble-Inference"": 0.21527084221401244}",0.735,100,"{""3"": 15, ""1"": 16, ""0"": 46, ""2"": 23}",60644,5.93,145.81,24.57,1.4581,16.85,1,360,361
179,2026-01-25T18:35:30.317298,25.35,"{""Fast-Inference"": 0.3922946997976897, ""Standard-Inference"": 0.21102129558970545, ""Complex-Inference"": 0.20801187770746984, ""Ensemble-Inference"": 0.18867212690513488}",0.708,100,"{""0"": 39, ""2"": 23, ""3"": 22, ""1"": 16}",69997,6.24,149.66,23.99,1.4966,16.03,1,362,363
180,2026-01-25T18:35:42.325103,14.61,"{""Fast-Inference"": 0.4404267117775732, ""Standard-Inference"": 0.1776198452361028, ""Complex-Inference"": 0.1800537881203574, ""Ensemble-Inference"": 0.20189965486596656}",0.397,99,"{""0"": 52, ""1"": 17, ""3"": 19, ""2"": 11}",49813,6.23,149.17,23.93,1.5067,15.88,1,364,365
181,2026-01-25T18:35:54.129736,15.28,"{""Fast-Inference"": 0.38727809067261226, ""Standard-Inference"": 0.19174732292503635, ""Complex-Inference"": 0.22125624261299137, ""Ensemble-Inference"": 0.19971834378935993}",0.902,85,"{""3"": 18, ""1"": 21, ""0"": 25, ""2"": 21}",63336,5.9,138.35,23.43,1.6277,14.4,1,366,367
182,2026-01-25T18:36:06.292278,13.79,"{""Fast-Inference"": 0.4021956988858621, ""Standard-Inference"": 0.20929983652940895, ""Complex-Inference"": 0.18340831260771465, ""Ensemble-Inference"": 0.2050961519770143}",0.965,90,"{""3"": 13, ""0"": 38, ""1"": 19, ""2"": 20}",51412,6.22,146.97,23.64,1.633,14.48,1,368,369
183,2026-01-25T18:36:18.099016,15.3,"{""Fast-Inference"": 0.39753266370042, ""Standard-Inference"": 0.17083375308065085, ""Complex-Inference"": 0.2119037444924416, ""Ensemble-Inference"": 0.21972983872648763}",0.406,100,"{""2"": 19, ""1"": 18, ""0"": 46, ""3"": 17}",58720,5.93,141.36,23.83,1.4136,16.86,1,370,371
184,2026-01-25T18:36:30.114546,13.84,"{""Fast-Inference"": 0.38970583372337453, ""Standard-Inference"": 0.21530870085090617, ""Complex-Inference"": 0.18431682817967435, ""Ensemble-Inference"": 0.21066863724604482}",0.463,99,"{""0"": 34, ""1"": 22, ""3"": 28, ""2"": 15}",72661,5.93,139.43,23.52,1.4084,16.7,1,372,373
185,2026-01-25T18:36:42.114528,19.97,"{""Fast-Inference"": 0.3533264183819872, ""Standard-Inference"": 0.23251608699920578, ""Complex-Inference"": 0.2074028782082905, ""Ensemble-Inference"": 0.2067546164105166}",0.45,100,"{""3"": 18, ""0"": 34, ""1"": 27, ""2"": 21}",68160,5.93,145.94,24.6,1.4594,16.86,1,374,375
186,2026-01-25T18:36:54.119997,19.53,"{""Fast-Inference"": 0.4200739466959299, ""Standard-Inference"": 0.20926988442742067, ""Complex-Inference"": 0.20893043300779468, ""Ensemble-Inference"": 0.1617257358688548}",0.364,100,"{""0"": 33, ""1"": 17, ""2"": 39, ""3"": 11}",67436,5.93,141.77,23.91,1.4177,16.86,1,376,377
187,2026-01-25T18:37:06.111099,29.43,"{""Fast-Inference"": 0.41030183291529065, ""Standard-Inference"": 0.21431429607002095, ""Complex-Inference"": 0.19484280431113718, ""Ensemble-Inference"": 0.18054106670355122}",0.811,95,"{""0"": 46, ""3"": 17, ""2"": 19, ""1"": 13}",58976,5.92,138.98,23.47,1.463,16.04,1,378,379
188,2026-01-25T18:37:18.242784,27.52,"{""Fast-Inference"": 0.35467321034188865, ""Standard-Inference"": 0.20081686273261778, ""Complex-Inference"": 0.22390417872453272, ""Ensemble-Inference"": 0.22060574820096082}",0.894,91,"{""2"": 25, ""3"": 29, ""1"": 20, ""0"": 17}",80329,6.12,145.64,23.79,1.6004,14.87,1,380,381
189,2026-01-25T18:37:30.152333,23.85,"{""Fast-Inference"": 0.41970446778701515, ""Standard-Inference"": 0.19569838372527784, ""Complex-Inference"": 0.19969603126756133, ""Ensemble-Inference"": 0.18490111722014557}",0.746,100,"{""0"": 44, ""1"": 24, ""3"": 18, ""2"": 14}",58366,5.93,142.04,23.94,1.4204,16.85,1,382,383
190,2026-01-25T18:37:42.145233,15.17,"{""Fast-Inference"": 0.41011897163653965, ""Standard-Inference"": 0.20529326221390923, ""Complex-Inference"": 0.17963745609735463, ""Ensemble-Inference"": 0.20495031005219652}",0.564,99,"{""0"": 48, ""2"": 15, ""3"": 19, ""1"": 17}",62132,5.93,141.61,23.87,1.4304,16.69,1,384,385
191,2026-01-25T18:37:54.130969,7.68,"{""Fast-Inference"": 0.4254713081932531, ""Standard-Inference"": 0.20619820789631893, ""Complex-Inference"": 0.18199918816205624, ""Ensemble-Inference"": 0.18633129574837165}",0.408,96,"{""0"": 44, ""2"": 18, ""3"": 19, ""1"": 15}",57192,5.92,143.98,24.3,1.4998,16.21,1,386,387
192,2026-01-25T18:38:06.123252,6.32,"{""Fast-Inference"": 0.36073888983520747, ""Standard-Inference"": 0.21317539256177614, ""Complex-Inference"": 0.20977925593251806, ""Ensemble-Inference"": 0.21630646167049833}",0.366,100,"{""2"": 22, ""0"": 31, ""3"": 25, ""1"": 22}",69103,5.93,140.04,23.61,1.4004,16.86,1,388,389
193,2026-01-25T18:38:18.098494,20.18,"{""Fast-Inference"": 0.41007901834626026, ""Standard-Inference"": 0.1752408148414829, ""Complex-Inference"": 0.20351171255125036, ""Ensemble-Inference"": 0.21116845426100656}",0.855,87,"{""1"": 16, ""0"": 34, ""3"": 19, ""2"": 18}",59266,5.91,141.59,23.97,1.6274,14.73,1,390,391
194,2026-01-25T18:38:30.321088,29.55,"{""Fast-Inference"": 0.37364347979662776, ""Standard-Inference"": 0.2117069509847038, ""Complex-Inference"": 0.2090862295608884, ""Ensemble-Inference"": 0.20556333965778006}",0.429,96,"{""0"": 40, ""3"": 15, ""1"": 23, ""2"": 18}",53407,6.23,147.88,23.75,1.5404,15.42,1,392,393
195,2026-01-25T18:38:42.285348,11.65,"{""Fast-Inference"": 0.4320000157276079, ""Standard-Inference"": 0.21937040691773882, ""Complex-Inference"": 0.1744612131844818, ""Ensemble-Inference"": 0.1741683641701716}",0.437,88,"{""0"": 37, ""2"": 13, ""1"": 21, ""3"": 17}",54995,6.21,147.8,23.78,1.6795,14.16,1,394,395
196,2026-01-25T18:38:54.363959,15.35,"{""Fast-Inference"": 0.37974690378525083, ""Standard-Inference"": 0.22324546644840398, ""Complex-Inference"": 0.1786532052764161, ""Ensemble-Inference"": 0.21835442448992914}",0.727,100,"{""2"": 16, ""0"": 46, ""3"": 24, ""1"": 14}",59955,6.24,150.55,24.14,1.5055,16.03,1,396,397
197,2026-01-25T18:39:06.363506,5.05,"{""Fast-Inference"": 0.3931165414846572, ""Standard-Inference"": 0.20143982338676125, ""Complex-Inference"": 0.19574091770800392, ""Ensemble-Inference"": 0.2097027174205776}",0.383,100,"{""3"": 29, ""1"": 25, ""0"": 30, ""2"": 16}",70626,6.24,148.37,23.8,1.4837,16.04,1,398,399
198,2026-01-25T18:39:18.315541,13.72,"{""Fast-Inference"": 0.40101576849253356, ""Standard-Inference"": 0.18777070494392767, ""Complex-Inference"": 0.19188982610305408, ""Ensemble-Inference"": 0.21932370046048477}",0.565,100,"{""1"": 12, ""3"": 23, ""2"": 21, ""0"": 44}",64699,6.23,148.99,23.9,1.4899,16.04,1,400,401
199,2026-01-25T18:39:30.333568,28.44,"{""Fast-Inference"": 0.39144078833345747, ""Standard-Inference"": 0.18360336523521661, ""Complex-Inference"": 0.23454009349645671, ""Ensemble-Inference"": 0.19041575293486912}",0.751,100,"{""1"": 19, ""0"": 48, ""3"": 18, ""2"": 15}",63523,6.24,147.83,23.71,1.4783,16.04,1,402,403
200,2026-01-25T18:39:42.319060,11.41,"{""Fast-Inference"": 0.3923324954424987, ""Standard-Inference"": 0.2000270782775541, ""Complex-Inference"": 0.21746892956601452, ""Ensemble-Inference"": 0.1901714967139327}",0.631,100,"{""0"": 44, ""3"": 15, ""1"": 21, ""2"": 20}",56031,6.23,144.67,23.2,1.4467,16.04,1,404,405
201,2026-01-25T18:39:54.310184,13.27,"{""Fast-Inference"": 0.43545520333655346, ""Standard-Inference"": 0.2099652775905248, ""Complex-Inference"": 0.1797476126999034, ""Ensemble-Inference"": 0.17483190637301843}",0.34,100,"{""1"": 21, ""0"": 42, ""3"": 23, ""2"": 14}",60956,6.24,148.95,23.89,1.4895,16.04,1,406,407
202,2026-01-25T18:40:06.283674,8.43,"{""Fast-Inference"": 0.4383221541401181, ""Standard-Inference"": 0.22087761530246708, ""Complex-Inference"": 0.17286269567153573, ""Ensemble-Inference"": 0.16793753488587895}",0.329,93,"{""0"": 33, ""1"": 25, ""2"": 17, ""3"": 18}",59170,6.22,148.05,23.8,1.5919,14.95,1,408,409
203,2026-01-25T18:40:18.071238,23.56,"{""Fast-Inference"": 0.4044743790423598, ""Standard-Inference"": 0.18723265576369558, ""Complex-Inference"": 0.17865370921108756, ""Ensemble-Inference"": 0.22963925598285706}",0.943,87,"{""0"": 35, ""2"": 16, ""3"": 21, ""1"": 15}",66354,5.91,138.75,23.5,1.5948,14.73,1,410,411
204,2026-01-25T18:40:30.303919,9.44,"{""Fast-Inference"": 0.40345032039338885, ""Standard-Inference"": 0.19368331741578837, ""Complex-Inference"": 0.2079979373254322, ""Ensemble-Inference"": 0.19486842486539058}",0.919,96,"{""0"": 44, ""1"": 20, ""2"": 19, ""3"": 13}",58645,6.23,147.84,23.74,1.54,15.41,1,412,413
205,2026-01-25T18:40:42.099014,8.94,"{""Fast-Inference"": 0.40543188365873956, ""Standard-Inference"": 0.17569857741620118, ""Complex-Inference"": 0.2081570300413525, ""Ensemble-Inference"": 0.21071250888370666}",0.81,82,"{""3"": 24, ""0"": 26, ""1"": 15, ""2"": 17}",67613,5.9,140.91,23.89,1.7184,13.9,1,414,415
206,2026-01-25T18:40:54.116657,26.37,"{""Fast-Inference"": 0.4276825098351805, ""Standard-Inference"": 0.18864724969831148, ""Complex-Inference"": 0.21724218996165437, ""Ensemble-Inference"": 0.16642805050485357}",0.485,100,"{""0"": 49, ""1"": 20, ""3"": 10, ""2"": 21}",51769,5.93,140.95,23.78,1.4095,16.87,1,416,417
207,2026-01-25T18:41:06.285640,8.93,"{""Fast-Inference"": 0.3703333495217026, ""Standard-Inference"": 0.1907204605608176, ""Complex-Inference"": 0.2253609503330627, ""Ensemble-Inference"": 0.21358523958441708}",0.747,95,"{""3"": 21, ""1"": 15, ""0"": 40, ""2"": 19}",66677,6.22,146.91,23.61,1.5464,15.27,1,418,419
208,2026-01-25T18:41:18.090790,28.04,"{""Fast-Inference"": 0.3808341666404439, ""Standard-Inference"": 0.2093529202697708, ""Complex-Inference"": 0.20200242471986835, ""Ensemble-Inference"": 0.20781048836991686}",0.758,84,"{""0"": 31, ""1"": 16, ""2"": 25, ""3"": 12}",55853,5.9,142.06,24.08,1.6912,14.24,1,420,421
209,2026-01-25T18:41:30.295286,20.63,"{""Fast-Inference"": 0.42588491960235314, ""Standard-Inference"": 0.18092994266599785, ""Complex-Inference"": 0.19130911998131772, ""Ensemble-Inference"": 0.20187601775033145}",0.489,100,"{""0"": 47, ""2"": 20, ""1"": 13, ""3"": 20}",63896,6.23,151.33,24.28,1.5133,16.05,1,422,423
210,2026-01-25T18:41:42.145472,17.09,"{""Fast-Inference"": 0.379507447270685, ""Standard-Inference"": 0.20006888844535492, ""Complex-Inference"": 0.20234053299968305, ""Ensemble-Inference"": 0.21808313128427698}",0.478,100,"{""1"": 28, ""0"": 33, ""3"": 19, ""2"": 20}",62671,5.93,157.07,26.49,1.5707,16.87,1,424,425
211,2026-01-25T18:41:54.112504,24.16,"{""Fast-Inference"": 0.4350938672822073, ""Standard-Inference"": 0.19573301929677364, ""Complex-Inference"": 0.1675593461740659, ""Ensemble-Inference"": 0.20161376724695312}",0.856,94,"{""1"": 20, ""2"": 11, ""0"": 49, ""3"": 14}",48595,5.92,147.47,24.91,1.5688,15.88,1,426,427
212,2026-01-25T18:42:06.103620,8.48,"{""Fast-Inference"": 0.3751757138440429, ""Standard-Inference"": 0.18428541982021274, ""Complex-Inference"": 0.2143798605434323, ""Ensemble-Inference"": 0.2261590057923121}",0.828,100,"{""1"": 23, ""3"": 27, ""0"": 26, ""2"": 24}",82620,5.93,142.95,24.11,1.4295,16.86,1,428,429
213,2026-01-25T18:42:18.103165,20.33,"{""Fast-Inference"": 0.43095358499215813, ""Standard-Inference"": 0.1872485625398234, ""Complex-Inference"": 0.2068884866744569, ""Ensemble-Inference"": 0.17490936579356148}",0.319,100,"{""0"": 41, ""1"": 22, ""3"": 15, ""2"": 22}",59029,5.93,142.76,24.08,1.4276,16.86,1,430,431
214,2026-01-25T18:42:30.103828,15.41,"{""Fast-Inference"": 0.4063039473707872, ""Standard-Inference"": 0.18783194380510257, ""Complex-Inference"": 0.20985702065182976, ""Ensemble-Inference"": 0.19600708817228046}",0.732,100,"{""1"": 25, ""3"": 16, ""0"": 39, ""2"": 20}",67399,5.92,139.5,23.55,1.395,16.88,1,432,433
215,2026-01-25T18:42:42.111818,24.2,"{""Fast-Inference"": 0.40398867170418756, ""Standard-Inference"": 0.1751232165841974, ""Complex-Inference"": 0.22410406736579866, ""Ensemble-Inference"": 0.19678404434581626}",0.416,100,"{""1"": 21, ""0"": 44, ""2"": 17, ""3"": 18}",57578,5.93,144.29,24.33,1.4429,16.86,1,434,435
216,2026-01-25T18:42:54.115839,17.16,"{""Fast-Inference"": 0.44445064522848854, ""Standard-Inference"": 0.21033338453844078, ""Complex-Inference"": 0.16919013394569168, ""Ensemble-Inference"": 0.17602583628737914}",0.487,88,"{""0"": 48, ""2"": 13, ""1"": 14, ""3"": 13}",46120,5.91,142.68,24.14,1.6214,14.89,1,436,437
217,2026-01-25T18:43:06.353664,11.88,"{""Fast-Inference"": 0.38177854531405325, ""Standard-Inference"": 0.2068653540322531, ""Complex-Inference"": 0.23080109648761754, ""Ensemble-Inference"": 0.18055500416607603}",0.605,100,"{""3"": 22, ""1"": 18, ""0"": 33, ""2"": 27}",70652,6.24,152.31,24.42,1.5231,16.03,1,438,439
218,2026-01-25T18:43:18.353517,16.48,"{""Fast-Inference"": 0.41908656736643596, ""Standard-Inference"": 0.18327542664577998, ""Complex-Inference"": 0.17608574811772973, ""Ensemble-Inference"": 0.2215522578700543}",0.974,100,"{""0"": 43, ""3"": 25, ""1"": 15, ""2"": 17}",74571,6.23,147.89,23.73,1.4789,16.04,1,440,441
219,2026-01-25T18:43:30.325400,19.69,"{""Fast-Inference"": 0.3767520914069478, ""Standard-Inference"": 0.19504272123625713, ""Complex-Inference"": 0.2058715773899377, ""Ensemble-Inference"": 0.22233360996685733}",0.68,100,"{""3"": 28, ""0"": 34, ""2"": 31, ""1"": 7}",76515,6.23,147.25,23.63,1.4725,16.05,1,442,443
220,2026-01-25T18:43:42.139449,9.13,"{""Fast-Inference"": 0.40197771358119777, ""Standard-Inference"": 0.221199020622794, ""Complex-Inference"": 0.18854042245402436, ""Ensemble-Inference"": 0.1882828433419839}",0.738,99,"{""0"": 42, ""3"": 18, ""1"": 22, ""2"": 17}",56918,5.93,142.43,24.04,1.4387,16.71,1,444,445
221,2026-01-25T18:43:54.295718,16.19,"{""Fast-Inference"": 0.3985376714670309, ""Standard-Inference"": 0.1924119376331922, ""Complex-Inference"": 0.2024464899019513, ""Ensemble-Inference"": 0.20660390099782552}",0.924,91,"{""3"": 21, ""1"": 14, ""0"": 34, ""2"": 22}",71662,6.22,154.64,24.88,1.6993,14.64,1,446,447
222,2026-01-25T18:44:06.092503,14.86,"{""Fast-Inference"": 0.43457245137393125, ""Standard-Inference"": 0.21295578511157898, ""Complex-Inference"": 0.1868727810354752, ""Ensemble-Inference"": 0.16559898247901464}",0.487,100,"{""2"": 20, ""0"": 35, ""1"": 27, ""3"": 18}",65509,5.93,141.3,23.84,1.413,16.87,1,448,449
223,2026-01-25T18:44:18.085904,20.36,"{""Fast-Inference"": 0.3866988761350346, ""Standard-Inference"": 0.22657715390640287, ""Complex-Inference"": 0.21300714437827287, ""Ensemble-Inference"": 0.17371682558028956}",0.379,93,"{""0"": 35, ""2"": 17, ""1"": 29, ""3"": 12}",53704,5.92,141.89,23.97,1.5256,15.71,1,450,451
224,2026-01-25T18:44:30.362277,7.88,"{""Fast-Inference"": 0.3863029098743934, ""Standard-Inference"": 0.2164010710495445, ""Complex-Inference"": 0.1927313480752239, ""Ensemble-Inference"": 0.20456467100083825}",0.643,99,"{""3"": 21, ""0"": 38, ""2"": 14, ""1"": 26}",61297,6.23,149.0,23.91,1.5051,15.89,1,452,453
225,2026-01-25T18:44:42.323838,12.86,"{""Fast-Inference"": 0.39825869479392634, ""Standard-Inference"": 0.21791777163213727, ""Complex-Inference"": 0.1711346803230205, ""Ensemble-Inference"": 0.21268885325091588}",0.788,93,"{""0"": 35, ""2"": 14, ""3"": 18, ""1"": 26}",60076,6.22,153.65,24.7,1.6522,14.95,1,454,455
226,2026-01-25T18:44:54.280734,25.04,"{""Fast-Inference"": 0.37949702409559677, ""Standard-Inference"": 0.19641420503351686, ""Complex-Inference"": 0.23848061645467947, ""Ensemble-Inference"": 0.18560815441620687}",0.468,89,"{""2"": 24, ""1"": 18, ""0"": 30, ""3"": 17}",60593,6.22,150.25,24.16,1.6882,14.31,1,456,457
227,2026-01-25T18:45:06.321722,6.61,"{""Fast-Inference"": 0.3696103798634473, ""Standard-Inference"": 0.22777214891376657, ""Complex-Inference"": 0.22264772521834067, ""Ensemble-Inference"": 0.17996974600444549}",0.902,97,"{""0"": 38, ""2"": 17, ""1"": 22, ""3"": 20}",69276,6.23,155.03,24.9,1.5983,15.58,1,458,459
228,2026-01-25T18:45:18.305073,23.29,"{""Fast-Inference"": 0.40960976318396974, ""Standard-Inference"": 0.18324751559406993, ""Complex-Inference"": 0.21526156069307906, ""Ensemble-Inference"": 0.1918811605288814}",0.923,92,"{""0"": 41, ""2"": 20, ""3"": 19, ""1"": 12}",66030,6.22,148.47,23.87,1.6138,14.79,1,460,461
229,2026-01-25T18:45:30.107296,13.76,"{""Fast-Inference"": 0.42178463909166886, ""Standard-Inference"": 0.19313567288103775, ""Complex-Inference"": 0.21428250654713393, ""Ensemble-Inference"": 0.17079718148015943}",0.923,99,"{""0"": 39, ""2"": 23, ""3"": 19, ""1"": 18}",61720,5.92,142.76,24.1,1.442,16.72,1,462,463
230,2026-01-25T18:45:42.116230,5.29,"{""Fast-Inference"": 0.4271987062235007, ""Standard-Inference"": 0.17557919677541906, ""Complex-Inference"": 0.19389571252101004, ""Ensemble-Inference"": 0.20332638448007032}",0.652,100,"{""0"": 48, ""1"": 12, ""3"": 22, ""2"": 18}",66134,5.93,146.1,24.63,1.461,16.86,1,464,465
231,2026-01-25T18:45:54.131677,29.43,"{""Fast-Inference"": 0.39721578033695304, ""Standard-Inference"": 0.2158662066969256, ""Complex-Inference"": 0.18350910780895746, ""Ensemble-Inference"": 0.20340890515716376}",0.425,95,"{""0"": 44, ""2"": 16, ""1"": 17, ""3"": 18}",56218,5.93,139.49,23.54,1.4683,16.03,1,466,467
232,2026-01-25T18:46:06.369903,26.82,"{""Fast-Inference"": 0.4566339432563805, ""Standard-Inference"": 0.1804783513884263, ""Complex-Inference"": 0.18092011067461, ""Ensemble-Inference"": 0.18196759468058316}",0.339,86,"{""3"": 14, ""0"": 37, ""2"": 15, ""1"": 20}",47928,6.21,148.31,23.89,1.7245,13.85,1,468,469
233,2026-01-25T18:46:18.114973,10.54,"{""Fast-Inference"": 0.3970832601298597, ""Standard-Inference"": 0.18842085455189028, ""Complex-Inference"": 0.21900958676231916, ""Ensemble-Inference"": 0.19548629855593086}",0.557,87,"{""0"": 23, ""2"": 31, ""1"": 12, ""3"": 21}",76158,5.9,144.15,24.42,1.6569,14.74,1,470,471
234,2026-01-25T18:46:30.310212,11.67,"{""Fast-Inference"": 0.42831337046439777, ""Standard-Inference"": 0.2221491188923942, ""Complex-Inference"": 0.17703747455844368, ""Ensemble-Inference"": 0.17250003608476436}",0.577,100,"{""2"": 15, ""3"": 24, ""0"": 47, ""1"": 14}",63435,6.24,150.04,24.05,1.5004,16.03,1,472,473
235,2026-01-25T18:46:42.345157,15.43,"{""Fast-Inference"": 0.40800309373262195, ""Standard-Inference"": 0.1903175139611524, ""Complex-Inference"": 0.21465505725777254, ""Ensemble-Inference"": 0.18702433504845306}",0.787,100,"{""0"": 36, ""2"": 30, ""3"": 20, ""1"": 14}",71404,6.24,149.86,24.02,1.4986,16.03,1,474,475
236,2026-01-25T18:46:54.322707,28.78,"{""Fast-Inference"": 0.3759481110913746, ""Standard-Inference"": 0.2033617224651774, ""Complex-Inference"": 0.20614426953177464, ""Ensemble-Inference"": 0.2145458969116733}",0.372,90,"{""0"": 35, ""1"": 20, ""2"": 22, ""3"": 13}",56310,6.22,150.47,24.2,1.6719,14.47,1,476,477
237,2026-01-25T18:47:06.140603,14.91,"{""Fast-Inference"": 0.40197377609882007, ""Standard-Inference"": 0.19321290746502018, ""Complex-Inference"": 0.21102016177008803, ""Ensemble-Inference"": 0.19379315466607178}",0.984,100,"{""3"": 22, ""0"": 43, ""2"": 22, ""1"": 13}",66118,5.93,140.43,23.67,1.4043,16.85,1,478,479
238,2026-01-25T18:47:18.148478,21.11,"{""Fast-Inference"": 0.43301294065473894, ""Standard-Inference"": 0.18963470174460226, ""Complex-Inference"": 0.18168020637595966, ""Ensemble-Inference"": 0.1956721512246992}",0.654,100,"{""0"": 41, ""3"": 22, ""2"": 20, ""1"": 17}",71763,5.94,142.32,23.98,1.4232,16.85,1,480,481
239,2026-01-25T18:47:30.309569,27.48,"{""Fast-Inference"": 0.42272565765330694, ""Standard-Inference"": 0.17504172008106395, ""Complex-Inference"": 0.20532284476878168, ""Ensemble-Inference"": 0.1969097774968475}",0.478,100,"{""2"": 19, ""1"": 18, ""0"": 47, ""3"": 16}",54297,6.24,151.85,24.35,1.5185,16.04,1,482,483
240,2026-01-25T18:47:42.140210,26.27,"{""Fast-Inference"": 0.38778447931214055, ""Standard-Inference"": 0.20344643423437825, ""Complex-Inference"": 0.20417432115440295, ""Ensemble-Inference"": 0.20459476529907814}",0.996,97,"{""2"": 23, ""1"": 22, ""3"": 20, ""0"": 32}",75176,5.93,144.26,24.34,1.4873,16.37,1,484,485
241,2026-01-25T18:47:54.095284,5.97,"{""Fast-Inference"": 0.3708320756937823, ""Standard-Inference"": 0.21646928765499598, ""Complex-Inference"": 0.21149659553768999, ""Ensemble-Inference"": 0.20120204111353177}",0.475,100,"{""3"": 17, ""1"": 22, ""2"": 25, ""0"": 36}",60623,5.93,145.6,24.55,1.456,16.86,1,486,487
242,2026-01-25T18:48:06.106448,6.92,"{""Fast-Inference"": 0.4192062425459254, ""Standard-Inference"": 0.21190111259706268, ""Complex-Inference"": 0.20169298921035453, ""Ensemble-Inference"": 0.16719965564665734}",0.703,100,"{""3"": 22, ""0"": 31, ""2"": 26, ""1"": 21}",75722,5.93,144.95,24.45,1.4495,16.87,1,488,489
243,2026-01-25T18:48:18.095270,24.23,"{""Fast-Inference"": 0.40073480938787054, ""Standard-Inference"": 0.17902320269974295, ""Complex-Inference"": 0.18524032065734525, ""Ensemble-Inference"": 0.23500166725504126}",0.859,100,"{""1"": 18, ""0"": 34, ""2"": 22, ""3"": 26}",74947,5.93,142.13,23.97,1.4213,16.87,1,490,491
244,2026-01-25T18:48:30.355394,13.17,"{""Fast-Inference"": 0.4506707530296483, ""Standard-Inference"": 0.18157130898641527, ""Complex-Inference"": 0.18819452814470283, ""Ensemble-Inference"": 0.1795634098392337}",0.545,83,"{""3"": 18, ""0"": 29, ""1"": 14, ""2"": 22}",62711,6.2,150.74,24.31,1.8161,13.38,1,492,493
245,2026-01-25T18:48:42.106247,12.52,"{""Fast-Inference"": 0.35845675086442286, ""Standard-Inference"": 0.20880853475798633, ""Complex-Inference"": 0.21217147634553546, ""Ensemble-Inference"": 0.22056323803205538}",0.51,100,"{""2"": 25, ""0"": 34, ""3"": 26, ""1"": 15}",71196,5.93,145.25,24.49,1.4525,16.86,1,494,495
246,2026-01-25T18:48:54.119118,28.17,"{""Fast-Inference"": 0.41269475546406353, ""Standard-Inference"": 0.21306919393018983, ""Complex-Inference"": 0.17866192130404818, ""Ensemble-Inference"": 0.19557412930169848}",0.523,100,"{""0"": 42, ""2"": 16, ""1"": 25, ""3"": 17}",60956,5.93,143.93,24.26,1.4393,16.85,1,496,497
247,2026-01-25T18:49:06.108508,17.02,"{""Fast-Inference"": 0.4090322866560165, ""Standard-Inference"": 0.2096882005844695, ""Complex-Inference"": 0.21727366460489478, ""Ensemble-Inference"": 0.16400584815461922}",0.441,97,"{""1"": 17, ""2"": 23, ""0"": 43, ""3"": 14}",51842,5.92,139.63,23.58,1.4394,16.38,1,498,499
248,2026-01-25T18:49:18.077335,9.26,"{""Fast-Inference"": 0.42135816281443694, ""Standard-Inference"": 0.16928829176122295, ""Complex-Inference"": 0.19648696695557297, ""Ensemble-Inference"": 0.21286657846876716}",0.911,86,"{""3"": 15, ""0"": 41, ""2"": 19, ""1"": 11}",56226,5.9,141.27,23.93,1.6427,14.56,1,500,501
249,2026-01-25T18:49:30.308548,24.59,"{""Fast-Inference"": 0.40162800480752997, ""Standard-Inference"": 0.20373325684879134, ""Complex-Inference"": 0.18007156643858685, ""Ensemble-Inference"": 0.21456717190509175}",0.358,100,"{""0"": 37, ""2"": 18, ""3"": 17, ""1"": 28}",61255,5.93,142.19,23.98,1.4219,16.87,1,502,503
250,2026-01-25T18:49:42.125131,14.54,"{""Fast-Inference"": 0.4142226555926252, ""Standard-Inference"": 0.19360736688876246, ""Complex-Inference"": 0.20426721430201672, ""Ensemble-Inference"": 0.18790276321659566}",0.855,98,"{""0"": 43, ""2"": 21, ""1"": 20, ""3"": 14}",59380,5.93,146.41,24.7,1.4939,16.54,1,504,505
251,2026-01-25T18:49:54.136001,10.67,"{""Fast-Inference"": 0.3828846991239412, ""Standard-Inference"": 0.19044463592110705, ""Complex-Inference"": 0.2295429013202629, ""Ensemble-Inference"": 0.19712776363468884}",0.65,96,"{""1"": 18, ""0"": 32, ""2"": 23, ""3"": 23}",71917,5.92,143.13,24.16,1.491,16.21,1,506,507
252,2026-01-25T18:50:06.111638,11.17,"{""Fast-Inference"": 0.40701761193069425, ""Standard-Inference"": 0.2059973033607586, ""Complex-Inference"": 0.2108146928147186, ""Ensemble-Inference"": 0.1761703918938285}",0.511,100,"{""3"": 15, ""2"": 17, ""1"": 25, ""0"": 43}",54558,5.93,139.84,23.59,1.3984,16.87,1,508,509
253,2026-01-25T18:50:18.093706,11.93,"{""Fast-Inference"": 0.4384029660762201, ""Standard-Inference"": 0.1883418575595456, ""Complex-Inference"": 0.18159993624426957, ""Ensemble-Inference"": 0.19165524011996482}",0.96,83,"{""2"": 14, ""1"": 18, ""0"": 34, ""3"": 17}",52610,5.9,143.93,24.39,1.7341,14.07,1,510,511
254,2026-01-25T18:50:30.323731,26.74,"{""Fast-Inference"": 0.41206489897134796, ""Standard-Inference"": 0.1949110531298928, ""Complex-Inference"": 0.1790447225417297, ""Ensemble-Inference"": 0.21397932535702952}",0.46,100,"{""1"": 23, ""2"": 22, ""0"": 34, ""3"": 21}",69957,6.23,150.42,24.13,1.5042,16.04,1,512,513
255,2026-01-25T18:50:42.307209,13.45,"{""Fast-Inference"": 0.3408838811107552, ""Standard-Inference"": 0.21524786726430353, ""Complex-Inference"": 0.22143506603245613, ""Ensemble-Inference"": 0.2224331855924851}",0.476,100,"{""0"": 34, ""3"": 14, ""2"": 23, ""1"": 29}",62162,6.23,153.53,24.63,1.5353,16.04,1,514,515
256,2026-01-25T18:50:54.332280,17.22,"{""Fast-Inference"": 0.36924041003984365, ""Standard-Inference"": 0.20335620241739813, ""Complex-Inference"": 0.2091426538388898, ""Ensemble-Inference"": 0.2182607337038684}",0.402,100,"{""0"": 39, ""3"": 17, ""2"": 21, ""1"": 23}",63439,6.24,150.03,24.06,1.5003,16.03,1,516,517
257,2026-01-25T18:51:06.140754,28.34,"{""Fast-Inference"": 0.4044841129693316, ""Standard-Inference"": 0.19446138162013726, ""Complex-Inference"": 0.19669696432262576, ""Ensemble-Inference"": 0.20435754108790535}",0.598,98,"{""3"": 20, ""1"": 14, ""2"": 24, ""0"": 40}",66416,5.93,141.42,23.87,1.4431,16.54,1,518,519
258,2026-01-25T18:51:18.297523,23.89,"{""Fast-Inference"": 0.3711221042403535, ""Standard-Inference"": 0.18111845683389194, ""Complex-Inference"": 0.21255866189504696, ""Ensemble-Inference"": 0.23520077703070758}",0.803,100,"{""3"": 25, ""2"": 28, ""0"": 35, ""1"": 12}",79875,6.23,149.67,24.01,1.4967,16.04,1,520,521
259,2026-01-25T18:51:30.120130,16.56,"{""Fast-Inference"": 0.409051905036516, ""Standard-Inference"": 0.2141630648782572, ""Complex-Inference"": 0.19008670006930334, ""Ensemble-Inference"": 0.18669833001592354}",0.525,94,"{""0"": 29, ""1"": 21, ""2"": 15, ""3"": 29}",65572,5.92,139.65,23.59,1.4856,15.88,1,522,523
260,2026-01-25T18:51:42.375218,16.31,"{""Fast-Inference"": 0.36994655857448355, ""Standard-Inference"": 0.20250542486191567, ""Complex-Inference"": 0.2000987455385638, ""Ensemble-Inference"": 0.227449271025037}",0.995,99,"{""3"": 32, ""2"": 20, ""1"": 16, ""0"": 31}",81137,6.23,150.59,24.17,1.5212,15.89,1,524,525
261,2026-01-25T18:51:54.328203,14.53,"{""Fast-Inference"": 0.3944721583590423, ""Standard-Inference"": 0.2313163740947068, ""Complex-Inference"": 0.18298529510215772, ""Ensemble-Inference"": 0.19122617244409323}",0.439,78,"{""3"": 17, ""2"": 19, ""1"": 12, ""0"": 30}",54752,6.2,150.19,24.24,1.9255,12.59,1,526,527
262,2026-01-25T18:52:06.335647,5.42,"{""Fast-Inference"": 0.3887798749281763, ""Standard-Inference"": 0.1887481445024526, ""Complex-Inference"": 0.19687307801070394, ""Ensemble-Inference"": 0.22559890255866719}",0.485,89,"{""3"": 15, ""0"": 35, ""2"": 22, ""1"": 17}",53008,6.22,145.12,23.34,1.6305,14.32,1,528,529
263,2026-01-25T18:52:18.099967,7.19,"{""Fast-Inference"": 0.3997730999798815, ""Standard-Inference"": 0.185625046186901, ""Complex-Inference"": 0.22333456067270627, ""Ensemble-Inference"": 0.1912672931605112}",0.694,88,"{""1"": 14, ""3"": 16, ""2"": 14, ""0"": 44}",52803,5.91,142.09,24.05,1.6146,14.89,1,530,531
264,2026-01-25T18:52:30.307462,27.75,"{""Fast-Inference"": 0.4035054431889762, ""Standard-Inference"": 0.20274827341930943, ""Complex-Inference"": 0.18205414239075, ""Ensemble-Inference"": 0.2116921410009644}",0.92,100,"{""3"": 20, ""2"": 16, ""0"": 47, ""1"": 17}",53788,6.23,146.49,23.5,1.4649,16.04,1,532,533
265,2026-01-25T18:52:42.314850,26.24,"{""Fast-Inference"": 0.42249492261853616, ""Standard-Inference"": 0.2123194797847641, ""Complex-Inference"": 0.1800858483047994, ""Ensemble-Inference"": 0.18509974929190032}",0.946,95,"{""1"": 15, ""0"": 44, ""3"": 21, ""2"": 15}",62936,6.22,149.52,24.02,1.5739,15.26,1,534,535
266,2026-01-25T18:52:54.345305,17.07,"{""Fast-Inference"": 0.42806097067151344, ""Standard-Inference"": 0.18834678882755448, ""Complex-Inference"": 0.17015005367553593, ""Ensemble-Inference"": 0.21344218682539615}",0.532,100,"{""0"": 54, ""3"": 17, ""1"": 14, ""2"": 15}",60890,6.24,151.24,24.25,1.5124,16.03,1,536,537
267,2026-01-25T18:53:06.343295,21.56,"{""Fast-Inference"": 0.38232241860545807, ""Standard-Inference"": 0.17119626561492485, ""Complex-Inference"": 0.2218709685486592, ""Ensemble-Inference"": 0.22461034723095788}",0.437,100,"{""0"": 43, ""1"": 14, ""2"": 26, ""3"": 17}",65931,6.23,152.41,24.45,1.5241,16.04,1,538,539
268,2026-01-25T18:53:18.349448,8.0,"{""Fast-Inference"": 0.36687658228152553, ""Standard-Inference"": 0.19117022325469826, ""Complex-Inference"": 0.21268193112968767, ""Ensemble-Inference"": 0.22927126333408862}",0.726,100,"{""2"": 26, ""0"": 33, ""3"": 21, ""1"": 20}",74126,6.23,151.22,24.26,1.5122,16.04,1,540,541
269,2026-01-25T18:53:30.331141,9.35,"{""Fast-Inference"": 0.38215625154039845, ""Standard-Inference"": 0.2098271788947757, ""Complex-Inference"": 0.22616205140003393, ""Ensemble-Inference"": 0.18185451816479187}",0.978,99,"{""2"": 26, ""1"": 19, ""3"": 16, ""0"": 38}",71957,6.23,148.94,23.92,1.5045,15.9,1,542,543
270,2026-01-25T18:53:42.330879,18.67,"{""Fast-Inference"": 0.4337012016504418, ""Standard-Inference"": 0.16765440605253806, ""Complex-Inference"": 0.1953737967896304, ""Ensemble-Inference"": 0.2032705955073898}",0.773,100,"{""0"": 40, ""2"": 24, ""1"": 12, ""3"": 24}",72824,6.24,155.37,24.92,1.5537,16.04,1,544,545
271,2026-01-25T18:53:54.123445,26.83,"{""Fast-Inference"": 0.4420431573559361, ""Standard-Inference"": 0.18236775528428467, ""Complex-Inference"": 0.16774541373841848, ""Ensemble-Inference"": 0.2078436736213608}",0.864,87,"{""1"": 17, ""0"": 41, ""3"": 17, ""2"": 12}",50731,5.91,140.36,23.76,1.6133,14.73,1,546,547
272,2026-01-25T18:54:06.370077,22.85,"{""Fast-Inference"": 0.36526425858581896, ""Standard-Inference"": 0.2233836713477911, ""Complex-Inference"": 0.2246018133992501, ""Ensemble-Inference"": 0.18675025666713987}",0.719,100,"{""2"": 27, ""0"": 32, ""3"": 21, ""1"": 20}",75891,6.23,148.89,23.89,1.4889,16.04,1,548,549
273,2026-01-25T18:54:18.351336,13.73,"{""Fast-Inference"": 0.41201373271932185, ""Standard-Inference"": 0.198830318902757, ""Complex-Inference"": 0.2084401527225889, ""Ensemble-Inference"": 0.18071579565533225}",0.954,100,"{""3"": 27, ""0"": 36, ""2"": 18, ""1"": 19}",71636,6.23,151.96,24.39,1.5196,16.05,1,550,551
274,2026-01-25T18:54:30.352305,6.19,"{""Fast-Inference"": 0.4349295622238197, ""Standard-Inference"": 0.18413646387833915, ""Complex-Inference"": 0.1903470763331671, ""Ensemble-Inference"": 0.19058689756467406}",0.651,100,"{""1"": 14, ""3"": 23, ""0"": 41, ""2"": 22}",73361,6.24,152.5,24.46,1.525,16.04,1,552,553
275,2026-01-25T18:54:42.357958,20.53,"{""Fast-Inference"": 0.3736539034425792, ""Standard-Inference"": 0.21424043162826453, ""Complex-Inference"": 0.18840029770617492, ""Ensemble-Inference"": 0.22370536722298143}",0.627,100,"{""3"": 24, ""0"": 42, ""1"": 20, ""2"": 14}",72100,6.23,152.32,24.44,1.5232,16.04,1,554,555
276,2026-01-25T18:54:54.321417,21.81,"{""Fast-Inference"": 0.4244364712941158, ""Standard-Inference"": 0.21087687922727416, ""Complex-Inference"": 0.17933386264253678, ""Ensemble-Inference"": 0.18535278683607317}",0.981,89,"{""3"": 20, ""2"": 15, ""0"": 41, ""1"": 13}",60287,6.21,151.63,24.41,1.7037,14.33,1,556,557
277,2026-01-25T18:55:06.116928,10.08,"{""Fast-Inference"": 0.37653813369099015, ""Standard-Inference"": 0.20506155514327523, ""Complex-Inference"": 0.20225587238944154, ""Ensemble-Inference"": 0.216144438776293}",0.806,100,"{""2"": 23, ""0"": 39, ""3"": 26, ""1"": 12}",69454,5.93,142.12,23.97,1.4212,16.87,1,558,559
278,2026-01-25T18:55:18.082701,15.92,"{""Fast-Inference"": 0.3783903350464341, ""Standard-Inference"": 0.20320807975090308, ""Complex-Inference"": 0.19916672704729765, ""Ensemble-Inference"": 0.2192348581553652}",0.471,94,"{""0"": 44, ""2"": 16, ""3"": 15, ""1"": 19}",51832,5.92,141.77,23.95,1.5082,15.88,1,560,561
279,2026-01-25T18:55:30.365966,17.75,"{""Fast-Inference"": 0.40893971290771897, ""Standard-Inference"": 0.2076276281506502, ""Complex-Inference"": 0.2092341776524949, ""Ensemble-Inference"": 0.1741984812891359}",0.603,100,"{""1"": 16, ""0"": 48, ""2"": 18, ""3"": 18}",59097,6.23,152.44,24.47,1.5244,16.05,1,562,563
280,2026-01-25T18:55:42.351409,22.02,"{""Fast-Inference"": 0.3668194093996506, ""Standard-Inference"": 0.20355395852698666, ""Complex-Inference"": 0.24103449999701976, ""Ensemble-Inference"": 0.188592132076343}",0.83,100,"{""0"": 39, ""3"": 18, ""1"": 19, ""2"": 24}",69878,6.23,151.4,24.31,1.514,16.06,1,564,565
281,2026-01-25T18:55:54.335956,6.44,"{""Fast-Inference"": 0.3900670574276984, ""Standard-Inference"": 0.20785161788545625, ""Complex-Inference"": 0.1991230175616223, ""Ensemble-Inference"": 0.20295830712522311}",0.729,100,"{""2"": 21, ""3"": 20, ""0"": 42, ""1"": 17}",61812,6.23,146.86,23.57,1.4686,16.05,1,566,567
282,2026-01-25T18:56:06.342785,21.46,"{""Fast-Inference"": 0.3736592881099427, ""Standard-Inference"": 0.21858986356584326, ""Complex-Inference"": 0.1840655702796195, ""Ensemble-Inference"": 0.22368527804459457}",0.786,97,"{""1"": 17, ""3"": 20, ""0"": 38, ""2"": 22}",68925,6.23,144.88,23.27,1.4936,15.58,1,568,569
283,2026-01-25T18:56:18.309985,17.96,"{""Fast-Inference"": 0.436018817928841, ""Standard-Inference"": 0.18795551176770664, ""Complex-Inference"": 0.19217959196369855, ""Ensemble-Inference"": 0.18384607833975383}",0.825,98,"{""2"": 23, ""0"": 35, ""1"": 18, ""3"": 22}",67389,6.23,147.67,23.71,1.5069,15.73,1,570,571
284,2026-01-25T18:56:30.302165,16.57,"{""Fast-Inference"": 0.36469273532982915, ""Standard-Inference"": 0.20952786771818466, ""Complex-Inference"": 0.19981752487043236, ""Ensemble-Inference"": 0.2259618720815539}",0.406,100,"{""1"": 18, ""2"": 19, ""0"": 39, ""3"": 24}",66365,6.23,151.36,24.29,1.5136,16.05,1,572,573
285,2026-01-25T18:56:42.136426,25.64,"{""Fast-Inference"": 0.4073515946370114, ""Standard-Inference"": 0.2023642400019821, ""Complex-Inference"": 0.2105970583170134, ""Ensemble-Inference"": 0.179687107043993}",0.304,99,"{""2"": 26, ""1"": 21, ""3"": 14, ""0"": 38}",61009,5.93,149.58,25.23,1.5109,16.7,1,574,575
286,2026-01-25T18:56:54.107516,21.03,"{""Fast-Inference"": 0.44001336230565674, ""Standard-Inference"": 0.17494010270338692, ""Complex-Inference"": 0.20043435640034032, ""Ensemble-Inference"": 0.18461217859061602}",0.342,100,"{""1"": 22, ""0"": 43, ""2"": 22, ""3"": 13}",55895,5.93,145.04,24.45,1.4504,16.86,1,576,577
287,2026-01-25T18:57:06.132842,24.7,"{""Fast-Inference"": 0.4235171099286479, ""Standard-Inference"": 0.19116000207176323, ""Complex-Inference"": 0.1842905871654101, ""Ensemble-Inference"": 0.2010323008341787}",0.729,96,"{""0"": 46, ""1"": 13, ""2"": 22, ""3"": 15}",56530,5.93,144.03,24.31,1.5003,16.2,1,578,579
288,2026-01-25T18:57:18.129518,27.27,"{""Fast-Inference"": 0.37425344758937545, ""Standard-Inference"": 0.2063886751423456, ""Complex-Inference"": 0.21485679101328148, ""Ensemble-Inference"": 0.20450108625499733}",0.806,100,"{""3"": 25, ""1"": 15, ""0"": 36, ""2"": 24}",70942,5.93,143.57,24.19,1.4357,16.85,1,580,581
289,2026-01-25T18:57:30.299106,18.96,"{""Fast-Inference"": 0.376535421417891, ""Standard-Inference"": 0.1873723894937574, ""Complex-Inference"": 0.2071539312218656, ""Ensemble-Inference"": 0.22893825786648606}",0.375,94,"{""2"": 20, ""0"": 37, ""1"": 15, ""3"": 22}",60333,6.22,150.03,24.12,1.5961,15.11,1,582,583
290,2026-01-25T18:57:42.311201,10.99,"{""Fast-Inference"": 0.40728189294036715, ""Standard-Inference"": 0.1838449522956422, ""Complex-Inference"": 0.19874950444663925, ""Ensemble-Inference"": 0.2101236503173514}",0.756,100,"{""0"": 46, ""1"": 13, ""2"": 24, ""3"": 17}",65937,6.23,157.81,25.31,1.5781,16.04,1,584,585
291,2026-01-25T18:57:54.331122,13.93,"{""Fast-Inference"": 0.404903191983761, ""Standard-Inference"": 0.21011183101528022, ""Complex-Inference"": 0.20962543433907518, ""Ensemble-Inference"": 0.17535954266188372}",0.514,100,"{""0"": 49, ""1"": 12, ""2"": 23, ""3"": 16}",61999,6.23,152.46,24.46,1.5246,16.04,1,586,587
292,2026-01-25T18:58:06.297252,6.89,"{""Fast-Inference"": 0.40002619605301143, ""Standard-Inference"": 0.19645873030017785, ""Complex-Inference"": 0.20605760906026963, ""Ensemble-Inference"": 0.19745746458654115}",0.635,100,"{""1"": 19, ""0"": 42, ""3"": 19, ""2"": 20}",66204,6.23,155.29,24.93,1.5529,16.05,1,588,589
293,2026-01-25T18:58:18.366318,15.66,"{""Fast-Inference"": 0.39312066255969463, ""Standard-Inference"": 0.19082173600651584, ""Complex-Inference"": 0.2161911914803335, ""Ensemble-Inference"": 0.19986640995345598}",0.601,100,"{""2"": 23, ""3"": 17, ""0"": 41, ""1"": 19}",67407,6.23,149.85,24.04,1.4985,16.04,1,590,591
294,2026-01-25T18:58:30.075857,15.47,"{""Fast-Inference"": 0.3690355265364517, ""Standard-Inference"": 0.19865982237159355, ""Complex-Inference"": 0.19740307796563947, ""Ensemble-Inference"": 0.2349015731263152}",0.679,89,"{""0"": 33, ""2"": 20, ""1"": 18, ""3"": 18}",65167,5.91,139.65,23.62,1.5691,15.05,1,592,593
295,2026-01-25T18:58:42.077113,8.07,"{""Fast-Inference"": 0.38643619082946207, ""Standard-Inference"": 0.20056364944848837, ""Complex-Inference"": 0.21611041052942678, ""Ensemble-Inference"": 0.19688974919262275}",0.465,100,"{""1"": 21, ""2"": 23, ""3"": 24, ""0"": 32}",72708,5.93,144.18,24.31,1.4418,16.86,1,594,595
296,2026-01-25T18:58:54.110731,23.14,"{""Fast-Inference"": 0.37423112600281827, ""Standard-Inference"": 0.23372874426979165, ""Complex-Inference"": 0.2045675253215911, ""Ensemble-Inference"": 0.1874726044057991}",0.315,99,"{""0"": 34, ""1"": 31, ""3"": 20, ""2"": 14}",62256,5.93,146.46,24.71,1.4794,16.71,1,596,597
297,2026-01-25T18:59:06.296253,25.3,"{""Fast-Inference"": 0.4333623272993271, ""Standard-Inference"": 0.1786120493411757, ""Complex-Inference"": 0.19153724833420277, ""Ensemble-Inference"": 0.19648837502529437}",0.327,99,"{""3"": 26, ""0"": 37, ""1"": 14, ""2"": 22}",69361,6.23,155.27,24.92,1.5684,15.89,1,598,599
298,2026-01-25T18:59:18.115629,14.37,"{""Fast-Inference"": 0.39784289169959214, ""Standard-Inference"": 0.21834103879046443, ""Complex-Inference"": 0.19497467316575304, ""Ensemble-Inference"": 0.18884139634419045}",0.774,100,"{""1"": 20, ""0"": 38, ""3"": 22, ""2"": 20}",78479,5.93,146.24,24.65,1.4624,16.86,1,600,601
299,2026-01-25T18:59:30.337458,11.94,"{""Fast-Inference"": 0.4124934426521592, ""Standard-Inference"": 0.19081342282983477, ""Complex-Inference"": 0.2169410741422386, ""Ensemble-Inference"": 0.1797520603757674}",0.647,98,"{""3"": 19, ""2"": 20, ""0"": 42, ""1"": 17}",62896,6.23,153.56,24.63,1.5669,15.72,1,602,603
300,2026-01-25T18:59:42.080882,8.52,"{""Fast-Inference"": 0.352282669555999, ""Standard-Inference"": 0.2074298176133866, ""Complex-Inference"": 0.2209497797244967, ""Ensemble-Inference"": 0.21933773310611773}",0.932,100,"{""2"": 18, ""1"": 31, ""0"": 34, ""3"": 17}",66341,5.93,149.71,25.24,1.4971,16.86,1,604,605
301,2026-01-25T18:59:54.115092,15.1,"{""Fast-Inference"": 0.4043960048894707, ""Standard-Inference"": 0.21541758632767613, ""Complex-Inference"": 0.1651310093683937, ""Ensemble-Inference"": 0.2150553994144595}",0.949,100,"{""0"": 34, ""1"": 22, ""3"": 28, ""2"": 16}",80128,5.93,142.46,24.03,1.4246,16.87,1,606,607
302,2026-01-25T19:00:06.309706,13.15,"{""Fast-Inference"": 0.37759397094837, ""Standard-Inference"": 0.18300133621145528, ""Complex-Inference"": 0.23078650561301234, ""Ensemble-Inference"": 0.20861818722716238}",0.732,100,"{""0"": 35, ""1"": 21, ""2"": 25, ""3"": 19}",66634,6.23,157.05,25.22,1.5705,16.06,1,608,609
303,2026-01-25T19:00:18.133910,29.56,"{""Fast-Inference"": 0.3892879081630558, ""Standard-Inference"": 0.20717873265037226, ""Complex-Inference"": 0.18545671151184367, ""Ensemble-Inference"": 0.21807664767472823}",0.58,100,"{""1"": 20, ""2"": 13, ""0"": 44, ""3"": 23}",59496,5.93,147.8,24.94,1.478,16.87,1,610,611
304,2026-01-25T19:00:30.347826,16.22,"{""Fast-Inference"": 0.38533704472532176, ""Standard-Inference"": 0.22711180743507348, ""Complex-Inference"": 0.1791914943906016, ""Ensemble-Inference"": 0.20835965344900312}",0.925,97,"{""0"": 30, ""3"": 32, ""2"": 14, ""1"": 21}",78110,6.23,148.76,23.87,1.5336,15.57,1,612,613
305,2026-01-25T19:00:42.358467,18.85,"{""Fast-Inference"": 0.3883758126692501, ""Standard-Inference"": 0.20168082810502497, ""Complex-Inference"": 0.19596212377517644, ""Ensemble-Inference"": 0.21398123545054856}",0.692,94,"{""0"": 40, ""3"": 22, ""2"": 19, ""1"": 13}",65160,6.23,150.52,24.17,1.6013,15.09,1,614,615
306,2026-01-25T19:00:54.363402,9.05,"{""Fast-Inference"": 0.4062087197567352, ""Standard-Inference"": 0.1893243954276584, ""Complex-Inference"": 0.20013568386872552, ""Ensemble-Inference"": 0.20433120094688076}",0.395,100,"{""0"": 38, ""2"": 26, ""1"": 14, ""3"": 22}",68481,6.23,148.71,23.87,1.4871,16.05,1,616,617
307,2026-01-25T19:01:06.076682,12.83,"{""Fast-Inference"": 0.40224197404490386, ""Standard-Inference"": 0.1771504187294848, ""Complex-Inference"": 0.2075515096684616, ""Ensemble-Inference"": 0.21305609755714977}",0.481,100,"{""0"": 33, ""1"": 18, ""2"": 19, ""3"": 30}",76843,5.93,141.63,23.88,1.4163,16.86,1,618,619
308,2026-01-25T19:01:18.366302,20.55,"{""Fast-Inference"": 0.3692952691414138, ""Standard-Inference"": 0.23661087012130302, ""Complex-Inference"": 0.19372810508933774, ""Ensemble-Inference"": 0.20036575564794534}",0.475,100,"{""0"": 37, ""3"": 18, ""2"": 17, ""1"": 28}",55852,6.23,151.63,24.33,1.5163,16.04,1,620,621
309,2026-01-25T19:01:30.081893,14.38,"{""Fast-Inference"": 0.36189919836576556, ""Standard-Inference"": 0.23402288924035738, ""Complex-Inference"": 0.21566108528018582, ""Ensemble-Inference"": 0.18841682711369126}",0.796,86,"{""3"": 16, ""2"": 22, ""1"": 21, ""0"": 27}",61673,5.9,143.6,24.32,1.6697,14.56,1,622,623
310,2026-01-25T19:01:42.364878,20.19,"{""Fast-Inference"": 0.39479464979107665, ""Standard-Inference"": 0.17451840932620338, ""Complex-Inference"": 0.23103505084599685, ""Ensemble-Inference"": 0.19965189003672315}",0.603,100,"{""2"": 20, ""0"": 37, ""1"": 23, ""3"": 20}",67042,6.23,152.1,24.4,1.521,16.04,1,624,625
311,2026-01-25T19:01:54.079784,12.51,"{""Fast-Inference"": 0.4305716557285168, ""Standard-Inference"": 0.21040038699244443, ""Complex-Inference"": 0.18487646941635538, ""Ensemble-Inference"": 0.17415148786268334}",0.466,85,"{""3"": 17, ""0"": 33, ""2"": 13, ""1"": 22}",52917,5.91,145.99,24.72,1.7175,14.39,1,626,627
312,2026-01-25T19:02:06.087945,8.94,"{""Fast-Inference"": 0.39827421564632537, ""Standard-Inference"": 0.1824447643127791, ""Complex-Inference"": 0.1991975678280176, ""Ensemble-Inference"": 0.22008345221287803}",0.916,80,"{""2"": 17, ""1"": 13, ""0"": 32, ""3"": 18}",59481,5.89,145.73,24.72,1.8217,13.57,1,628,629
313,2026-01-25T19:02:18.343494,29.26,"{""Fast-Inference"": 0.42053135949266707, ""Standard-Inference"": 0.2128258613538109, ""Complex-Inference"": 0.17643660324716978, ""Ensemble-Inference"": 0.19020617590635236}",0.97,100,"{""3"": 23, ""0"": 42, ""2"": 18, ""1"": 17}",67435,6.23,151.41,24.3,1.5141,16.05,1,630,631
314,2026-01-25T19:02:30.083976,16.17,"{""Fast-Inference"": 0.3796587705798861, ""Standard-Inference"": 0.232110469724906, ""Complex-Inference"": 0.20062097644152263, ""Ensemble-Inference"": 0.18760978325368524}",0.399,100,"{""1"": 25, ""0"": 39, ""2"": 16, ""3"": 20}",61557,5.93,144.61,24.37,1.4461,16.85,1,632,633
315,2026-01-25T19:02:42.112801,17.82,"{""Fast-Inference"": 0.41182282435625295, ""Standard-Inference"": 0.19095850306316664, ""Complex-Inference"": 0.17542631985940896, ""Ensemble-Inference"": 0.2217923527211716}",0.508,96,"{""3"": 15, ""0"": 41, ""1"": 26, ""2"": 14}",55156,5.92,148.98,25.16,1.5519,16.21,1,634,635
316,2026-01-25T19:02:54.358282,9.15,"{""Fast-Inference"": 0.3952310164694715, ""Standard-Inference"": 0.21072045927681216, ""Complex-Inference"": 0.19013247851210652, ""Ensemble-Inference"": 0.20391604574160985}",0.905,90,"{""1"": 17, ""2"": 11, ""0"": 43, ""3"": 19}",57841,6.22,150.43,24.2,1.6714,14.48,1,636,637
317,2026-01-25T19:03:06.356001,15.72,"{""Fast-Inference"": 0.36427982213917914, ""Standard-Inference"": 0.22682740590304476, ""Complex-Inference"": 0.18403705733868891, ""Ensemble-Inference"": 0.2248557146190871}",0.365,100,"{""1"": 31, ""0"": 34, ""3"": 20, ""2"": 15}",61962,6.23,150.98,24.23,1.5098,16.05,1,638,639
318,2026-01-25T19:03:18.100335,21.4,"{""Fast-Inference"": 0.4014820032690934, ""Standard-Inference"": 0.19042850646508572, ""Complex-Inference"": 0.19815268821596835, ""Ensemble-Inference"": 0.20993680204985257}",0.771,100,"{""1"": 18, ""3"": 24, ""0"": 40, ""2"": 18}",74060,5.93,143.08,24.12,1.4308,16.86,1,640,641
319,2026-01-25T19:03:30.125241,23.23,"{""Fast-Inference"": 0.44030759182344453, ""Standard-Inference"": 0.188600553055952, ""Complex-Inference"": 0.17899720526100565, ""Ensemble-Inference"": 0.19209464985959782}",0.322,100,"{""3"": 22, ""1"": 17, ""0"": 44, ""2"": 17}",60540,5.93,143.13,24.15,1.4313,16.87,1,642,643
320,2026-01-25T19:03:42.098627,6.92,"{""Fast-Inference"": 0.3864646815111364, ""Standard-Inference"": 0.2180433966957374, ""Complex-Inference"": 0.19659405570080835, ""Ensemble-Inference"": 0.19889786609231783}",0.302,97,"{""0"": 39, ""1"": 23, ""2"": 16, ""3"": 19}",57990,5.92,143.89,24.29,1.4835,16.37,1,644,645
321,2026-01-25T19:03:54.145499,25.73,"{""Fast-Inference"": 0.36176770680558107, ""Standard-Inference"": 0.2170008899688201, ""Complex-Inference"": 0.20375731378410497, ""Ensemble-Inference"": 0.2174740894414938}",0.535,100,"{""0"": 32, ""1"": 21, ""3"": 21, ""2"": 26}",70380,5.93,144.76,24.41,1.4476,16.86,1,646,647
322,2026-01-25T19:04:06.337310,6.28,"{""Fast-Inference"": 0.40256107173342237, ""Standard-Inference"": 0.1924548213922452, ""Complex-Inference"": 0.21423618918703796, ""Ensemble-Inference"": 0.19074791768729446}",0.597,100,"{""0"": 40, ""3"": 21, ""2"": 18, ""1"": 21}",61982,6.24,151.09,24.23,1.5109,16.04,1,648,649
323,2026-01-25T19:04:18.373278,14.24,"{""Fast-Inference"": 0.37343667791777746, ""Standard-Inference"": 0.18562104082057246, ""Complex-Inference"": 0.215876388963576, ""Ensemble-Inference"": 0.2250658922980741}",0.862,100,"{""3"": 25, ""0"": 39, ""1"": 22, ""2"": 14}",67068,6.23,153.41,24.61,1.5341,16.04,1,650,651
324,2026-01-25T19:04:30.083121,19.75,"{""Fast-Inference"": 0.3764988188615566, ""Standard-Inference"": 0.21503466670844107, ""Complex-Inference"": 0.2181782785925058, ""Ensemble-Inference"": 0.19028823583749646}",0.84,100,"{""0"": 37, ""1"": 23, ""3"": 22, ""2"": 18}",68607,5.93,141.18,23.8,1.4118,16.86,1,652,653
325,2026-01-25T19:04:42.152075,21.51,"{""Fast-Inference"": 0.3936758601472786, ""Standard-Inference"": 0.20438042991573824, ""Complex-Inference"": 0.20351007325184953, ""Ensemble-Inference"": 0.19843363668513372}",0.363,100,"{""2"": 19, ""3"": 28, ""1"": 22, ""0"": 31}",65540,5.93,142.64,24.04,1.4264,16.86,1,654,655
326,2026-01-25T19:04:54.122688,22.2,"{""Fast-Inference"": 0.40363022013684996, ""Standard-Inference"": 0.22122247990681662, ""Complex-Inference"": 0.19463219456415343, ""Ensemble-Inference"": 0.18051510539217994}",0.353,92,"{""2"": 17, ""3"": 20, ""0"": 35, ""1"": 20}",60919,5.91,144.05,24.38,1.5657,15.57,1,656,657
327,2026-01-25T19:05:06.147568,23.0,"{""Fast-Inference"": 0.39595190193893337, ""Standard-Inference"": 0.1779750615393702, ""Complex-Inference"": 0.21302303980868595, ""Ensemble-Inference"": 0.2130499967130106}",0.436,100,"{""2"": 25, ""1"": 18, ""0"": 38, ""3"": 19}",64965,5.93,144.64,24.39,1.4464,16.86,1,658,659
328,2026-01-25T19:05:18.361966,13.19,"{""Fast-Inference"": 0.3587452418755141, ""Standard-Inference"": 0.21432855810830304, ""Complex-Inference"": 0.2111945514313557, ""Ensemble-Inference"": 0.2157316485848272}",0.3,100,"{""1"": 24, ""0"": 37, ""3"": 19, ""2"": 20}",60945,6.24,152.2,24.41,1.522,16.04,1,660,661
329,2026-01-25T19:05:30.373946,7.35,"{""Fast-Inference"": 0.3630411753621504, ""Standard-Inference"": 0.20199099513047744, ""Complex-Inference"": 0.23336613747547913, ""Ensemble-Inference"": 0.2016016920318929}",0.704,100,"{""3"": 18, ""1"": 24, ""0"": 38, ""2"": 20}",65021,6.23,147.18,23.62,1.4718,16.05,1,662,663
330,2026-01-25T19:05:42.273674,11.79,"{""Fast-Inference"": 0.4275645035614624, ""Standard-Inference"": 0.19712431845984257, ""Complex-Inference"": 0.1911808233326885, ""Ensemble-Inference"": 0.1841303546460065}",0.303,100,"{""1"": 17, ""2"": 25, ""0"": 43, ""3"": 15}",56540,5.93,147.93,24.96,1.4793,16.87,1,664,665
331,2026-01-25T19:05:54.100934,19.15,"{""Fast-Inference"": 0.428959388440709, ""Standard-Inference"": 0.1814598227408781, ""Complex-Inference"": 0.20032438032751268, ""Ensemble-Inference"": 0.1892564084909003}",0.968,96,"{""0"": 43, ""3"": 17, ""2"": 16, ""1"": 20}",56709,5.93,140.19,23.66,1.4603,16.2,1,666,667
332,2026-01-25T19:06:06.152120,28.82,"{""Fast-Inference"": 0.4181587544574647, ""Standard-Inference"": 0.17684920112493857, ""Complex-Inference"": 0.18793019590504645, ""Ensemble-Inference"": 0.21706184851255023}",0.586,100,"{""2"": 20, ""0"": 44, ""3"": 25, ""1"": 11}",67370,5.93,145.59,24.54,1.4559,16.85,1,668,669
333,2026-01-25T19:06:18.354193,29.84,"{""Fast-Inference"": 0.40772391502096506, ""Standard-Inference"": 0.18368190642335802, ""Complex-Inference"": 0.18047532346771836, ""Ensemble-Inference"": 0.22811885508795846}",0.359,96,"{""0"": 37, ""2"": 17, ""1"": 19, ""3"": 23}",62176,6.23,150.45,24.16,1.5672,15.42,1,670,671
334,2026-01-25T19:06:30.366462,16.83,"{""Fast-Inference"": 0.4370436244258559, ""Standard-Inference"": 0.17403574158730892, ""Complex-Inference"": 0.2101650084421907, ""Ensemble-Inference"": 0.17875562554464453}",0.424,100,"{""0"": 38, ""2"": 21, ""3"": 18, ""1"": 23}",61056,6.23,149.0,23.91,1.49,16.04,1,672,673
335,2026-01-25T19:06:42.300484,25.84,"{""Fast-Inference"": 0.4325322568787217, ""Standard-Inference"": 0.2122122911545189, ""Complex-Inference"": 0.17190863437611564, ""Ensemble-Inference"": 0.18334681759064372}",0.975,84,"{""2"": 18, ""0"": 33, ""1"": 16, ""3"": 17}",61688,6.2,149.1,24.04,1.775,13.54,1,674,675
336,2026-01-25T19:06:54.103443,11.59,"{""Fast-Inference"": 0.3789765986017742, ""Standard-Inference"": 0.2079721110032477, ""Complex-Inference"": 0.19281548828690226, ""Ensemble-Inference"": 0.22023580210807586}",0.602,98,"{""0"": 36, ""1"": 22, ""3"": 26, ""2"": 14}",64759,5.93,144.66,24.41,1.4762,16.54,1,676,677
337,2026-01-25T19:07:06.140351,18.25,"{""Fast-Inference"": 0.3754821538591241, ""Standard-Inference"": 0.20730561507706702, ""Complex-Inference"": 0.2045824640475819, ""Ensemble-Inference"": 0.21262976701622693}",0.558,100,"{""1"": 17, ""2"": 31, ""3"": 15, ""0"": 37}",68675,5.92,141.49,23.88,1.4149,16.88,1,678,679
338,2026-01-25T19:07:18.308706,25.29,"{""Fast-Inference"": 0.405677906925982, ""Standard-Inference"": 0.21794463585151294, ""Complex-Inference"": 0.18697963733475734, ""Ensemble-Inference"": 0.18939781988774768}",0.875,100,"{""0"": 41, ""2"": 18, ""1"": 21, ""3"": 20}",65857,6.23,151.01,24.24,1.5101,16.05,1,680,681
339,2026-01-25T19:07:30.343269,10.28,"{""Fast-Inference"": 0.39322759232257165, ""Standard-Inference"": 0.21294501970021237, ""Complex-Inference"": 0.22002639967576793, ""Ensemble-Inference"": 0.17380098830144805}",0.928,98,"{""0"": 35, ""2"": 29, ""1"": 19, ""3"": 15}",65789,6.23,151.64,24.35,1.5473,15.74,1,682,683
340,2026-01-25T19:07:42.295217,5.08,"{""Fast-Inference"": 0.4022515990859808, ""Standard-Inference"": 0.21548868426538423, ""Complex-Inference"": 0.17933383093921207, ""Ensemble-Inference"": 0.20292588570942285}",0.41,93,"{""3"": 20, ""2"": 17, ""1"": 23, ""0"": 33}",58376,6.22,148.53,23.87,1.5971,14.94,1,684,685
341,2026-01-25T19:07:54.284237,7.4,"{""Fast-Inference"": 0.42884337102594594, ""Standard-Inference"": 0.174813582192324, ""Complex-Inference"": 0.20722616590490647, ""Ensemble-Inference"": 0.1891168808768235}",0.444,85,"{""0"": 34, ""3"": 20, ""2"": 12, ""1"": 19}",54277,6.21,147.91,23.83,1.7402,13.69,1,686,687
342,2026-01-25T19:08:06.099542,7.32,"{""Fast-Inference"": 0.4094889981016876, ""Standard-Inference"": 0.20648979465068723, ""Complex-Inference"": 0.18861096859052207, ""Ensemble-Inference"": 0.19541023865710322}",0.626,100,"{""2"": 16, ""1"": 34, ""0"": 36, ""3"": 14}",58485,5.93,139.31,23.49,1.3931,16.86,1,688,689
343,2026-01-25T19:08:18.143061,7.18,"{""Fast-Inference"": 0.4558959340611084, ""Standard-Inference"": 0.1740921787078842, ""Complex-Inference"": 0.17170091078324298, ""Ensemble-Inference"": 0.19831097644776433}",0.692,100,"{""1"": 22, ""0"": 43, ""3"": 21, ""2"": 14}",60682,5.93,145.49,24.52,1.4549,16.85,1,690,691
344,2026-01-25T19:08:30.133048,26.04,"{""Fast-Inference"": 0.38944191156694885, ""Standard-Inference"": 0.2164495143157303, ""Complex-Inference"": 0.20508421364213303, ""Ensemble-Inference"": 0.18902436047518772}",0.406,100,"{""1"": 22, ""2"": 15, ""0"": 45, ""3"": 18}",53271,5.93,140.9,23.75,1.409,16.85,1,692,693
345,2026-01-25T19:08:42.320352,23.73,"{""Fast-Inference"": 0.40032505032214294, ""Standard-Inference"": 0.217641490194952, ""Complex-Inference"": 0.19491721264507145, ""Ensemble-Inference"": 0.18711624683783357}",0.542,87,"{""0"": 24, ""2"": 17, ""1"": 21, ""3"": 25}",65429,6.21,154.23,24.83,1.7728,14.01,1,694,695
346,2026-01-25T19:08:54.090547,16.14,"{""Fast-Inference"": 0.3578956416629486, ""Standard-Inference"": 0.21195904178080613, ""Complex-Inference"": 0.20268651923102074, ""Ensemble-Inference"": 0.22745879732522448}",0.626,79,"{""1"": 18, ""2"": 15, ""3"": 21, ""0"": 25}",60427,5.89,140.65,23.86,1.7803,13.4,1,696,697
347,2026-01-25T19:09:06.314629,20.34,"{""Fast-Inference"": 0.36663018614148285, ""Standard-Inference"": 0.22401308722358737, ""Complex-Inference"": 0.18663764368920172, ""Ensemble-Inference"": 0.2227190829457281}",0.518,97,"{""0"": 34, ""1"": 22, ""2"": 13, ""3"": 28}",66293,6.22,147.85,23.75,1.5243,15.58,1,698,699
348,2026-01-25T19:09:18.121040,14.22,"{""Fast-Inference"": 0.4095088565785564, ""Standard-Inference"": 0.17583430857255208, ""Complex-Inference"": 0.18764603641325678, ""Ensemble-Inference"": 0.22701079843563476}",0.955,100,"{""2"": 18, ""0"": 49, ""3"": 21, ""1"": 12}",63851,5.93,143.67,24.23,1.4367,16.87,1,700,701
349,2026-01-25T19:09:30.322666,22.75,"{""Fast-Inference"": 0.38531304991009924, ""Standard-Inference"": 0.20526840492822257, ""Complex-Inference"": 0.21565984641644037, ""Ensemble-Inference"": 0.1937586987452377}",0.676,95,"{""0"": 43, ""1"": 10, ""2"": 25, ""3"": 17}",60201,6.23,147.17,23.64,1.5492,15.26,1,702,703
350,2026-01-25T19:09:42.320983,12.2,"{""Fast-Inference"": 0.42153860504694246, ""Standard-Inference"": 0.1828211555232508, ""Complex-Inference"": 0.21002345841797254, ""Ensemble-Inference"": 0.18561678101183426}",0.404,97,"{""0"": 34, ""2"": 27, ""3"": 18, ""1"": 18}",63677,6.23,155.32,24.93,1.6012,15.57,1,704,705
351,2026-01-25T19:09:54.338250,18.46,"{""Fast-Inference"": 0.4037889962325145, ""Standard-Inference"": 0.20304398084792435, ""Complex-Inference"": 0.19350921806800955, ""Ensemble-Inference"": 0.19965780485155166}",0.446,93,"{""0"": 31, ""1"": 30, ""3"": 18, ""2"": 14}",59566,6.23,155.97,25.05,1.6771,14.94,1,706,707
352,2026-01-25T19:10:06.324170,8.9,"{""Fast-Inference"": 0.382231731856086, ""Standard-Inference"": 0.19042802670281453, ""Complex-Inference"": 0.1873555123756741, ""Ensemble-Inference"": 0.23998472906542542}",0.876,100,"{""1"": 17, ""0"": 46, ""3"": 14, ""2"": 23}",64379,6.24,149.71,24.01,1.4971,16.04,1,708,709
353,2026-01-25T19:10:18.276928,26.82,"{""Fast-Inference"": 0.44455754194326413, ""Standard-Inference"": 0.20650583207039258, ""Complex-Inference"": 0.17731294176152151, ""Ensemble-Inference"": 0.17162368422482177}",0.459,90,"{""0"": 37, ""2"": 20, ""1"": 18, ""3"": 15}",57698,6.21,154.05,24.79,1.7117,14.48,1,710,711
354,2026-01-25T19:10:30.126240,23.48,"{""Fast-Inference"": 0.4304715592497614, ""Standard-Inference"": 0.21766023716013852, ""Complex-Inference"": 0.18103169391179272, ""Ensemble-Inference"": 0.1708365096783073}",0.779,100,"{""0"": 42, ""1"": 17, ""2"": 22, ""3"": 19}",64744,5.93,143.56,24.2,1.4356,16.86,1,712,713
355,2026-01-25T19:10:42.329454,8.03,"{""Fast-Inference"": 0.36915034433391136, ""Standard-Inference"": 0.2269912144980367, ""Complex-Inference"": 0.17602332159800693, ""Ensemble-Inference"": 0.22783511957004499}",0.7,96,"{""1"": 23, ""3"": 24, ""2"": 24, ""0"": 25}",70772,6.22,149.57,24.03,1.5581,15.42,1,714,715
356,2026-01-25T19:10:54.311580,20.82,"{""Fast-Inference"": 0.37292577421529693, ""Standard-Inference"": 0.1965588301276699, ""Complex-Inference"": 0.2288639618367731, ""Ensemble-Inference"": 0.2016514338202601}",0.516,89,"{""0"": 40, ""2"": 16, ""1"": 17, ""3"": 16}",52098,6.21,150.36,24.19,1.6895,14.32,1,716,717
357,2026-01-25T19:11:06.078295,15.16,"{""Fast-Inference"": 0.3759285510847416, ""Standard-Inference"": 0.2318660122656193, ""Complex-Inference"": 0.20578992340801644, ""Ensemble-Inference"": 0.18641551324162262}",0.631,100,"{""3"": 16, ""0"": 34, ""2"": 22, ""1"": 28}",70641,5.93,143.28,24.16,1.4328,16.86,1,718,719
358,2026-01-25T19:11:18.142243,9.44,"{""Fast-Inference"": 0.3518366845407785, ""Standard-Inference"": 0.2146632547574359, ""Complex-Inference"": 0.22735362260324318, ""Ensemble-Inference"": 0.20614643809854244}",0.524,100,"{""0"": 43, ""3"": 18, ""2"": 21, ""1"": 18}",59425,5.93,144.76,24.42,1.4476,16.87,1,720,721
359,2026-01-25T19:11:30.344449,9.29,"{""Fast-Inference"": 0.3744268939122821, ""Standard-Inference"": 0.1894541451424409, ""Complex-Inference"": 0.211302847854034, ""Ensemble-Inference"": 0.22481611309124303}",0.922,100,"{""0"": 49, ""3"": 16, ""2"": 15, ""1"": 20}",58066,6.23,148.78,23.86,1.4878,16.04,1,722,723
360,2026-01-25T19:11:42.365303,25.24,"{""Fast-Inference"": 0.42424008944149666, ""Standard-Inference"": 0.20137520796760225, ""Complex-Inference"": 0.18701065469027583, ""Ensemble-Inference"": 0.1873740479006253}",0.3,87,"{""0"": 37, ""2"": 17, ""3"": 12, ""1"": 21}",46737,6.21,152.98,24.64,1.7584,14.01,1,724,725
361,2026-01-25T19:11:54.288264,8.01,"{""Fast-Inference"": 0.4053641470723771, ""Standard-Inference"": 0.1929180784231066, ""Complex-Inference"": 0.17812362478248872, ""Ensemble-Inference"": 0.22359414972202754}",0.527,93,"{""0"": 37, ""3"": 26, ""2"": 13, ""1"": 17}",61329,6.22,152.6,24.54,1.6408,14.95,1,726,727
362,2026-01-25T19:12:06.373570,8.15,"{""Fast-Inference"": 0.39531286805018573, ""Standard-Inference"": 0.2114092923292071, ""Complex-Inference"": 0.2193826899554901, ""Ensemble-Inference"": 0.17389514966511707}",0.74,95,"{""0"": 37, ""1"": 26, ""3"": 14, ""2"": 18}",57496,6.22,155.03,24.91,1.6319,15.26,1,728,729
363,2026-01-25T19:12:18.089751,25.81,"{""Fast-Inference"": 0.3690472706198923, ""Standard-Inference"": 0.2207919482526914, ""Complex-Inference"": 0.18145579512213092, ""Ensemble-Inference"": 0.22870498600528533}",0.847,100,"{""0"": 34, ""2"": 17, ""3"": 23, ""1"": 26}",67295,5.94,143.5,24.18,1.435,16.85,1,730,731
364,2026-01-25T19:12:30.298396,10.59,"{""Fast-Inference"": 0.3853636364915695, ""Standard-Inference"": 0.21794434413838729, ""Complex-Inference"": 0.19151529144237983, ""Ensemble-Inference"": 0.20517672792766342}",0.973,100,"{""0"": 37, ""2"": 20, ""3"": 21, ""1"": 22}",66043,6.23,151.22,24.27,1.5122,16.05,1,732,733
365,2026-01-25T19:12:42.305615,29.73,"{""Fast-Inference"": 0.4459480362937863, ""Standard-Inference"": 0.16800847300196883, ""Complex-Inference"": 0.1783865466124533, ""Ensemble-Inference"": 0.20765694409179158}",0.5,90,"{""2"": 14, ""3"": 19, ""0"": 40, ""1"": 17}",56705,6.22,148.36,23.85,1.6484,14.47,1,734,735
366,2026-01-25T19:12:54.277723,14.69,"{""Fast-Inference"": 0.405722165500203, ""Standard-Inference"": 0.2115632441140028, ""Complex-Inference"": 0.20121210444317106, ""Ensemble-Inference"": 0.1815024859426231}",0.59,93,"{""2"": 16, ""0"": 37, ""1"": 24, ""3"": 16}",58642,6.22,150.84,24.26,1.6219,14.96,1,736,737
367,2026-01-25T19:13:06.369004,20.65,"{""Fast-Inference"": 0.4270359856845983, ""Standard-Inference"": 0.1867041278609814, ""Complex-Inference"": 0.2097037113759653, ""Ensemble-Inference"": 0.17655617507845503}",0.808,99,"{""3"": 12, ""2"": 19, ""1"": 24, ""0"": 44}",57374,6.23,151.3,24.28,1.5282,15.89,1,738,739
368,2026-01-25T19:13:18.118857,17.93,"{""Fast-Inference"": 0.4098821969888709, ""Standard-Inference"": 0.18617057620006705, ""Complex-Inference"": 0.19304534004829604, ""Ensemble-Inference"": 0.21090188676276597}",0.676,98,"{""2"": 19, ""0"": 40, ""3"": 21, ""1"": 18}",68150,5.93,146.22,24.64,1.4921,16.51,1,740,741
369,2026-01-25T19:13:30.302037,26.38,"{""Fast-Inference"": 0.39830443227140827, ""Standard-Inference"": 0.2202106228148181, ""Complex-Inference"": 0.20071584014913024, ""Ensemble-Inference"": 0.18076910476464333}",0.524,89,"{""0"": 33, ""2"": 19, ""1"": 20, ""3"": 17}",57990,6.22,150.1,24.15,1.6866,14.32,1,742,743
370,2026-01-25T19:13:42.098385,6.52,"{""Fast-Inference"": 0.41210661296700557, ""Standard-Inference"": 0.20733610707212635, ""Complex-Inference"": 0.18563206350319417, ""Ensemble-Inference"": 0.19492521645767386}",0.497,94,"{""0"": 41, ""3"": 19, ""1"": 14, ""2"": 20}",62191,5.92,143.46,24.23,1.5262,15.88,1,744,745
371,2026-01-25T19:13:54.330792,28.4,"{""Fast-Inference"": 0.421057395895684, ""Standard-Inference"": 0.18187491709190368, ""Complex-Inference"": 0.19939227514471608, ""Ensemble-Inference"": 0.1976754118676963}",0.437,90,"{""0"": 40, ""3"": 21, ""1"": 12, ""2"": 17}",60443,6.22,153.51,24.69,1.7057,14.48,1,746,747
372,2026-01-25T19:14:06.336959,21.95,"{""Fast-Inference"": 0.37987771531042824, ""Standard-Inference"": 0.21168497745466236, ""Complex-Inference"": 0.20748888840944496, ""Ensemble-Inference"": 0.20094841882546435}",0.644,100,"{""2"": 25, ""0"": 44, ""3"": 16, ""1"": 15}",61106,6.24,151.63,24.31,1.5163,16.03,1,748,749
373,2026-01-25T19:14:18.361879,14.93,"{""Fast-Inference"": 0.3783707986789319, ""Standard-Inference"": 0.22691338667682742, ""Complex-Inference"": 0.1900605376710719, ""Ensemble-Inference"": 0.20465527697316882}",0.989,90,"{""3"": 30, ""0"": 26, ""2"": 19, ""1"": 15}",76952,6.22,151.62,24.38,1.6846,14.47,1,750,751
374,2026-01-25T19:14:30.326081,5.36,"{""Fast-Inference"": 0.3763511695062735, ""Standard-Inference"": 0.19615060549407295, ""Complex-Inference"": 0.2288625936810411, ""Ensemble-Inference"": 0.1986356313186125}",0.942,100,"{""3"": 22, ""1"": 25, ""2"": 25, ""0"": 28}",78792,6.24,151.13,24.23,1.5113,16.03,1,752,753
375,2026-01-25T19:14:42.150418,25.71,"{""Fast-Inference"": 0.37929045788574556, ""Standard-Inference"": 0.19813598277190886, ""Complex-Inference"": 0.2115301281106914, ""Ensemble-Inference"": 0.21104343123165403}",0.916,100,"{""2"": 22, ""3"": 22, ""0"": 35, ""1"": 21}",66932,5.93,148.14,24.97,1.4814,16.86,1,754,755
376,2026-01-25T19:14:54.337180,5.37,"{""Fast-Inference"": 0.42888315507400593, ""Standard-Inference"": 0.20207395063766576, ""Complex-Inference"": 0.20199763829519504, ""Ensemble-Inference"": 0.16704525599313325}",0.467,87,"{""0"": 34, ""1"": 20, ""2"": 21, ""3"": 12}",55510,6.22,151.71,24.41,1.7437,14.0,1,756,757
377,2026-01-25T19:15:06.137700,26.53,"{""Fast-Inference"": 0.4039814350470641, ""Standard-Inference"": 0.20714719570952245, ""Complex-Inference"": 0.21353242872753112, ""Ensemble-Inference"": 0.1753389405158824}",0.449,99,"{""0"": 48, ""1"": 17, ""2"": 17, ""3"": 17}",56209,5.93,139.04,23.45,1.4044,16.69,1,758,759
378,2026-01-25T19:15:18.328658,21.62,"{""Fast-Inference"": 0.42715891927946303, ""Standard-Inference"": 0.17638277857501242, ""Complex-Inference"": 0.21339271908004429, ""Ensemble-Inference"": 0.18306558306548026}",0.666,100,"{""3"": 17, ""1"": 19, ""2"": 24, ""0"": 40}",54896,6.23,148.53,23.82,1.4853,16.04,1,760,761
379,2026-01-25T19:15:30.337333,11.95,"{""Fast-Inference"": 0.4290564284379168, ""Standard-Inference"": 0.19708530167548208, ""Complex-Inference"": 0.17617079418878884, ""Ensemble-Inference"": 0.19768747569781223}",0.742,94,"{""2"": 14, ""1"": 16, ""0"": 42, ""3"": 22}",62938,6.22,146.96,23.61,1.5634,15.1,1,762,763
380,2026-01-25T19:15:42.118527,24.68,"{""Fast-Inference"": 0.38628732099973556, ""Standard-Inference"": 0.17327774235119223, ""Complex-Inference"": 0.22783659856335917, ""Ensemble-Inference"": 0.21259833808571307}",0.68,92,"{""3"": 15, ""0"": 44, ""1"": 11, ""2"": 22}",60571,5.92,143.95,24.33,1.5647,15.55,1,764,765
381,2026-01-25T19:15:54.137286,21.01,"{""Fast-Inference"": 0.4067516020580387, ""Standard-Inference"": 0.21311103775037465, ""Complex-Inference"": 0.1879834329229846, ""Ensemble-Inference"": 0.19215392726860203}",0.789,100,"{""2"": 17, ""1"": 25, ""3"": 12, ""0"": 46}",58026,5.93,144.07,24.29,1.4407,16.86,1,766,767
382,2026-01-25T19:16:06.339977,26.71,"{""Fast-Inference"": 0.383551144391183, ""Standard-Inference"": 0.1903016561957838, ""Complex-Inference"": 0.2313531869524043, ""Ensemble-Inference"": 0.19479401246062894}",0.626,100,"{""0"": 42, ""1"": 19, ""2"": 18, ""3"": 21}",65317,6.24,152.72,24.49,1.5272,16.04,1,768,769
383,2026-01-25T19:16:18.070600,12.5,"{""Fast-Inference"": 0.4029054573431312, ""Standard-Inference"": 0.20925523417297745, ""Complex-Inference"": 0.1779666166484003, ""Ensemble-Inference"": 0.20987269183549093}",0.848,95,"{""0"": 41, ""1"": 26, ""3"": 16, ""2"": 12}",53706,5.92,143.8,24.28,1.5137,16.04,1,770,771
384,2026-01-25T19:16:30.095678,28.0,"{""Fast-Inference"": 0.40547974655711405, ""Standard-Inference"": 0.18750906962240108, ""Complex-Inference"": 0.20546555951465797, ""Ensemble-Inference"": 0.20154562430582687}",0.532,100,"{""3"": 18, ""0"": 50, ""1"": 15, ""2"": 17}",59203,5.93,141.02,23.77,1.4102,16.86,1,772,773
385,2026-01-25T19:16:42.091592,24.29,"{""Fast-Inference"": 0.4069175806873058, ""Standard-Inference"": 0.20586953110711056, ""Complex-Inference"": 0.18834991830792042, ""Ensemble-Inference"": 0.1988629698976631}",0.458,98,"{""1"": 22, ""0"": 42, ""2"": 19, ""3"": 15}",55891,5.93,143.33,24.17,1.4625,16.53,1,774,775
386,2026-01-25T19:16:54.303948,21.12,"{""Fast-Inference"": 0.3922664961389116, ""Standard-Inference"": 0.2137998338563856, ""Complex-Inference"": 0.19454212358135298, ""Ensemble-Inference"": 0.1993915464233497}",0.377,100,"{""1"": 21, ""0"": 35, ""3"": 20, ""2"": 24}",64859,6.24,158.05,25.33,1.5805,16.03,1,776,777
387,2026-01-25T19:17:06.369445,24.09,"{""Fast-Inference"": 0.4406827467144264, ""Standard-Inference"": 0.1865579359619436, ""Complex-Inference"": 0.1893147209399365, ""Ensemble-Inference"": 0.18344459638369354}",0.339,100,"{""1"": 17, ""0"": 47, ""2"": 19, ""3"": 17}",55044,6.24,150.73,24.16,1.5073,16.03,1,778,779
388,2026-01-25T19:17:18.085270,11.23,"{""Fast-Inference"": 0.39460652342892405, ""Standard-Inference"": 0.19847809245728198, ""Complex-Inference"": 0.22065808239290793, ""Ensemble-Inference"": 0.18625730172088592}",0.311,98,"{""2"": 24, ""1"": 18, ""0"": 42, ""3"": 14}",58850,5.92,141.61,23.9,1.445,16.54,1,780,781
389,2026-01-25T19:17:30.285001,21.78,"{""Fast-Inference"": 0.38724180660997937, ""Standard-Inference"": 0.24201628501571734, ""Complex-Inference"": 0.18276740514241624, ""Ensemble-Inference"": 0.18797450323188697}",0.3,93,"{""1"": 22, ""0"": 33, ""2"": 17, ""3"": 21}",62356,5.92,140.6,23.76,1.5118,15.72,1,782,783
390,2026-01-25T19:17:42.080388,10.26,"{""Fast-Inference"": 0.3962807449732482, ""Standard-Inference"": 0.1990216060278277, ""Complex-Inference"": 0.20564228171228524, ""Ensemble-Inference"": 0.1990553672866389}",0.476,100,"{""3"": 24, ""1"": 23, ""2"": 18, ""0"": 35}",65211,5.93,146.1,24.63,1.461,16.86,1,784,785
391,2026-01-25T19:17:54.158689,6.78,"{""Fast-Inference"": 0.4373967435811079, ""Standard-Inference"": 0.17302960240963908, ""Complex-Inference"": 0.17319347327425055, ""Ensemble-Inference"": 0.21638018073500254}",0.475,100,"{""2"": 21, ""3"": 25, ""0"": 34, ""1"": 20}",75220,5.94,142.83,24.05,1.4283,16.84,1,786,787
392,2026-01-25T19:18:06.346083,13.16,"{""Fast-Inference"": 0.4064466512955719, ""Standard-Inference"": 0.19489503277840234, ""Complex-Inference"": 0.18075120252822727, ""Ensemble-Inference"": 0.21790711339779853}",0.461,83,"{""3"": 16, ""1"": 17, ""0"": 39, ""2"": 11}",45145,6.2,154.25,24.88,1.8584,13.39,1,788,789
393,2026-01-25T19:18:18.100993,11.26,"{""Fast-Inference"": 0.37970687393323205, ""Standard-Inference"": 0.21234385765577798, ""Complex-Inference"": 0.21480197588851727, ""Ensemble-Inference"": 0.1931472925224727}",0.986,77,"{""3"": 10, ""0"": 37, ""1"": 15, ""2"": 15}",43525,5.9,145.28,24.64,1.8868,13.06,1,790,791
394,2026-01-25T19:18:30.103632,25.34,"{""Fast-Inference"": 0.40186287101130475, ""Standard-Inference"": 0.18189659304178502, ""Complex-Inference"": 0.18017985701906883, ""Ensemble-Inference"": 0.23606067892784144}",0.543,100,"{""1"": 15, ""3"": 21, ""0"": 50, ""2"": 14}",61785,5.93,139.27,23.5,1.3927,16.87,1,792,793
395,2026-01-25T19:18:42.340277,29.76,"{""Fast-Inference"": 0.4073848994865447, ""Standard-Inference"": 0.19400518492975896, ""Complex-Inference"": 0.2084112460746229, ""Ensemble-Inference"": 0.19019866950907344}",0.565,100,"{""1"": 23, ""3"": 25, ""2"": 17, ""0"": 35}",68445,6.24,150.0,24.05,1.5,16.04,1,794,795
396,2026-01-25T19:18:54.367035,28.64,"{""Fast-Inference"": 0.40607353705646815, ""Standard-Inference"": 0.2087544531116442, ""Complex-Inference"": 0.19937542190941002, ""Ensemble-Inference"": 0.18579658792247758}",0.433,99,"{""1"": 22, ""0"": 45, ""3"": 14, ""2"": 18}",56824,6.23,149.15,23.93,1.5066,15.88,1,796,797
397,2026-01-25T19:19:06.281045,18.13,"{""Fast-Inference"": 0.3548371494314084, ""Standard-Inference"": 0.22631861195183323, ""Complex-Inference"": 0.19250319601268434, ""Ensemble-Inference"": 0.2263410426040741}",0.674,100,"{""0"": 37, ""3"": 17, ""1"": 24, ""2"": 22}",70246,6.17,149.98,24.29,1.4998,16.19,1,798,799
398,2026-01-25T19:19:18.361876,10.62,"{""Fast-Inference"": 0.4272550902524426, ""Standard-Inference"": 0.18933546393411405, ""Complex-Inference"": 0.19175871742234737, ""Ensemble-Inference"": 0.1916507283910959}",0.642,76,"{""0"": 32, ""1"": 18, ""3"": 14, ""2"": 12}",52136,6.19,150.62,24.33,1.9819,12.28,1,800,801
399,2026-01-25T19:19:30.100157,12.89,"{""Fast-Inference"": 0.39658287896900807, ""Standard-Inference"": 0.186913698740567, ""Complex-Inference"": 0.20537837295313793, ""Ensemble-Inference"": 0.21112504933728715}",0.708,100,"{""1"": 14, ""0"": 43, ""3"": 26, ""2"": 17}",69809,5.93,144.47,24.35,1.4447,16.86,1,802,803
400,2026-01-25T19:19:42.288677,26.69,"{""Fast-Inference"": 0.39558961531287107, ""Standard-Inference"": 0.20710656257959598, ""Complex-Inference"": 0.198212542616001, ""Ensemble-Inference"": 0.19909127949153185}",0.786,94,"{""2"": 23, ""1"": 16, ""0"": 38, ""3"": 17}",67565,6.22,150.04,24.11,1.5961,15.11,1,804,805
401,2026-01-25T19:19:54.125281,11.37,"{""Fast-Inference"": 0.3803079053822242, ""Standard-Inference"": 0.20630651023870172, ""Complex-Inference"": 0.2197717467187374, ""Ensemble-Inference"": 0.1936138376603366}",0.471,98,"{""2"": 22, ""0"": 38, ""3"": 21, ""1"": 17}",62463,5.93,145.03,24.48,1.4799,16.54,1,806,807
402,2026-01-25T19:20:06.102434,11.78,"{""Fast-Inference"": 0.43727861052847655, ""Standard-Inference"": 0.16637961961902858, ""Complex-Inference"": 0.21691740441850962, ""Ensemble-Inference"": 0.17942436543398513}",0.815,100,"{""1"": 16, ""2"": 29, ""0"": 38, ""3"": 17}",72688,5.93,142.94,24.1,1.4294,16.86,1,808,809
403,2026-01-25T19:20:18.300509,14.53,"{""Fast-Inference"": 0.3647170530510306, ""Standard-Inference"": 0.2111981095874347, ""Complex-Inference"": 0.19034957620230247, ""Ensemble-Inference"": 0.23373526115923227}",0.386,95,"{""0"": 35, ""1"": 17, ""3"": 24, ""2"": 19}",65617,6.23,148.8,23.9,1.5663,15.26,1,810,811
404,2026-01-25T19:20:30.320885,8.18,"{""Fast-Inference"": 0.4313843101852281, ""Standard-Inference"": 0.17199034125275536, ""Complex-Inference"": 0.19262114992903728, ""Ensemble-Inference"": 0.2040041986329793}",0.901,100,"{""1"": 23, ""3"": 23, ""0"": 35, ""2"": 19}",72937,6.24,148.48,23.79,1.4848,16.02,1,812,813
405,2026-01-25T19:20:42.356207,13.31,"{""Fast-Inference"": 0.40465752548004125, ""Standard-Inference"": 0.19708162093007234, ""Complex-Inference"": 0.20500377663243805, ""Ensemble-Inference"": 0.19325707695744831}",0.367,100,"{""0"": 46, ""2"": 17, ""1"": 18, ""3"": 19}",58028,6.23,153.92,24.69,1.5392,16.04,1,814,815
406,2026-01-25T19:20:54.363097,20.33,"{""Fast-Inference"": 0.395928840396799, ""Standard-Inference"": 0.2190045437762144, ""Complex-Inference"": 0.18680242087241122, ""Ensemble-Inference"": 0.19826419495457548}",0.581,100,"{""0"": 35, ""1"": 28, ""3"": 19, ""2"": 18}",59405,6.23,151.07,24.24,1.5107,16.05,1,816,817
407,2026-01-25T19:21:06.342708,28.76,"{""Fast-Inference"": 0.4118041808177838, ""Standard-Inference"": 0.17331393291146968, ""Complex-Inference"": 0.2263148093969985, ""Ensemble-Inference"": 0.18856707687374805}",0.445,99,"{""3"": 19, ""0"": 39, ""2"": 32, ""1"": 9}",72932,6.24,149.63,23.99,1.5115,15.87,1,818,819
408,2026-01-25T19:21:18.086482,14.14,"{""Fast-Inference"": 0.39199151631997053, ""Standard-Inference"": 0.22502010135743747, ""Complex-Inference"": 0.17751246858418449, ""Ensemble-Inference"": 0.20547591373840748}",0.949,100,"{""0"": 36, ""3"": 24, ""1"": 23, ""2"": 17}",68632,5.93,141.81,23.91,1.4181,16.86,1,820,821
409,2026-01-25T19:21:30.133543,22.56,"{""Fast-Inference"": 0.39622975468423066, ""Standard-Inference"": 0.20844264508548477, ""Complex-Inference"": 0.20325119443553738, ""Ensemble-Inference"": 0.1920764057947473}",0.988,92,"{""0"": 34, ""3"": 19, ""2"": 20, ""1"": 19}",67261,5.92,141.09,23.84,1.5336,15.54,1,822,823
410,2026-01-25T19:21:42.116538,25.78,"{""Fast-Inference"": 0.4113148033230824, ""Standard-Inference"": 0.19202855142813613, ""Complex-Inference"": 0.19292239443180592, ""Ensemble-Inference"": 0.2037342508169754}",0.607,100,"{""0"": 38, ""2"": 19, ""1"": 19, ""3"": 24}",73600,5.93,142.37,23.99,1.4237,16.85,1,824,825
411,2026-01-25T19:21:54.309609,17.09,"{""Fast-Inference"": 0.40437376219298077, ""Standard-Inference"": 0.18627268048909884, ""Complex-Inference"": 0.18982666251828517, ""Ensemble-Inference"": 0.2195268947996353}",0.844,100,"{""0"": 51, ""1"": 16, ""2"": 12, ""3"": 21}",59779,6.23,147.71,23.7,1.4771,16.04,1,826,827
412,2026-01-25T19:22:06.100193,9.09,"{""Fast-Inference"": 0.382715877877616, ""Standard-Inference"": 0.17725511632111313, ""Complex-Inference"": 0.21533367059257583, ""Ensemble-Inference"": 0.224695335208695}",0.891,78,"{""0"": 23, ""3"": 21, ""1"": 14, ""2"": 20}",63545,5.89,143.23,24.3,1.8363,13.23,1,828,829
413,2026-01-25T19:22:18.345748,8.81,"{""Fast-Inference"": 0.39655011688168146, ""Standard-Inference"": 0.17529100925801683, ""Complex-Inference"": 0.20162064684159844, ""Ensemble-Inference"": 0.22653822701870324}",0.639,100,"{""3"": 20, ""1"": 28, ""0"": 34, ""2"": 18}",60948,6.23,149.53,24.0,1.4953,16.05,1,830,831
414,2026-01-25T19:22:30.083988,22.96,"{""Fast-Inference"": 0.4182418012105893, ""Standard-Inference"": 0.20298936280231367, ""Complex-Inference"": 0.16741216138315188, ""Ensemble-Inference"": 0.21135667460394517}",0.976,100,"{""1"": 21, ""0"": 39, ""3"": 26, ""2"": 14}",69423,5.93,142.26,24.0,1.4226,16.87,1,832,833
415,2026-01-25T19:22:42.124182,28.0,"{""Fast-Inference"": 0.45340655515515976, ""Standard-Inference"": 0.17715637462316544, ""Complex-Inference"": 0.19529849912904274, ""Ensemble-Inference"": 0.17413857109263206}",0.525,100,"{""0"": 45, ""2"": 14, ""1"": 17, ""3"": 24}",64031,5.94,142.83,24.05,1.4283,16.84,1,834,835
416,2026-01-25T19:22:54.358918,20.28,"{""Fast-Inference"": 0.3711974602958235, ""Standard-Inference"": 0.20272402372972542, ""Complex-Inference"": 0.18953203747672911, ""Ensemble-Inference"": 0.23654647849772187}",0.322,74,"{""1"": 14, ""3"": 18, ""2"": 17, ""0"": 25}",51931,6.19,146.29,23.65,1.9769,11.96,1,836,837
417,2026-01-25T19:23:06.101926,6.59,"{""Fast-Inference"": 0.3890441115126517, ""Standard-Inference"": 0.1918698125286987, ""Complex-Inference"": 0.18080055051667238, ""Ensemble-Inference"": 0.2382855254419771}",0.712,100,"{""1"": 17, ""0"": 33, ""3"": 30, ""2"": 20}",78483,5.93,142.96,24.11,1.4296,16.87,1,838,839
418,2026-01-25T19:23:18.301776,20.79,"{""Fast-Inference"": 0.4331461168537684, ""Standard-Inference"": 0.18386811105731712, ""Complex-Inference"": 0.19858292615875175, ""Ensemble-Inference"": 0.18440284593016254}",0.603,94,"{""0"": 53, ""1"": 10, ""3"": 15, ""2"": 16}",48534,6.22,150.25,24.16,1.5984,15.11,1,840,841
419,2026-01-25T19:23:30.147169,26.43,"{""Fast-Inference"": 0.3988366609918412, ""Standard-Inference"": 0.22050515420357944, ""Complex-Inference"": 0.20385721468266244, ""Ensemble-Inference"": 0.17680097012191695}",0.82,100,"{""0"": 40, ""1"": 28, ""2"": 16, ""3"": 16}",57068,5.93,-61093.54,-10306.28,-610.9354,16.87,1,842,843
420,2026-01-25T19:23:42.341897,14.95,"{""Fast-Inference"": 0.40599418597078724, ""Standard-Inference"": 0.22925462512030828, ""Complex-Inference"": 0.18392687334908564, ""Ensemble-Inference"": 0.18082431555981882}",0.498,100,"{""1"": 19, ""0"": 49, ""3"": 19, ""2"": 13}",59914,6.23,154.67,24.82,1.5467,16.04,1,844,845
421,2026-01-25T19:23:54.307553,7.9,"{""Fast-Inference"": 0.43226994994810025, ""Standard-Inference"": 0.19707223314877234, ""Complex-Inference"": 0.18528561110391722, ""Ensemble-Inference"": 0.1853722057992102}",0.419,91,"{""0"": 46, ""2"": 13, ""3"": 15, ""1"": 17}",47206,6.22,149.74,24.08,1.6455,14.63,1,846,847
422,2026-01-25T19:24:06.275451,24.44,"{""Fast-Inference"": 0.4037246719540946, ""Standard-Inference"": 0.20889838495863014, ""Complex-Inference"": 0.17570980880537032, ""Ensemble-Inference"": 0.21166713428190506}",0.808,81,"{""1"": 20, ""2"": 14, ""0"": 29, ""3"": 18}",54458,6.2,151.36,24.43,1.8687,13.07,1,848,849
423,2026-01-25T19:24:18.082395,19.33,"{""Fast-Inference"": 0.40757357737851396, ""Standard-Inference"": 0.17940269642184545, ""Complex-Inference"": 0.19436661606132313, ""Ensemble-Inference"": 0.2186571101383174}",0.901,100,"{""0"": 39, ""3"": 26, ""1"": 18, ""2"": 17}",70581,5.93,146.3,24.66,1.463,16.85,1,850,851
424,2026-01-25T19:24:30.124074,29.59,"{""Fast-Inference"": 0.43104786212549473, ""Standard-Inference"": 0.17475996880952716, ""Complex-Inference"": 0.1874322333159771, ""Ensemble-Inference"": 0.20675993574900092}",0.322,100,"{""0"": 43, ""3"": 22, ""1"": 14, ""2"": 21}",62674,5.93,142.52,24.03,1.4252,16.86,1,852,853
425,2026-01-25T19:24:42.113473,7.72,"{""Fast-Inference"": 0.43496924329217324, ""Standard-Inference"": 0.20855632219409467, ""Complex-Inference"": 0.17678882298711548, ""Ensemble-Inference"": 0.17968561152661655}",0.497,100,"{""0"": 48, ""2"": 22, ""3"": 13, ""1"": 17}",55090,5.93,141.44,23.84,1.4144,16.86,1,854,855
426,2026-01-25T19:24:54.289407,16.49,"{""Fast-Inference"": 0.38277119824733286, ""Standard-Inference"": 0.2236202868725363, ""Complex-Inference"": 0.1783036376385209, ""Ensemble-Inference"": 0.2153048772416099}",0.858,79,"{""0"": 28, ""3"": 21, ""2"": 13, ""1"": 17}",62484,6.2,147.54,23.81,1.8676,12.75,1,856,857
427,2026-01-25T19:25:06.346050,17.58,"{""Fast-Inference"": 0.39436114234560976, ""Standard-Inference"": 0.21231009372179352, ""Complex-Inference"": 0.20843538048382226, ""Ensemble-Inference"": 0.1848933834487744}",0.869,97,"{""2"": 19, ""0"": 36, ""1"": 16, ""3"": 26}",77915,6.23,151.84,24.38,1.5654,15.57,1,858,859
428,2026-01-25T19:25:18.072051,16.52,"{""Fast-Inference"": 0.37950301957781407, ""Standard-Inference"": 0.19447491700148417, ""Complex-Inference"": 0.2193597477105251, ""Ensemble-Inference"": 0.20666231571017674}",0.847,100,"{""0"": 35, ""3"": 27, ""2"": 18, ""1"": 20}",73354,5.93,144.58,24.36,1.4458,16.85,1,860,861
429,2026-01-25T19:25:30.252086,24.93,"{""Fast-Inference"": 0.4030426516678715, ""Standard-Inference"": 0.1831709670469028, ""Complex-Inference"": 0.21886026642029605, ""Ensemble-Inference"": 0.19492611486492975}",0.311,100,"{""0"": 34, ""1"": 19, ""3"": 24, ""2"": 23}",67891,5.92,140.68,23.75,1.4068,16.88,1,862,863
430,2026-01-25T19:25:42.070530,7.43,"{""Fast-Inference"": 0.41507452458892014, ""Standard-Inference"": 0.1779177167522014, ""Complex-Inference"": 0.19402454265232796, ""Ensemble-Inference"": 0.21298321600655049}",0.912,95,"{""3"": 22, ""1"": 14, ""0"": 42, ""2"": 17}",64482,5.92,142.63,24.09,1.5014,16.04,1,864,865
431,2026-01-25T19:25:54.109739,27.8,"{""Fast-Inference"": 0.38267222807507784, ""Standard-Inference"": 0.20783333565007922, ""Complex-Inference"": 0.21403979440147947, ""Ensemble-Inference"": 0.1954546418733635}",0.878,100,"{""1"": 16, ""2"": 30, ""0"": 33, ""3"": 21}",78780,5.93,138.94,23.43,1.3894,16.86,1,866,867
432,2026-01-25T19:26:06.325370,13.51,"{""Fast-Inference"": 0.39596619049355264, ""Standard-Inference"": 0.187465335784216, ""Complex-Inference"": 0.22188339254131942, ""Ensemble-Inference"": 0.19468508118091196}",0.335,100,"{""1"": 22, ""0"": 35, ""2"": 23, ""3"": 20}",62877,6.23,152.76,24.51,1.5276,16.04,1,868,869
433,2026-01-25T19:26:18.338679,21.07,"{""Fast-Inference"": 0.41063773021190003, ""Standard-Inference"": 0.20557142474729045, ""Complex-Inference"": 0.20179143700101615, ""Ensemble-Inference"": 0.18199940803979328}",0.353,95,"{""2"": 26, ""0"": 34, ""3"": 17, ""1"": 18}",61759,6.23,152.13,24.43,1.6013,15.26,1,870,871
434,2026-01-25T19:26:30.291664,13.69,"{""Fast-Inference"": 0.3857930354400303, ""Standard-Inference"": 0.22274290996416118, ""Complex-Inference"": 0.1872194876638492, ""Ensemble-Inference"": 0.2042445669319593}",0.65,100,"{""1"": 17, ""0"": 42, ""3"": 24, ""2"": 17}",67673,6.23,148.34,23.82,1.4834,16.06,1,872,873
435,2026-01-25T19:26:42.307581,19.23,"{""Fast-Inference"": 0.4010358990851769, ""Standard-Inference"": 0.18192339799921056, ""Complex-Inference"": 0.2210092815686474, ""Ensemble-Inference"": 0.1960314213469651}",0.401,87,"{""2"": 18, ""1"": 19, ""0"": 32, ""3"": 18}",59884,6.21,145.44,23.43,1.6718,14.02,1,874,875
436,2026-01-25T19:26:54.126421,8.92,"{""Fast-Inference"": 0.4050797855621749, ""Standard-Inference"": 0.19922169832318087, ""Complex-Inference"": 0.19380918742473802, ""Ensemble-Inference"": 0.20188932868990622}",0.481,100,"{""3"": 18, ""0"": 38, ""2"": 25, ""1"": 19}",67699,5.93,145.43,24.54,1.4543,16.88,1,876,877
437,2026-01-25T19:27:06.309991,18.02,"{""Fast-Inference"": 0.4002412497612788, ""Standard-Inference"": 0.2061769463515605, ""Complex-Inference"": 0.21196859026083079, ""Ensemble-Inference"": 0.1816132136263299}",0.636,88,"{""0"": 31, ""3"": 19, ""1"": 15, ""2"": 23}",63367,6.21,147.43,23.74,1.6754,14.17,1,878,879
438,2026-01-25T19:27:18.075343,14.21,"{""Fast-Inference"": 0.4089094816680395, ""Standard-Inference"": 0.19572894010414885, ""Complex-Inference"": 0.17246568510152827, ""Ensemble-Inference"": 0.22289589312628344}",0.319,100,"{""1"": 24, ""2"": 20, ""0"": 38, ""3"": 18}",55882,5.93,141.55,23.87,1.4155,16.87,1,880,881
439,2026-01-25T19:27:30.130048,18.07,"{""Fast-Inference"": 0.4247810828644562, ""Standard-Inference"": 0.1922399695638461, ""Complex-Inference"": 0.18935916628920557, ""Ensemble-Inference"": 0.193619781282492}",0.766,100,"{""2"": 16, ""0"": 42, ""1"": 22, ""3"": 20}",65297,5.93,140.87,23.76,1.4087,16.87,1,882,883
440,2026-01-25T19:27:42.300816,26.27,"{""Fast-Inference"": 0.4189968184528944, ""Standard-Inference"": 0.19941491210821494, ""Complex-Inference"": 0.19839087813835088, ""Ensemble-Inference"": 0.18319739130053975}",0.846,94,"{""2"": 22, ""0"": 44, ""1"": 14, ""3"": 14}",60978,6.22,151.91,24.42,1.6161,15.11,1,884,885
441,2026-01-25T19:27:54.316214,26.09,"{""Fast-Inference"": 0.43189554205820085, ""Standard-Inference"": 0.17827464843428034, ""Complex-Inference"": 0.20380722436796472, ""Ensemble-Inference"": 0.18602258513955425}",0.846,100,"{""0"": 42, ""2"": 24, ""1"": 17, ""3"": 17}",72514,6.24,150.61,24.15,1.5061,16.03,1,886,887
442,2026-01-25T19:28:06.376226,15.75,"{""Fast-Inference"": 0.3844507478999442, ""Standard-Inference"": 0.18757942141173128, ""Complex-Inference"": 0.19826671409540356, ""Ensemble-Inference"": 0.22970311659292095}",0.392,100,"{""2"": 20, ""0"": 38, ""1"": 17, ""3"": 25}",70479,6.24,148.19,23.76,1.4819,16.03,1,888,889
443,2026-01-25T19:28:18.097369,26.56,"{""Fast-Inference"": 0.4094392087969895, ""Standard-Inference"": 0.18558566181720715, ""Complex-Inference"": 0.19713218529166834, ""Ensemble-Inference"": 0.20784294409413517}",0.355,100,"{""3"": 17, ""1"": 18, ""2"": 21, ""0"": 44}",61549,5.94,143.54,24.18,1.4354,16.85,1,890,891
444,2026-01-25T19:28:30.342796,10.92,"{""Fast-Inference"": 0.42092824611374996, ""Standard-Inference"": 0.19440516194927995, ""Complex-Inference"": 0.17245044690608943, ""Ensemble-Inference"": 0.21221614503088068}",0.754,76,"{""3"": 24, ""1"": 11, ""0"": 34, ""2"": 7}",53595,6.19,148.19,23.94,1.9499,12.28,1,892,893
445,2026-01-25T19:28:42.110377,20.55,"{""Fast-Inference"": 0.39887357157903264, ""Standard-Inference"": 0.18237015061909292, ""Complex-Inference"": 0.21078901212261433, ""Ensemble-Inference"": 0.20796726567926013}",0.381,100,"{""0"": 43, ""2"": 15, ""1"": 17, ""3"": 25}",65168,5.93,142.98,24.13,1.4298,16.88,1,894,895
446,2026-01-25T19:28:54.317644,25.6,"{""Fast-Inference"": 0.3749463822454184, ""Standard-Inference"": 0.19947201849526802, ""Complex-Inference"": 0.18468948720736575, ""Ensemble-Inference"": 0.24089211205194783}",0.354,100,"{""2"": 17, ""1"": 25, ""3"": 22, ""0"": 36}",58587,6.23,149.9,24.06,1.499,16.05,1,896,897
447,2026-01-25T19:29:06.345772,27.54,"{""Fast-Inference"": 0.3693551000601694, ""Standard-Inference"": 0.20847871700941856, ""Complex-Inference"": 0.1894238640239009, ""Ensemble-Inference"": 0.23274231890651106}",0.535,100,"{""1"": 22, ""0"": 42, ""2"": 14, ""3"": 22}",63384,6.24,151.16,24.24,1.5116,16.04,1,898,899
448,2026-01-25T19:29:18.322277,12.44,"{""Fast-Inference"": 0.39089652926632984, ""Standard-Inference"": 0.2080317268541527, ""Complex-Inference"": 0.2103209605703356, ""Ensemble-Inference"": 0.19075078330918188}",0.917,100,"{""0"": 43, ""2"": 21, ""1"": 18, ""3"": 18}",70956,6.24,151.6,24.3,1.516,16.03,1,900,901
449,2026-01-25T19:29:30.362849,20.33,"{""Fast-Inference"": 0.3993380738886745, ""Standard-Inference"": 0.17739696318368517, ""Complex-Inference"": 0.22167744952700932, ""Ensemble-Inference"": 0.20158751340063102}",0.414,91,"{""1"": 18, ""3"": 16, ""2"": 25, ""0"": 32}",64317,6.22,144.6,23.25,1.589,14.63,1,902,903
450,2026-01-25T19:29:42.297514,9.42,"{""Fast-Inference"": 0.3786419092929725, ""Standard-Inference"": 0.2073670595401006, ""Complex-Inference"": 0.23008781776946824, ""Ensemble-Inference"": 0.18390321339745874}",0.759,73,"{""0"": 36, ""2"": 20, ""3"": 11, ""1"": 6}",55045,6.19,142.43,23.02,1.9511,11.8,1,904,905
451,2026-01-25T19:29:54.344512,10.37,"{""Fast-Inference"": 0.4335136470070238, ""Standard-Inference"": 0.18005670267682258, ""Complex-Inference"": 0.19063666233478974, ""Ensemble-Inference"": 0.19579298798136388}",0.763,95,"{""2"": 29, ""0"": 37, ""1"": 17, ""3"": 12}",64439,6.23,150.58,24.19,1.5851,15.26,1,906,907
452,2026-01-25T19:30:06.146397,23.06,"{""Fast-Inference"": 0.42162862759312814, ""Standard-Inference"": 0.20922944660038006, ""Complex-Inference"": 0.18892948854022962, ""Ensemble-Inference"": 0.18021243726626227}",0.831,99,"{""1"": 23, ""0"": 41, ""2"": 21, ""3"": 14}",59800,5.93,144.39,24.35,1.4585,16.7,1,908,909
453,2026-01-25T19:30:18.334081,19.85,"{""Fast-Inference"": 0.3972740351009263, ""Standard-Inference"": 0.18842964335714377, ""Complex-Inference"": 0.2072755531277119, ""Ensemble-Inference"": 0.20702076841421815}",0.643,86,"{""0"": 32, ""1"": 19, ""2"": 21, ""3"": 14}",59346,6.21,152.32,24.52,1.7712,13.84,1,910,911
454,2026-01-25T19:30:30.266409,22.13,"{""Fast-Inference"": 0.38983600247709244, ""Standard-Inference"": 0.2283522584951867, ""Complex-Inference"": 0.18763393238169374, ""Ensemble-Inference"": 0.19417780664602718}",0.521,82,"{""0"": 31, ""2"": 23, ""1"": 19, ""3"": 9}",46436,6.2,150.56,24.27,1.8361,13.22,1,912,913
455,2026-01-25T19:30:42.146432,15.81,"{""Fast-Inference"": 0.37381468963138814, ""Standard-Inference"": 0.222977056798087, ""Complex-Inference"": 0.19869024270666816, ""Ensemble-Inference"": 0.20451801086385674}",0.583,100,"{""2"": 23, ""0"": 40, ""1"": 21, ""3"": 16}",60933,5.93,142.51,24.03,1.4251,16.86,1,914,915
456,2026-01-25T19:30:54.334818,7.42,"{""Fast-Inference"": 0.4104440758829499, ""Standard-Inference"": 0.18983434370028845, ""Complex-Inference"": 0.19502240078309735, ""Ensemble-Inference"": 0.2046991796336642}",0.758,89,"{""2"": 23, ""1"": 19, ""0"": 32, ""3"": 15}",63258,6.21,146.26,23.54,1.6434,14.32,1,916,917
457,2026-01-25T19:31:06.303435,14.24,"{""Fast-Inference"": 0.416036851384131, ""Standard-Inference"": 0.18927006686636497, ""Complex-Inference"": 0.19611018310124986, ""Ensemble-Inference"": 0.1985828986482541}",0.795,100,"{""0"": 44, ""1"": 14, ""3"": 24, ""2"": 18}",62801,6.23,148.46,23.82,1.4846,16.05,1,918,919
458,2026-01-25T19:31:18.358306,24.44,"{""Fast-Inference"": 0.40768920590328867, ""Standard-Inference"": 0.21210574698139012, ""Complex-Inference"": 0.19909623942056162, ""Ensemble-Inference"": 0.1811088076947596}",0.594,100,"{""2"": 16, ""0"": 42, ""1"": 25, ""3"": 17}",57192,6.23,149.41,23.97,1.4941,16.04,1,920,921
459,2026-01-25T19:31:30.079078,19.76,"{""Fast-Inference"": 0.391633003096418, ""Standard-Inference"": 0.21638067950624887, ""Complex-Inference"": 0.21377126595412402, ""Ensemble-Inference"": 0.17821505144320907}",0.898,100,"{""2"": 26, ""0"": 44, ""3"": 13, ""1"": 17}",57977,5.93,141.34,23.84,1.4134,16.86,1,922,923
460,2026-01-25T19:31:42.374871,16.6,"{""Fast-Inference"": 0.3693478492906205, ""Standard-Inference"": 0.2213871652051097, ""Complex-Inference"": 0.2083146289979434, ""Ensemble-Inference"": 0.20095035650632648}",0.759,100,"{""0"": 42, ""3"": 23, ""1"": 16, ""2"": 19}",62153,6.23,149.88,24.04,1.4988,16.04,1,924,925
461,2026-01-25T19:31:54.131122,11.89,"{""Fast-Inference"": 0.4190156891846085, ""Standard-Inference"": 0.19028373592373923, ""Complex-Inference"": 0.17710148954735197, ""Ensemble-Inference"": 0.2135990853443001}",0.779,99,"{""1"": 20, ""2"": 18, ""0"": 41, ""3"": 20}",61634,5.93,143.15,24.14,1.446,16.69,1,926,927
462,2026-01-25T19:32:06.309613,18.73,"{""Fast-Inference"": 0.39919928274899497, ""Standard-Inference"": 0.1965428974514491, ""Complex-Inference"": 0.2238157722288053, ""Ensemble-Inference"": 0.1804420475707505}",0.521,100,"{""3"": 22, ""0"": 33, ""1"": 22, ""2"": 23}",69347,6.24,148.08,23.75,1.4808,16.04,1,928,929
463,2026-01-25T19:32:18.359518,9.61,"{""Fast-Inference"": 0.394371192846034, ""Standard-Inference"": 0.19521931676367296, ""Complex-Inference"": 0.18551785039712887, ""Ensemble-Inference"": 0.2248916399931644}",0.46,95,"{""0"": 41, ""3"": 22, ""2"": 20, ""1"": 12}",63464,6.23,150.91,24.22,1.5886,15.25,1,930,931
464,2026-01-25T19:32:30.351788,22.08,"{""Fast-Inference"": 0.37421657935416314, ""Standard-Inference"": 0.22544756563115642, ""Complex-Inference"": 0.1775013146093185, ""Ensemble-Inference"": 0.22283454040536205}",0.61,100,"{""0"": 40, ""2"": 19, ""1"": 26, ""3"": 15}",57474,6.23,148.77,23.88,1.4877,16.05,1,932,933
465,2026-01-25T19:32:42.083052,24.14,"{""Fast-Inference"": 0.4249419875659349, ""Standard-Inference"": 0.1981550989750448, ""Complex-Inference"": 0.19134022365350667, ""Ensemble-Inference"": 0.1855626898055137}",0.491,93,"{""0"": 39, ""3"": 16, ""2"": 16, ""1"": 22}",57224,5.92,142.56,24.08,1.5329,15.71,1,934,935
466,2026-01-25T19:32:54.316310,15.28,"{""Fast-Inference"": 0.4026248677372083, ""Standard-Inference"": 0.19947888009331233, ""Complex-Inference"": 0.2209618457641478, ""Ensemble-Inference"": 0.17693440640533153}",0.711,87,"{""1"": 25, ""2"": 17, ""0"": 31, ""3"": 14}",60187,6.21,152.33,24.52,1.7509,14.0,1,936,937
467,2026-01-25T19:33:06.146469,11.03,"{""Fast-Inference"": 0.42543800009362026, ""Standard-Inference"": 0.19891118628108878, ""Complex-Inference"": 0.19371651215408667, ""Ensemble-Inference"": 0.18193430147120426}",0.476,100,"{""3"": 23, ""1"": 21, ""2"": 18, ""0"": 38}",60803,5.93,139.55,23.54,1.3955,16.87,1,938,939
468,2026-01-25T19:33:18.363156,6.26,"{""Fast-Inference"": 0.4095626671242451, ""Standard-Inference"": 0.2205594280709273, ""Complex-Inference"": 0.17822371002571347, ""Ensemble-Inference"": 0.19165419477911413}",0.614,100,"{""2"": 24, ""0"": 44, ""1"": 18, ""3"": 14}",63583,6.24,148.34,23.79,1.4834,16.04,1,940,941
469,2026-01-25T19:33:30.083601,17.26,"{""Fast-Inference"": 0.3711681658055979, ""Standard-Inference"": 0.1947565836002741, ""Complex-Inference"": 0.2059456126322963, ""Ensemble-Inference"": 0.22812963796183175}",0.557,100,"{""0"": 25, ""3"": 33, ""1"": 23, ""2"": 19}",86171,5.93,137.88,23.24,1.3788,16.86,1,942,943
470,2026-01-25T19:33:42.088301,6.83,"{""Fast-Inference"": 0.42135021708996306, ""Standard-Inference"": 0.1909515155335355, ""Complex-Inference"": 0.20986950182628136, ""Ensemble-Inference"": 0.1778287655502201}",0.441,100,"{""3"": 22, ""0"": 43, ""1"": 16, ""2"": 19}",66080,5.94,142.16,23.95,1.4216,16.85,1,944,945
471,2026-01-25T19:33:54.309390,29.7,"{""Fast-Inference"": 0.39038466221131307, ""Standard-Inference"": 0.21475176979911165, ""Complex-Inference"": 0.2147441256213683, ""Ensemble-Inference"": 0.18011944236820698}",0.509,100,"{""1"": 24, ""0"": 39, ""3"": 16, ""2"": 21}",58151,6.23,154.76,24.82,1.5476,16.04,1,946,947
472,2026-01-25T19:34:06.351380,25.98,"{""Fast-Inference"": 0.3821492775836647, ""Standard-Inference"": 0.24217557635171932, ""Complex-Inference"": 0.18897904473887242, ""Ensemble-Inference"": 0.18669610132574366}",0.329,100,"{""2"": 13, ""0"": 51, ""1"": 20, ""3"": 16}",53166,6.24,149.85,24.02,1.4985,16.03,1,948,949
473,2026-01-25T19:34:18.088030,12.25,"{""Fast-Inference"": 0.40455232589003215, ""Standard-Inference"": 0.19288671677409056, ""Complex-Inference"": 0.20070894071494244, ""Ensemble-Inference"": 0.20185201662093488}",0.419,91,"{""0"": 35, ""3"": 19, ""1"": 16, ""2"": 21}",61119,5.92,137.48,23.24,1.5107,15.38,1,950,951
474,2026-01-25T19:34:30.373336,29.18,"{""Fast-Inference"": 0.34471709751649693, ""Standard-Inference"": 0.21631382065794372, ""Complex-Inference"": 0.22235206970243737, ""Ensemble-Inference"": 0.21661701212312198}",0.34,100,"{""0"": 31, ""1"": 21, ""2"": 28, ""3"": 20}",67480,6.24,149.97,24.04,1.4997,16.03,1,952,953
475,2026-01-25T19:34:42.345681,10.56,"{""Fast-Inference"": 0.3947709783851273, ""Standard-Inference"": 0.18919924486575054, ""Complex-Inference"": 0.2323213861303929, ""Ensemble-Inference"": 0.18370839061872915}",0.445,96,"{""0"": 34, ""1"": 20, ""3"": 18, ""2"": 24}",59434,6.22,144.96,23.29,1.51,15.42,1,954,955
476,2026-01-25T19:34:54.079949,28.8,"{""Fast-Inference"": 0.4190552642589851, ""Standard-Inference"": 0.1967851503187096, ""Complex-Inference"": 0.1789578611362708, ""Ensemble-Inference"": 0.2052017242860345}",0.367,100,"{""0"": 40, ""2"": 17, ""3"": 23, ""1"": 20}",63706,5.93,140.14,23.61,1.4014,16.85,1,956,957
477,2026-01-25T19:35:06.137818,19.54,"{""Fast-Inference"": 0.4485477064901334, ""Standard-Inference"": 0.18195941962203727, ""Complex-Inference"": 0.18553493748657135, ""Ensemble-Inference"": 0.18395793640125796}",0.704,100,"{""3"": 19, ""0"": 46, ""1"": 22, ""2"": 13}",56950,5.93,144.88,24.44,1.4488,16.87,1,958,959
478,2026-01-25T19:35:18.317069,17.55,"{""Fast-Inference"": 0.37197118985738364, ""Standard-Inference"": 0.19001897205031856, ""Complex-Inference"": 0.2128345366268284, ""Ensemble-Inference"": 0.2251753014654694}",0.572,100,"{""0"": 39, ""3"": 21, ""1"": 21, ""2"": 19}",61808,6.23,150.44,24.13,1.5044,16.04,1,960,961
479,2026-01-25T19:35:30.357438,9.4,"{""Fast-Inference"": 0.3816362684399197, ""Standard-Inference"": 0.2131873871565056, ""Complex-Inference"": 0.18677644168702298, ""Ensemble-Inference"": 0.21839990271655155}",0.831,98,"{""0"": 43, ""2"": 21, ""1"": 13, ""3"": 21}",75190,6.23,150.15,24.1,1.5321,15.73,1,962,963
480,2026-01-25T19:35:42.317650,13.64,"{""Fast-Inference"": 0.4329196179379223, ""Standard-Inference"": 0.17988875999215057, ""Complex-Inference"": 0.20346730834098153, ""Ensemble-Inference"": 0.18372431372894568}",0.696,100,"{""3"": 21, ""0"": 45, ""2"": 18, ""1"": 16}",64684,6.23,148.45,23.81,1.4845,16.04,1,964,965
481,2026-01-25T19:35:54.370094,28.78,"{""Fast-Inference"": 0.3827890844177128, ""Standard-Inference"": 0.22558975671208867, ""Complex-Inference"": 0.17455728236587206, ""Ensemble-Inference"": 0.21706387650432651}",0.649,98,"{""1"": 22, ""0"": 34, ""2"": 23, ""3"": 19}",66839,6.23,152.51,24.49,1.5562,15.74,1,966,967
482,2026-01-25T19:36:06.100113,13.62,"{""Fast-Inference"": 0.38443948673183403, ""Standard-Inference"": 0.2151065835667348, ""Complex-Inference"": 0.22007047044157363, ""Ensemble-Inference"": 0.18038345925985746}",0.409,97,"{""3"": 21, ""0"": 35, ""2"": 19, ""1"": 22}",66310,5.92,142.1,23.98,1.4649,16.37,1,968,969
483,2026-01-25T19:36:18.112844,23.44,"{""Fast-Inference"": 0.37211273350319163, ""Standard-Inference"": 0.18923773518514597, ""Complex-Inference"": 0.23766205568858265, ""Ensemble-Inference"": 0.20098747562307975}",0.699,96,"{""0"": 37, ""3"": 16, ""1"": 18, ""2"": 25}",61061,5.92,143.81,24.29,1.498,16.22,1,970,971
484,2026-01-25T19:36:30.358830,7.03,"{""Fast-Inference"": 0.36805218764599124, ""Standard-Inference"": 0.22451486843914717, ""Complex-Inference"": 0.1912407288309419, ""Ensemble-Inference"": 0.21619221508391984}",0.518,90,"{""0"": 37, ""1"": 18, ""3"": 23, ""2"": 12}",53888,6.22,153.53,24.7,1.7059,14.48,1,972,973
485,2026-01-25T19:36:42.351039,19.05,"{""Fast-Inference"": 0.35509305038937133, ""Standard-Inference"": 0.2104383637507721, ""Complex-Inference"": 0.21880507031457636, ""Ensemble-Inference"": 0.21566351554528024}",0.879,97,"{""0"": 44, ""1"": 12, ""3"": 18, ""2"": 23}",63602,6.23,150.84,24.22,1.5551,15.58,1,974,975
486,2026-01-25T19:36:54.356584,26.57,"{""Fast-Inference"": 0.40415613138360795, ""Standard-Inference"": 0.20005018174735753, ""Complex-Inference"": 0.20609352777334503, ""Ensemble-Inference"": 0.18970015909568946}",0.891,92,"{""0"": 32, ""2"": 19, ""3"": 22, ""1"": 19}",72871,6.22,150.62,24.2,1.6371,14.78,1,976,977
487,2026-01-25T19:37:06.367207,18.45,"{""Fast-Inference"": 0.3801050665465725, ""Standard-Inference"": 0.20854637696514852, ""Complex-Inference"": 0.202836934072564, ""Ensemble-Inference"": 0.20851162241571497}",0.451,100,"{""1"": 17, ""0"": 43, ""3"": 22, ""2"": 18}",59810,6.23,147.96,23.73,1.4796,16.04,1,978,979
488,2026-01-25T19:37:18.074403,14.18,"{""Fast-Inference"": 0.37585970998247864, ""Standard-Inference"": 0.20362623933340668, ""Complex-Inference"": 0.23215439358802728, ""Ensemble-Inference"": 0.18835965709608746}",0.641,96,"{""1"": 27, ""0"": 39, ""2"": 20, ""3"": 10}",56652,5.92,141.76,23.93,1.4767,16.21,1,980,981
489,2026-01-25T19:37:30.291473,18.05,"{""Fast-Inference"": 0.35813981781036297, ""Standard-Inference"": 0.2060925255342151, ""Complex-Inference"": 0.20859157464559738, ""Ensemble-Inference"": 0.22717608200982448}",0.599,76,"{""1"": 18, ""2"": 14, ""0"": 26, ""3"": 18}",52957,6.19,148.67,24.01,1.9561,12.27,1,982,983
490,2026-01-25T19:37:42.366560,12.04,"{""Fast-Inference"": 0.3913636594896795, ""Standard-Inference"": 0.21226732197428175, ""Complex-Inference"": 0.2126292462715663, ""Ensemble-Inference"": 0.18373977226447244}",0.888,100,"{""0"": 37, ""3"": 19, ""1"": 21, ""2"": 23}",78233,6.23,153.04,24.55,1.5304,16.04,1,984,985
491,2026-01-25T19:37:54.100285,5.63,"{""Fast-Inference"": 0.3596628085016013, ""Standard-Inference"": 0.22011997469360658, ""Complex-Inference"": 0.20075140766839125, ""Ensemble-Inference"": 0.21946580913640082}",0.803,100,"{""2"": 24, ""1"": 23, ""0"": 30, ""3"": 23}",76473,5.93,144.39,24.36,1.4439,16.87,1,986,987
492,2026-01-25T19:38:06.149370,19.86,"{""Fast-Inference"": 0.42759058726654275, ""Standard-Inference"": 0.1975453206331808, ""Complex-Inference"": 0.19225283510170033, ""Ensemble-Inference"": 0.182611256998576}",0.777,100,"{""0"": 43, ""1"": 22, ""3"": 23, ""2"": 12}",64111,5.93,141.65,23.88,1.4165,16.86,1,988,989
493,2026-01-25T19:38:18.128386,25.28,"{""Fast-Inference"": 0.4129607421981504, ""Standard-Inference"": 0.20804094775649087, ""Complex-Inference"": 0.17668272257473577, ""Ensemble-Inference"": 0.20231558747062295}",0.688,100,"{""2"": 14, ""0"": 47, ""1"": 22, ""3"": 17}",57074,5.93,143.06,24.15,1.4306,16.88,1,990,991
494,2026-01-25T19:38:30.335509,21.53,"{""Fast-Inference"": 0.4380614492981981, ""Standard-Inference"": 0.17681415355209065, ""Complex-Inference"": 0.1744616989096403, ""Ensemble-Inference"": 0.21066269824007083}",0.451,94,"{""0"": 46, ""1"": 11, ""3"": 18, ""2"": 19}",55498,6.22,145.7,23.41,1.55,15.1,1,992,993
495,2026-01-25T19:38:42.329495,20.38,"{""Fast-Inference"": 0.41363533043834544, ""Standard-Inference"": 0.17626746335384988, ""Complex-Inference"": 0.20433063661278644, ""Ensemble-Inference"": 0.20576656959501824}",0.616,100,"{""3"": 28, ""0"": 41, ""1"": 11, ""2"": 20}",68208,6.23,151.62,24.34,1.5162,16.05,1,994,995
496,2026-01-25T19:38:54.089510,16.96,"{""Fast-Inference"": 0.3871293768412257, ""Standard-Inference"": 0.21336707982365877, ""Complex-Inference"": 0.20435851932454296, ""Ensemble-Inference"": 0.19514502401057252}",0.821,100,"{""0"": 40, ""2"": 27, ""1"": 19, ""3"": 14}",71673,5.93,143.83,24.25,1.4383,16.86,1,996,997
497,2026-01-25T19:39:06.127007,11.42,"{""Fast-Inference"": 0.44688924199350677, ""Standard-Inference"": 0.1815632951746284, ""Complex-Inference"": 0.1727293883712811, ""Ensemble-Inference"": 0.19881807446058378}",0.605,97,"{""0"": 46, ""1"": 14, ""3"": 23, ""2"": 14}",62104,5.93,144.07,24.31,1.4853,16.36,1,998,999
498,2026-01-25T19:39:18.093914,17.09,"{""Fast-Inference"": 0.3761946557893543, ""Standard-Inference"": 0.22868551966528855, ""Complex-Inference"": 0.18564311266710132, ""Ensemble-Inference"": 0.20947671187825584}",0.915,97,"{""0"": 38, ""3"": 22, ""2"": 15, ""1"": 22}",65210,5.93,142.04,23.97,1.4643,16.37,1,1000,1001
499,2026-01-25T19:39:30.140895,9.83,"{""Fast-Inference"": 0.385585539866195, ""Standard-Inference"": 0.1940186555760975, ""Complex-Inference"": 0.20870954650958642, ""Ensemble-Inference"": 0.2116862580481211}",0.62,99,"{""0"": 37, ""1"": 21, ""2"": 17, ""3"": 24}",69602,5.93,138.86,23.41,1.4026,16.69,1,1002,1003
500,2026-01-25T19:39:42.321745,13.48,"{""Fast-Inference"": 0.39568780624814914, ""Standard-Inference"": 0.21278910062131826, ""Complex-Inference"": 0.17298412763062335, ""Ensemble-Inference"": 0.2185389654999093}",0.409,100,"{""2"": 16, ""0"": 40, ""1"": 29, ""3"": 15}",54857,6.24,147.95,23.73,1.4795,16.04,1,1004,1005
501,2026-01-25T19:39:54.368128,16.53,"{""Fast-Inference"": 0.34843311805500876, ""Standard-Inference"": 0.21966518640399865, ""Complex-Inference"": 0.2058598978569197, ""Ensemble-Inference"": 0.22604179768407298}",0.608,100,"{""1"": 23, ""0"": 33, ""3"": 25, ""2"": 19}",69059,6.23,150.31,24.11,1.5031,16.04,1,1006,1007
502,2026-01-25T19:40:06.095677,9.97,"{""Fast-Inference"": 0.44552417196185473, ""Standard-Inference"": 0.17445340689138916, ""Complex-Inference"": 0.1980497761388343, ""Ensemble-Inference"": 0.18197264500792187}",0.512,93,"{""0"": 34, ""1"": 21, ""2"": 21, ""3"": 17}",60486,5.92,143.92,24.32,1.5475,15.72,1,1008,1009
503,2026-01-25T19:40:18.075747,22.29,"{""Fast-Inference"": 0.3898297496468448, ""Standard-Inference"": 0.20243269032002903, ""Complex-Inference"": 0.22131281400092775, ""Ensemble-Inference"": 0.18642474603219839}",0.686,100,"{""0"": 35, ""2"": 27, ""1"": 18, ""3"": 20}",73145,5.93,144.44,24.36,1.4444,16.87,1,1010,1011
504,2026-01-25T19:40:30.374986,28.49,"{""Fast-Inference"": 0.3663560654110673, ""Standard-Inference"": 0.19880208669484398, ""Complex-Inference"": 0.21561519447440397, ""Ensemble-Inference"": 0.2192266534196847}",0.452,100,"{""3"": 26, ""2"": 27, ""1"": 14, ""0"": 33}",71103,6.24,149.17,23.92,1.4917,16.04,1,1012,1013
505,2026-01-25T19:40:42.123175,24.81,"{""Fast-Inference"": 0.3848156296570044, ""Standard-Inference"": 0.19507913910684604, ""Complex-Inference"": 0.22535272834936967, ""Ensemble-Inference"": 0.19475250288677987}",0.635,100,"{""0"": 39, ""2"": 22, ""3"": 23, ""1"": 16}",67604,5.93,139.54,23.52,1.3954,16.86,1,1014,1015
506,2026-01-25T19:40:54.303170,11.97,"{""Fast-Inference"": 0.38604653224151014, ""Standard-Inference"": 0.18357473607669328, ""Complex-Inference"": 0.22160773709612677, ""Ensemble-Inference"": 0.2087709945856697}",0.701,91,"{""1"": 22, ""2"": 21, ""3"": 19, ""0"": 29}",67612,6.22,147.93,23.78,1.6256,14.63,1,1016,1017
507,2026-01-25T19:41:06.311577,19.26,"{""Fast-Inference"": 0.37802599473944176, ""Standard-Inference"": 0.2270647353073356, ""Complex-Inference"": 0.183491729423883, ""Ensemble-Inference"": 0.21141754052933978}",0.722,100,"{""1"": 28, ""0"": 40, ""3"": 18, ""2"": 14}",62492,6.23,150.73,24.18,1.5073,16.04,1,1018,1019
508,2026-01-25T19:41:18.341479,21.59,"{""Fast-Inference"": 0.4296740696760097, ""Standard-Inference"": 0.20601648191525548, ""Complex-Inference"": 0.1667205037215803, ""Ensemble-Inference"": 0.19758894468715457}",0.604,100,"{""3"": 23, ""0"": 40, ""2"": 16, ""1"": 21}",65561,6.23,153.53,24.63,1.5353,16.04,1,1020,1021
509,2026-01-25T19:41:30.311166,19.26,"{""Fast-Inference"": 0.3876630895471259, ""Standard-Inference"": 0.18737404749813596, ""Complex-Inference"": 0.22018100282624667, ""Ensemble-Inference"": 0.20478186012849145}",0.538,95,"{""0"": 37, ""3"": 15, ""1"": 23, ""2"": 20}",55590,6.23,150.47,24.16,1.5839,15.25,1,1022,1023
510,2026-01-25T19:41:42.306253,22.86,"{""Fast-Inference"": 0.4052551266057143, ""Standard-Inference"": 0.17448502246440814, ""Complex-Inference"": 0.19943499258844063, ""Ensemble-Inference"": 0.22082485834143706}",0.976,85,"{""2"": 24, ""0"": 32, ""1"": 11, ""3"": 18}",66003,6.21,147.91,23.82,1.7401,13.69,1,1024,1025
511,2026-01-25T19:41:54.126289,17.49,"{""Fast-Inference"": 0.41796689229178585, ""Standard-Inference"": 0.17664687804268542, ""Complex-Inference"": 0.20456191775734112, ""Ensemble-Inference"": 0.20082431190818764}",0.53,100,"{""0"": 37, ""3"": 25, ""2"": 16, ""1"": 22}",67650,5.93,148.94,25.12,1.4894,16.86,1,1026,1027
512,2026-01-25T19:42:06.319201,18.71,"{""Fast-Inference"": 0.37042616339128037, ""Standard-Inference"": 0.21981832093662998, ""Complex-Inference"": 0.21644289186668106, ""Ensemble-Inference"": 0.19331262380540845}",0.547,100,"{""0"": 45, ""3"": 22, ""1"": 20, ""2"": 13}",59504,6.24,152.76,24.48,1.5276,16.02,1,1028,1029
513,2026-01-25T19:42:18.131822,29.54,"{""Fast-Inference"": 0.4392422059594672, ""Standard-Inference"": 0.1897989008306702, ""Complex-Inference"": 0.19563576061452678, ""Ensemble-Inference"": 0.1753231325953359}",0.98,97,"{""3"": 25, ""1"": 21, ""0"": 37, ""2"": 14}",69922,5.92,142.11,24.0,1.4651,16.38,1,1030,1031
514,2026-01-25T19:42:30.324911,7.3,"{""Fast-Inference"": 0.3824022767064843, ""Standard-Inference"": 0.20686579662568347, ""Complex-Inference"": 0.2120409267649729, ""Ensemble-Inference"": 0.1986909999028592}",0.617,100,"{""0"": 42, ""3"": 20, ""2"": 22, ""1"": 16}",62250,6.23,146.45,23.49,1.4645,16.04,1,1032,1033
515,2026-01-25T19:42:42.346240,8.08,"{""Fast-Inference"": 0.42262070057689727, ""Standard-Inference"": 0.2074555999887604, ""Complex-Inference"": 0.18000459550378772, ""Ensemble-Inference"": 0.18991910393055472}",0.305,100,"{""2"": 16, ""1"": 22, ""0"": 44, ""3"": 18}",56392,6.23,151.18,24.26,1.5118,16.05,1,1034,1035
516,2026-01-25T19:42:54.370090,20.56,"{""Fast-Inference"": 0.36140722750344906, ""Standard-Inference"": 0.22378526734269272, ""Complex-Inference"": 0.19743214926624741, ""Ensemble-Inference"": 0.21737535588761078}",0.845,85,"{""0"": 24, ""3"": 18, ""1"": 22, ""2"": 21}",65956,6.21,148.76,23.97,1.7501,13.7,1,1036,1037
517,2026-01-25T19:43:06.307494,7.23,"{""Fast-Inference"": 0.4149080706221884, ""Standard-Inference"": 0.1775574758181517, ""Complex-Inference"": 0.19316830459530943, ""Ensemble-Inference"": 0.21436614896435052}",0.928,100,"{""1"": 19, ""3"": 20, ""2"": 16, ""0"": 45}",64351,6.23,149.75,24.02,1.4975,16.04,1,1038,1039
518,2026-01-25T19:43:18.118661,11.24,"{""Fast-Inference"": 0.39841784848901934, ""Standard-Inference"": 0.19874300023252975, ""Complex-Inference"": 0.18618612588446348, ""Ensemble-Inference"": 0.21665302539398743}",0.763,90,"{""2"": 17, ""3"": 16, ""0"": 35, ""1"": 22}",52666,5.91,143.17,24.22,1.5907,15.23,1,1040,1041
519,2026-01-25T19:43:30.120925,16.65,"{""Fast-Inference"": 0.37563501168972463, ""Standard-Inference"": 0.21738599561714064, ""Complex-Inference"": 0.22104252608867334, ""Ensemble-Inference"": 0.18593646660446136}",0.357,100,"{""2"": 19, ""0"": 42, ""1"": 16, ""3"": 23}",64031,5.93,144.36,24.35,1.4436,16.87,1,1042,1043
520,2026-01-25T19:43:42.307222,14.31,"{""Fast-Inference"": 0.3874790237831946, ""Standard-Inference"": 0.1776690950809619, ""Complex-Inference"": 0.2034131679838567, ""Ensemble-Inference"": 0.23143871315198677}",0.74,100,"{""2"": 19, ""1"": 20, ""0"": 34, ""3"": 27}",74453,6.24,151.05,24.21,1.5105,16.03,1,1044,1045
521,2026-01-25T19:43:54.354460,17.64,"{""Fast-Inference"": 0.40092429399983337, ""Standard-Inference"": 0.20106611873848407, ""Complex-Inference"": 0.19528133633743724, ""Ensemble-Inference"": 0.2027282509242454}",0.716,100,"{""0"": 37, ""3"": 18, ""1"": 25, ""2"": 20}",61840,6.24,163.55,26.23,1.6355,16.04,1,1046,1047
522,2026-01-25T19:44:06.073679,20.08,"{""Fast-Inference"": 0.41811523655506744, ""Standard-Inference"": 0.20189642575324923, ""Complex-Inference"": 0.18883429614336852, ""Ensemble-Inference"": 0.19115404154831472}",0.509,97,"{""3"": 16, ""1"": 23, ""0"": 41, ""2"": 17}",55045,5.93,143.58,24.23,1.4802,16.37,1,1048,1049
523,2026-01-25T19:44:18.351312,27.77,"{""Fast-Inference"": 0.40866964402619554, ""Standard-Inference"": 0.21474009147795248, ""Complex-Inference"": 0.2098897397089325, ""Ensemble-Inference"": 0.16670052478691944}",0.447,100,"{""0"": 40, ""2"": 25, ""1"": 22, ""3"": 13}",53614,6.24,152.78,24.49,1.5278,16.03,1,1050,1051
524,2026-01-25T19:44:30.096251,13.0,"{""Fast-Inference"": 0.40825344738788333, ""Standard-Inference"": 0.20597799206904774, ""Complex-Inference"": 0.20962823926238222, ""Ensemble-Inference"": 0.1761403212806868}",0.375,100,"{""1"": 16, ""0"": 40, ""2"": 19, ""3"": 25}",67109,5.93,146.02,24.64,1.4602,16.87,1,1052,1053
525,2026-01-25T19:44:42.138258,29.0,"{""Fast-Inference"": 0.4236839757809022, ""Standard-Inference"": 0.19182739108076274, ""Complex-Inference"": 0.1857476645931617, ""Ensemble-Inference"": 0.1987409685451732}",0.878,99,"{""1"": 22, ""3"": 27, ""0"": 34, ""2"": 16}",66048,5.93,144.05,24.29,1.455,16.7,1,1054,1055
526,2026-01-25T19:44:54.319929,8.58,"{""Fast-Inference"": 0.4141186492877367, ""Standard-Inference"": 0.18597635836095738, ""Complex-Inference"": 0.19986060270300565, ""Ensemble-Inference"": 0.20004438964830035}",0.734,87,"{""0"": 30, ""3"": 22, ""2"": 15, ""1"": 20}",64444,6.21,149.6,24.07,1.7195,14.0,1,1056,1057
527,2026-01-25T19:45:06.316726,29.14,"{""Fast-Inference"": 0.42867456254354425, ""Standard-Inference"": 0.18709834305711465, ""Complex-Inference"": 0.1772038286160431, ""Ensemble-Inference"": 0.20702326578329805}",0.59,100,"{""2"": 21, ""0"": 45, ""1"": 16, ""3"": 18}",66205,6.23,153.68,24.66,1.5368,16.05,1,1058,1059
528,2026-01-25T19:45:18.157037,15.46,"{""Fast-Inference"": 0.39483862971309763, ""Standard-Inference"": 0.19680332178095322, ""Complex-Inference"": 0.2157799241577755, ""Ensemble-Inference"": 0.19257812434817367}",0.858,100,"{""2"": 15, ""0"": 35, ""1"": 23, ""3"": 27}",72702,5.94,142.68,24.03,1.4268,16.84,1,1060,1061
529,2026-01-25T19:45:30.369731,9.44,"{""Fast-Inference"": 0.4393373051508415, ""Standard-Inference"": 0.17831808957543654, ""Complex-Inference"": 0.2040281922148986, ""Ensemble-Inference"": 0.17831641305882337}",0.825,100,"{""3"": 17, ""0"": 47, ""1"": 22, ""2"": 14}",58804,6.24,150.98,24.21,1.5098,16.04,1,1062,1063
530,2026-01-25T19:45:42.100150,26.7,"{""Fast-Inference"": 0.36664097687391856, ""Standard-Inference"": 0.18695154656827934, ""Complex-Inference"": 0.22151703014803895, ""Ensemble-Inference"": 0.2248904464097632}",0.978,100,"{""1"": 19, ""0"": 38, ""3"": 23, ""2"": 20}",76433,5.93,144.11,24.3,1.4411,16.87,1,1064,1065
531,2026-01-25T19:45:54.284865,24.51,"{""Fast-Inference"": 0.3858907671644243, ""Standard-Inference"": 0.2286855005351754, ""Complex-Inference"": 0.20120100915076328, ""Ensemble-Inference"": 0.184222723149637}",0.955,88,"{""3"": 19, ""0"": 30, ""2"": 21, ""1"": 18}",67559,6.21,150.95,24.29,1.7153,14.16,1,1066,1067
532,2026-01-25T19:46:06.069260,13.43,"{""Fast-Inference"": 0.372867050686938, ""Standard-Inference"": 0.2133475136923552, ""Complex-Inference"": 0.21935835147332228, ""Ensemble-Inference"": 0.19442708414738458}",0.338,89,"{""1"": 15, ""3"": 16, ""2"": 26, ""0"": 32}",58369,5.91,142.23,24.06,1.598,15.05,1,1068,1069
533,2026-01-25T19:46:18.151610,5.18,"{""Fast-Inference"": 0.4147144220468974, ""Standard-Inference"": 0.2110350842611991, ""Complex-Inference"": 0.19956108740166376, ""Ensemble-Inference"": 0.17468940629023977}",0.306,100,"{""3"": 19, ""2"": 24, ""0"": 41, ""1"": 16}",59938,5.93,144.81,24.42,1.4481,16.86,1,1070,1071
534,2026-01-25T19:46:30.349335,16.88,"{""Fast-Inference"": 0.3793843636281488, ""Standard-Inference"": 0.19954811445589335, ""Complex-Inference"": 0.2094177201961455, ""Ensemble-Inference"": 0.21164980171981235}",0.498,90,"{""0"": 36, ""3"": 12, ""2"": 16, ""1"": 26}",47134,6.21,147.26,23.71,1.6362,14.49,1,1072,1073
535,2026-01-25T19:46:42.352674,13.19,"{""Fast-Inference"": 0.35572203451099355, ""Standard-Inference"": 0.21306503441668437, ""Complex-Inference"": 0.21409058093311376, ""Ensemble-Inference"": 0.2171223501392083}",0.513,100,"{""0"": 36, ""3"": 23, ""2"": 25, ""1"": 16}",69246,6.24,150.19,24.08,1.5019,16.03,1,1074,1075
536,2026-01-25T19:46:54.371129,11.29,"{""Fast-Inference"": 0.41851182734574605, ""Standard-Inference"": 0.202147436049809, ""Complex-Inference"": 0.19129879666128352, ""Ensemble-Inference"": 0.1880419399431614}",0.437,100,"{""2"": 16, ""0"": 41, ""3"": 23, ""1"": 20}",69034,6.24,153.0,24.54,1.53,16.04,1,1076,1077
537,2026-01-25T19:47:06.321759,22.87,"{""Fast-Inference"": 0.40976128506712484, ""Standard-Inference"": 0.20308054701166614, ""Complex-Inference"": 0.19437771649798624, ""Ensemble-Inference"": 0.19278045142322286}",0.807,90,"{""3"": 28, ""2"": 8, ""0"": 40, ""1"": 14}",62789,6.22,147.49,23.72,1.6388,14.48,1,1078,1079
538,2026-01-25T19:47:18.316309,22.55,"{""Fast-Inference"": 0.3822065703532607, ""Standard-Inference"": 0.18235195468209042, ""Complex-Inference"": 0.2250170681983506, ""Ensemble-Inference"": 0.21042440676629837}",0.811,100,"{""2"": 21, ""0"": 45, ""1"": 16, ""3"": 18}",57580,6.24,151.34,24.27,1.5134,16.04,1,1080,1081
539,2026-01-25T19:47:30.347911,7.32,"{""Fast-Inference"": 0.421776740220775, ""Standard-Inference"": 0.17249521014452968, ""Complex-Inference"": 0.19349878982946472, ""Ensemble-Inference"": 0.21222925980523052}",0.404,100,"{""1"": 16, ""3"": 27, ""2"": 18, ""0"": 39}",71737,6.23,149.12,23.93,1.4912,16.05,1,1082,1083
540,2026-01-25T19:47:42.097748,7.65,"{""Fast-Inference"": 0.36921668746106745, ""Standard-Inference"": 0.2187081734486686, ""Complex-Inference"": 0.19209764344435262, ""Ensemble-Inference"": 0.2199774956459114}",0.969,100,"{""2"": 19, ""3"": 16, ""0"": 36, ""1"": 29}",65806,5.93,147.35,24.83,1.4735,16.85,1,1084,1085
541,2026-01-25T19:47:54.088355,22.35,"{""Fast-Inference"": 0.3748509761587132, ""Standard-Inference"": 0.205857598462895, ""Complex-Inference"": 0.19760955926049903, ""Ensemble-Inference"": 0.22168186611789276}",0.473,74,"{""0"": 32, ""2"": 21, ""1"": 13, ""3"": 8}",43471,5.89,143.84,24.44,1.9438,12.57,1,1086,1087
542,2026-01-25T19:48:06.072998,14.36,"{""Fast-Inference"": 0.38949087911054275, ""Standard-Inference"": 0.22125253798699804, ""Complex-Inference"": 0.17265106273856648, ""Ensemble-Inference"": 0.2166055201638927}",0.816,100,"{""0"": 39, ""2"": 20, ""1"": 20, ""3"": 21}",69038,5.93,139.66,23.55,1.3966,16.87,1,1088,1089
543,2026-01-25T19:48:18.137707,19.13,"{""Fast-Inference"": 0.40289018600437326, ""Standard-Inference"": 0.21252383742102932, ""Complex-Inference"": 0.19463720269430598, ""Ensemble-Inference"": 0.18994877388029147}",0.309,98,"{""1"": 28, ""0"": 41, ""3"": 13, ""2"": 16}",50424,5.92,141.1,23.83,1.4398,16.55,1,1090,1091
544,2026-01-25T19:48:30.331091,17.89,"{""Fast-Inference"": 0.39616732072906724, ""Standard-Inference"": 0.18759086545259612, ""Complex-Inference"": 0.19402167382925614, ""Ensemble-Inference"": 0.2222201399890805}",0.466,100,"{""2"": 23, ""1"": 17, ""3"": 19, ""0"": 41}",64453,6.23,148.68,23.85,1.4868,16.04,1,1092,1093
545,2026-01-25T19:48:42.347198,26.05,"{""Fast-Inference"": 0.3804443412493741, ""Standard-Inference"": 0.17517713258726303, ""Complex-Inference"": 0.22279664189499293, ""Ensemble-Inference"": 0.22158188426836992}",0.728,99,"{""0"": 32, ""3"": 24, ""2"": 27, ""1"": 16}",79240,6.23,151.04,24.25,1.5257,15.89,1,1094,1095
546,2026-01-25T19:48:54.314211,25.47,"{""Fast-Inference"": 0.39741115326674353, ""Standard-Inference"": 0.1977871080474377, ""Complex-Inference"": 0.20446990630058198, ""Ensemble-Inference"": 0.2003318323852368}",0.389,100,"{""1"": 21, ""0"": 38, ""3"": 17, ""2"": 24}",64374,6.23,154.43,24.79,1.5443,16.05,1,1096,1097
547,2026-01-25T19:49:06.341686,13.98,"{""Fast-Inference"": 0.4313480255318378, ""Standard-Inference"": 0.16914626481957112, ""Complex-Inference"": 0.2191466257246248, ""Ensemble-Inference"": 0.18035908392396627}",0.78,87,"{""0"": 33, ""1"": 18, ""2"": 21, ""3"": 15}",56280,6.21,149.8,24.11,1.7219,14.0,1,1098,1099
548,2026-01-25T19:49:18.316690,25.53,"{""Fast-Inference"": 0.36458337813296404, ""Standard-Inference"": 0.2053848502872808, ""Complex-Inference"": 0.21431593966535686, ""Ensemble-Inference"": 0.21571583191439833}",0.755,100,"{""3"": 26, ""1"": 20, ""0"": 39, ""2"": 15}",71001,6.23,145.36,23.32,1.4536,16.04,1,1100,1101
549,2026-01-25T19:49:30.344239,13.3,"{""Fast-Inference"": 0.38741636600748747, ""Standard-Inference"": 0.2235342635361122, ""Complex-Inference"": 0.18355443971276952, ""Ensemble-Inference"": 0.20549493074363073}",0.322,92,"{""1"": 19, ""2"": 16, ""0"": 36, ""3"": 21}",56028,6.22,147.53,23.72,1.6035,14.79,1,1102,1103
550,2026-01-25T19:49:42.137322,13.26,"{""Fast-Inference"": 0.4123582184379119, ""Standard-Inference"": 0.17979004541505686, ""Complex-Inference"": 0.21094017927687253, ""Ensemble-Inference"": 0.1969115568701588}",0.368,100,"{""2"": 24, ""3"": 17, ""0"": 39, ""1"": 20}",61818,5.93,140.87,23.74,1.4087,16.85,1,1104,1105
551,2026-01-25T19:49:54.362367,12.5,"{""Fast-Inference"": 0.3962711043732833, ""Standard-Inference"": 0.21026156323985645, ""Complex-Inference"": 0.2085415509438874, ""Ensemble-Inference"": 0.18492578144297275}",0.579,100,"{""3"": 17, ""0"": 37, ""2"": 24, ""1"": 22}",65706,6.24,146.22,23.45,1.4622,16.04,1,1106,1107
552,2026-01-25T19:50:06.350699,8.27,"{""Fast-Inference"": 0.4453249834091155, ""Standard-Inference"": 0.19005177684548802, ""Complex-Inference"": 0.17452612941550505, ""Ensemble-Inference"": 0.19009711032989124}",0.81,85,"{""3"": 18, ""0"": 38, ""2"": 14, ""1"": 15}",60523,6.21,151.24,24.37,1.7792,13.7,1,1108,1109
553,2026-01-25T19:50:18.318523,8.87,"{""Fast-Inference"": 0.3779402870507187, ""Standard-Inference"": 0.21371053839028947, ""Complex-Inference"": 0.1994442171162437, ""Ensemble-Inference"": 0.2089049574427482}",0.5,100,"{""3"": 23, ""1"": 20, ""0"": 40, ""2"": 17}",64296,6.23,152.99,24.54,1.5299,16.04,1,1110,1111
554,2026-01-25T19:50:30.333917,5.84,"{""Fast-Inference"": 0.40492012095995095, ""Standard-Inference"": 0.2000246478366562, ""Complex-Inference"": 0.19727675392684604, ""Ensemble-Inference"": 0.19777847727654677}",0.816,90,"{""0"": 43, ""2"": 23, ""3"": 14, ""1"": 10}",53455,6.22,148.81,23.93,1.6535,14.47,1,1112,1113
555,2026-01-25T19:50:42.101086,26.08,"{""Fast-Inference"": 0.3912865078997752, ""Standard-Inference"": 0.19413040116240934, ""Complex-Inference"": 0.19500744375988133, ""Ensemble-Inference"": 0.2195756471779342}",0.826,94,"{""2"": 19, ""3"": 19, ""0"": 34, ""1"": 22}",70917,5.92,142.86,24.12,1.5198,15.87,1,1114,1115
556,2026-01-25T19:50:54.134311,15.52,"{""Fast-Inference"": 0.37231971775724393, ""Standard-Inference"": 0.1891369353866605, ""Complex-Inference"": 0.22092910661055767, ""Ensemble-Inference"": 0.21761424024553785}",0.307,100,"{""2"": 26, ""1"": 23, ""3"": 19, ""0"": 32}",70844,5.93,143.64,24.21,1.4364,16.86,1,1116,1117
557,2026-01-25T19:51:06.331272,27.16,"{""Fast-Inference"": 0.45882620111076855, ""Standard-Inference"": 0.19197848164078676, ""Complex-Inference"": 0.17318395629303032, ""Ensemble-Inference"": 0.17601136095541425}",0.898,91,"{""3"": 17, ""0"": 44, ""1"": 15, ""2"": 15}",61413,6.22,148.81,23.93,1.6353,14.63,1,1118,1119
558,2026-01-25T19:51:18.297867,9.42,"{""Fast-Inference"": 0.4046438614764475, ""Standard-Inference"": 0.20991776465010278, ""Complex-Inference"": 0.20267596053394893, ""Ensemble-Inference"": 0.1827624133395008}",0.775,100,"{""0"": 44, ""2"": 17, ""1"": 21, ""3"": 18}",61929,6.23,149.83,24.04,1.4983,16.05,1,1120,1121
559,2026-01-25T19:51:30.133538,25.38,"{""Fast-Inference"": 0.3818603877814633, ""Standard-Inference"": 0.1784454348238924, ""Complex-Inference"": 0.2344694134527447, ""Ensemble-Inference"": 0.20522476394189954}",0.928,100,"{""3"": 20, ""2"": 22, ""0"": 37, ""1"": 21}",68090,5.93,145.44,24.52,1.4544,16.86,1,1122,1123
560,2026-01-25T19:51:42.335773,9.99,"{""Fast-Inference"": 0.4394857778451503, ""Standard-Inference"": 0.18408248392508816, ""Complex-Inference"": 0.17803778163406148, ""Ensemble-Inference"": 0.1983939565957}",0.391,91,"{""0"": 35, ""2"": 14, ""3"": 22, ""1"": 20}",54699,6.22,150.55,24.2,1.6544,14.63,1,1124,1125
561,2026-01-25T19:51:54.313047,5.05,"{""Fast-Inference"": 0.40751562057981816, ""Standard-Inference"": 0.21080182131385952, ""Complex-Inference"": 0.18683338775480038, ""Ensemble-Inference"": 0.1948491703515219}",0.63,100,"{""0"": 52, ""3"": 17, ""2"": 15, ""1"": 16}",62832,6.24,148.6,23.83,1.486,16.04,1,1126,1127
562,2026-01-25T19:52:06.357801,13.1,"{""Fast-Inference"": 0.42466863353022577, ""Standard-Inference"": 0.19673440532943232, ""Complex-Inference"": 0.1972923490193265, ""Ensemble-Inference"": 0.1813046121210154}",0.472,97,"{""0"": 39, ""1"": 17, ""2"": 23, ""3"": 18}",60026,6.23,149.01,23.92,1.5362,15.57,1,1128,1129
563,2026-01-25T19:52:18.358273,25.78,"{""Fast-Inference"": 0.38728574451864445, ""Standard-Inference"": 0.1937491122506298, ""Complex-Inference"": 0.20566881393317987, ""Ensemble-Inference"": 0.21329632929754597}",0.913,100,"{""1"": 22, ""0"": 41, ""3"": 15, ""2"": 22}",61438,6.23,147.74,23.69,1.4774,16.04,1,1130,1131
564,2026-01-25T19:52:30.335890,19.54,"{""Fast-Inference"": 0.39551579363824807, ""Standard-Inference"": 0.17464807045972214, ""Complex-Inference"": 0.20101443789929133, ""Ensemble-Inference"": 0.22882169800273847}",0.858,95,"{""1"": 17, ""2"": 15, ""0"": 37, ""3"": 26}",72923,6.23,152.24,24.45,1.6025,15.26,1,1132,1133
565,2026-01-25T19:52:42.358556,5.17,"{""Fast-Inference"": 0.39572901161921986, ""Standard-Inference"": 0.22212505847474476, ""Complex-Inference"": 0.192491260866866, ""Ensemble-Inference"": 0.18965466903916944}",0.487,98,"{""1"": 22, ""3"": 20, ""0"": 34, ""2"": 22}",62951,6.23,148.31,23.81,1.5133,15.73,1,1134,1135
566,2026-01-25T19:52:54.375357,18.72,"{""Fast-Inference"": 0.40583550739644686, ""Standard-Inference"": 0.19454377357799046, ""Complex-Inference"": 0.1887417966320985, ""Ensemble-Inference"": 0.21087892239346426}",0.631,100,"{""2"": 17, ""1"": 24, ""0"": 40, ""3"": 19}",59245,6.23,145.18,23.29,1.4518,16.04,1,1136,1137
567,2026-01-25T19:53:06.116759,24.1,"{""Fast-Inference"": 0.4255369442297238, ""Standard-Inference"": 0.18685949305892294, ""Complex-Inference"": 0.20141049057110766, ""Ensemble-Inference"": 0.18619307214024555}",0.487,95,"{""0"": 41, ""3"": 13, ""2"": 28, ""1"": 13}",55860,5.92,140.63,23.76,1.4804,16.05,1,1138,1139
568,2026-01-25T19:53:18.115573,29.13,"{""Fast-Inference"": 0.3490841460615356, ""Standard-Inference"": 0.22614659231134837, ""Complex-Inference"": 0.20448632195704036, ""Ensemble-Inference"": 0.2202829396700757}",0.992,95,"{""3"": 17, ""0"": 42, ""1"": 20, ""2"": 16}",57825,5.92,141.53,23.91,1.4898,16.05,1,1140,1141
569,2026-01-25T19:53:30.344630,10.48,"{""Fast-Inference"": 0.3604713929693213, ""Standard-Inference"": 0.20984054093003082, ""Complex-Inference"": 0.2128357345555421, ""Ensemble-Inference"": 0.21685233154510575}",0.716,83,"{""2"": 18, ""3"": 17, ""1"": 17, ""0"": 31}",57315,6.2,146.5,23.62,1.765,13.38,1,1142,1143
570,2026-01-25T19:53:42.295738,20.6,"{""Fast-Inference"": 0.4177142238249609, ""Standard-Inference"": 0.20673920848039673, ""Complex-Inference"": 0.20552356313367173, ""Ensemble-Inference"": 0.17002300456097058}",0.725,100,"{""1"": 15, ""3"": 24, ""0"": 42, ""2"": 19}",70702,6.23,152.35,24.45,1.5235,16.05,1,1144,1145
571,2026-01-25T19:53:54.328523,10.26,"{""Fast-Inference"": 0.39507484917180435, ""Standard-Inference"": 0.2101868161131328, ""Complex-Inference"": 0.17776783454907374, ""Ensemble-Inference"": 0.21697050016598896}",0.775,94,"{""2"": 19, ""0"": 32, ""1"": 19, ""3"": 24}",70009,6.22,152.79,24.57,1.6254,15.12,1,1146,1147
572,2026-01-25T19:54:06.283056,16.8,"{""Fast-Inference"": 0.43410890098193183, ""Standard-Inference"": 0.2130308525326707, ""Complex-Inference"": 0.18268282770023492, ""Ensemble-Inference"": 0.17017741878516246}",0.577,78,"{""2"": 14, ""1"": 18, ""0"": 31, ""3"": 15}",46649,6.2,147.83,23.86,1.8953,12.59,1,1148,1149
573,2026-01-25T19:54:18.137550,13.47,"{""Fast-Inference"": 0.3932938417006397, ""Standard-Inference"": 0.2228801441770685, ""Complex-Inference"": 0.17998942275965032, ""Ensemble-Inference"": 0.2038365913626415}",0.915,94,"{""0"": 38, ""1"": 20, ""3"": 25, ""2"": 11}",67898,5.92,142.41,24.04,1.515,15.87,1,1150,1151
574,2026-01-25T19:54:30.287583,7.49,"{""Fast-Inference"": 0.40359929749780193, ""Standard-Inference"": 0.18921107107944418, ""Complex-Inference"": 0.2117559217185593, ""Ensemble-Inference"": 0.19543370970419452}",0.686,85,"{""0"": 41, ""3"": 12, ""1"": 12, ""2"": 20}",51651,6.21,148.56,23.93,1.7477,13.69,1,1152,1153
575,2026-01-25T19:54:42.077815,9.49,"{""Fast-Inference"": 0.42989385191539237, ""Standard-Inference"": 0.18991572634515022, ""Complex-Inference"": 0.18661717693929294, ""Ensemble-Inference"": 0.19357324480016455}",0.844,89,"{""0"": 36, ""2"": 17, ""3"": 20, ""1"": 16}",62970,5.91,141.32,23.9,1.5879,15.05,1,1154,1155
576,2026-01-25T19:54:54.345873,6.03,"{""Fast-Inference"": 0.41063248915677003, ""Standard-Inference"": 0.17685810006232874, ""Complex-Inference"": 0.1990824130796173, ""Ensemble-Inference"": 0.21342699770128387}",0.734,97,"{""0"": 46, ""3"": 19, ""1"": 17, ""2"": 15}",58521,6.23,150.69,24.2,1.5535,15.58,1,1156,1157
577,2026-01-25T19:55:06.291517,19.89,"{""Fast-Inference"": 0.43349574905339605, ""Standard-Inference"": 0.2133593847383146, ""Complex-Inference"": 0.17501416838282116, ""Ensemble-Inference"": 0.17813069782546823}",0.624,97,"{""1"": 22, ""0"": 42, ""2"": 12, ""3"": 21}",62160,6.23,151.33,24.3,1.5601,15.58,1,1158,1159
578,2026-01-25T19:55:18.329740,9.39,"{""Fast-Inference"": 0.3897397831327629, ""Standard-Inference"": 0.2169749735700976, ""Complex-Inference"": 0.17850086679900545, ""Ensemble-Inference"": 0.2147843764981341}",0.943,96,"{""3"": 20, ""0"": 35, ""2"": 21, ""1"": 20}",74855,6.23,148.45,23.82,1.5464,15.4,1,1160,1161
579,2026-01-25T19:55:30.345836,5.84,"{""Fast-Inference"": 0.37514034358351894, ""Standard-Inference"": 0.21061623940852184, ""Complex-Inference"": 0.2253043114495683, ""Ensemble-Inference"": 0.18893910555839089}",0.884,95,"{""0"": 31, ""2"": 23, ""1"": 23, ""3"": 18}",67713,6.23,146.75,23.56,1.5448,15.25,1,1162,1163
580,2026-01-25T19:55:42.344994,26.89,"{""Fast-Inference"": 0.3615257462884469, ""Standard-Inference"": 0.2217445527885534, ""Complex-Inference"": 0.2209754908928131, ""Ensemble-Inference"": 0.19575421003018656}",0.771,100,"{""0"": 34, ""1"": 25, ""3"": 20, ""2"": 21}",63767,6.23,145.39,23.32,1.4539,16.04,1,1164,1165
581,2026-01-25T19:55:54.318940,18.39,"{""Fast-Inference"": 0.44312064582755856, ""Standard-Inference"": 0.18369582703764545, ""Complex-Inference"": 0.1786044948451475, ""Ensemble-Inference"": 0.1945790322896485}",0.812,100,"{""0"": 53, ""2"": 16, ""3"": 14, ""1"": 17}",55014,6.24,147.06,23.58,1.4706,16.04,1,1166,1167
582,2026-01-25T19:56:06.361004,27.76,"{""Fast-Inference"": 0.4198639578339223, ""Standard-Inference"": 0.2062547075975211, ""Complex-Inference"": 0.1859906828129504, ""Ensemble-Inference"": 0.1878906517556062}",0.366,99,"{""1"": 22, ""2"": 15, ""3"": 14, ""0"": 48}",52690,6.23,150.91,24.21,1.5243,15.88,1,1168,1169
583,2026-01-25T19:56:18.078152,14.38,"{""Fast-Inference"": 0.384835352244235, ""Standard-Inference"": 0.22090564589479972, ""Complex-Inference"": 0.22051343307514443, ""Ensemble-Inference"": 0.17374556878582095}",0.592,100,"{""3"": 17, ""0"": 41, ""2"": 18, ""1"": 24}",56919,5.93,141.6,23.88,1.416,16.87,1,1170,1171
584,2026-01-25T19:56:30.135636,6.82,"{""Fast-Inference"": 0.4027453447062824, ""Standard-Inference"": 0.22401466993645722, ""Complex-Inference"": 0.1858562625375719, ""Ensemble-Inference"": 0.1873837228196885}",0.472,100,"{""0"": 46, ""2"": 16, ""3"": 13, ""1"": 25}",50393,5.93,143.1,24.14,1.431,16.87,1,1172,1173
585,2026-01-25T19:56:42.320037,15.9,"{""Fast-Inference"": 0.4245498037525502, ""Standard-Inference"": 0.21146816116656209, ""Complex-Inference"": 0.1874646222660313, ""Ensemble-Inference"": 0.17651741281485636}",0.635,100,"{""0"": 45, ""1"": 26, ""2"": 13, ""3"": 16}",55884,6.24,150.75,24.17,1.5075,16.03,1,1174,1175
586,2026-01-25T19:56:54.150274,29.56,"{""Fast-Inference"": 0.37437545030652747, ""Standard-Inference"": 0.19858112557400454, ""Complex-Inference"": 0.20414801918038208, ""Ensemble-Inference"": 0.222895404939086}",0.833,100,"{""2"": 18, ""3"": 25, ""0"": 37, ""1"": 20}",79512,5.93,148.97,25.11,1.4897,16.85,1,1176,1177
587,2026-01-25T19:57:06.359389,25.65,"{""Fast-Inference"": 0.4266820894245185, ""Standard-Inference"": 0.18043393309983652, ""Complex-Inference"": 0.19575608391703408, ""Ensemble-Inference"": 0.19712789355861088}",0.63,100,"{""0"": 38, ""1"": 14, ""2"": 27, ""3"": 21}",73534,6.23,146.06,23.43,1.4606,16.04,1,1178,1179
588,2026-01-25T19:57:18.372520,17.87,"{""Fast-Inference"": 0.3969714249144601, ""Standard-Inference"": 0.21066080513093025, ""Complex-Inference"": 0.20761530821101465, ""Ensemble-Inference"": 0.18475246174359505}",0.331,94,"{""0"": 44, ""2"": 18, ""3"": 19, ""1"": 13}",57453,6.22,150.11,24.12,1.5969,15.1,1,1180,1181
589,2026-01-25T19:57:30.074275,5.59,"{""Fast-Inference"": 0.40833299899305353, ""Standard-Inference"": 0.1883037521257655, ""Complex-Inference"": 0.190347252960306, ""Ensemble-Inference"": 0.213015995920875}",0.394,100,"{""0"": 36, ""1"": 22, ""2"": 25, ""3"": 17}",64339,5.93,145.58,24.54,1.4558,16.86,1,1182,1183
590,2026-01-25T19:57:42.126942,19.94,"{""Fast-Inference"": 0.44088817022793164, ""Standard-Inference"": 0.1676971458563352, ""Complex-Inference"": 0.2072957852650782, ""Ensemble-Inference"": 0.18411889865065498}",0.524,100,"{""0"": 42, ""1"": 13, ""2"": 24, ""3"": 21}",63093,5.92,146.34,24.7,1.4634,16.88,1,1184,1185
591,2026-01-25T19:57:54.291706,23.32,"{""Fast-Inference"": 0.3821517806446474, ""Standard-Inference"": 0.1853507447694732, ""Complex-Inference"": 0.18866366250052805, ""Ensemble-Inference"": 0.24383381208535135}",0.761,97,"{""3"": 15, ""0"": 40, ""1"": 26, ""2"": 16}",49697,6.23,149.24,23.96,1.5385,15.58,1,1186,1187
592,2026-01-25T19:58:06.077493,20.8,"{""Fast-Inference"": 0.4414062220928752, ""Standard-Inference"": 0.18106853625338065, ""Complex-Inference"": 0.1847537055943699, ""Ensemble-Inference"": 0.19277153605937425}",0.424,87,"{""0"": 35, ""3"": 15, ""2"": 24, ""1"": 13}",54493,5.91,140.53,23.79,1.6153,14.73,1,1188,1189
593,2026-01-25T19:58:18.374334,18.68,"{""Fast-Inference"": 0.39685637027794146, ""Standard-Inference"": 0.21003028898263296, ""Complex-Inference"": 0.18313580628938994, ""Ensemble-Inference"": 0.20997753445003572}",0.877,100,"{""1"": 20, ""2"": 19, ""0"": 47, ""3"": 14}",63832,6.24,151.22,24.25,1.5122,16.03,1,1190,1191
594,2026-01-25T19:58:30.127309,15.73,"{""Fast-Inference"": 0.4201366503200378, ""Standard-Inference"": 0.1838286649385202, ""Complex-Inference"": 0.18744531682952725, ""Ensemble-Inference"": 0.20858936791191465}",0.587,100,"{""3"": 20, ""2"": 23, ""0"": 38, ""1"": 19}",67201,5.93,141.44,23.85,1.4144,16.86,1,1192,1193
595,2026-01-25T19:58:42.309646,10.47,"{""Fast-Inference"": 0.3619739030469037, ""Standard-Inference"": 0.19415880590432585, ""Complex-Inference"": 0.23084102978459942, ""Ensemble-Inference"": 0.21302626126417104}",0.315,97,"{""1"": 24, ""3"": 14, ""0"": 30, ""2"": 29}",64969,6.23,151.66,24.34,1.5635,15.57,1,1194,1195
596,2026-01-25T19:58:54.350038,17.68,"{""Fast-Inference"": 0.4058698246311253, ""Standard-Inference"": 0.22197565093885888, ""Complex-Inference"": 0.17311419922534096, ""Ensemble-Inference"": 0.19904032520467496}",0.527,100,"{""0"": 34, ""2"": 22, ""1"": 30, ""3"": 14}",61995,6.23,149.11,23.92,1.4911,16.04,1,1196,1197
597,2026-01-25T19:59:06.321701,25.55,"{""Fast-Inference"": 0.4028687181744301, ""Standard-Inference"": 0.20646961361823987, ""Complex-Inference"": 0.1894111136288564, ""Ensemble-Inference"": 0.20125055457847355}",0.431,93,"{""2"": 16, ""0"": 43, ""1"": 18, ""3"": 16}",56507,6.23,147.96,23.77,1.591,14.94,1,1198,1199
598,2026-01-25T19:59:18.335766,10.75,"{""Fast-Inference"": 0.4113245553443718, ""Standard-Inference"": 0.22318528637261403, ""Complex-Inference"": 0.18359321513712454, ""Ensemble-Inference"": 0.18189694314588964}",0.565,95,"{""1"": 26, ""0"": 31, ""2"": 21, ""3"": 17}",59985,6.23,148.47,23.84,1.5628,15.26,1,1200,1201
599,2026-01-25T19:59:30.369155,19.62,"{""Fast-Inference"": 0.4478631366535696, ""Standard-Inference"": 0.18728833995837613, ""Complex-Inference"": 0.19479224170471607, ""Ensemble-Inference"": 0.17005628168333822}",0.811,100,"{""1"": 22, ""0"": 43, ""2"": 19, ""3"": 16}",62453,6.24,148.5,23.79,1.485,16.02,1,1202,1203
600,2026-01-25T19:59:42.095786,17.55,"{""Fast-Inference"": 0.4154728161682008, ""Standard-Inference"": 0.20779776406043377, ""Complex-Inference"": 0.20455554765474251, ""Ensemble-Inference"": 0.17217387211662288}",0.59,100,"{""2"": 23, ""0"": 39, ""1"": 22, ""3"": 16}",59508,5.93,143.05,24.12,1.4305,16.86,1,1204,1205
601,2026-01-25T19:59:54.156531,11.36,"{""Fast-Inference"": 0.4421809279539765, ""Standard-Inference"": 0.2087212921371447, ""Complex-Inference"": 0.1762301883380715, ""Ensemble-Inference"": 0.17286759157080744}",0.524,100,"{""1"": 27, ""2"": 13, ""0"": 50, ""3"": 10}",46915,5.93,152.81,25.77,1.5281,16.86,1,1206,1207
602,2026-01-25T20:00:06.149281,16.4,"{""Fast-Inference"": 0.4121343417099823, ""Standard-Inference"": 0.19292604423568874, ""Complex-Inference"": 0.20498092669789433, ""Ensemble-Inference"": 0.18995868735643465}",0.481,100,"{""0"": 38, ""1"": 20, ""3"": 21, ""2"": 21}",63307,5.93,140.32,23.66,1.4032,16.86,1,1208,1209
603,2026-01-25T20:00:18.332927,13.73,"{""Fast-Inference"": 0.41856653098297136, ""Standard-Inference"": 0.21213562224666277, ""Complex-Inference"": 0.18581484775125767, ""Ensemble-Inference"": 0.1834829990191082}",0.443,86,"{""2"": 16, ""0"": 38, ""1"": 19, ""3"": 13}",50373,6.21,147.44,23.73,1.7144,13.84,1,1210,1211
604,2026-01-25T20:00:30.305865,23.51,"{""Fast-Inference"": 0.38063448173205616, ""Standard-Inference"": 0.19686957107052033, ""Complex-Inference"": 0.23331187415226567, ""Ensemble-Inference"": 0.18918407304515783}",0.643,95,"{""3"": 18, ""0"": 38, ""2"": 20, ""1"": 19}",58407,6.23,149.38,23.98,1.5725,15.25,1,1212,1213
605,2026-01-25T20:00:42.291891,25.97,"{""Fast-Inference"": 0.43855232475784844, ""Standard-Inference"": 0.2151846541047952, ""Complex-Inference"": 0.1756595784639648, ""Ensemble-Inference"": 0.17060344267339153}",0.326,97,"{""1"": 30, ""0"": 39, ""2"": 15, ""3"": 13}",51972,6.23,147.57,23.7,1.5213,15.58,1,1214,1215
606,2026-01-25T20:00:54.081248,9.61,"{""Fast-Inference"": 0.40665224524090215, ""Standard-Inference"": 0.21161797796099782, ""Complex-Inference"": 0.19222034694455287, ""Ensemble-Inference"": 0.18950942985354713}",0.403,86,"{""0"": 37, ""2"": 21, ""1"": 11, ""3"": 17}",50816,5.91,138.82,23.5,1.6142,14.56,1,1216,1217
607,2026-01-25T20:01:06.073576,17.1,"{""Fast-Inference"": 0.37770956061578154, ""Standard-Inference"": 0.21286768733534683, ""Complex-Inference"": 0.22648671718695756, ""Ensemble-Inference"": 0.18293603486191412}",0.918,100,"{""3"": 25, ""2"": 17, ""0"": 34, ""1"": 24}",73288,5.93,142.68,24.05,1.4268,16.86,1,1218,1219
608,2026-01-25T20:01:18.131476,29.16,"{""Fast-Inference"": 0.3680130693495891, ""Standard-Inference"": 0.20015346210686472, ""Complex-Inference"": 0.21718074966548923, ""Ensemble-Inference"": 0.214652718878057}",0.391,100,"{""2"": 23, ""1"": 27, ""0"": 28, ""3"": 22}",69555,5.93,147.08,24.8,1.4708,16.86,1,1220,1221
609,2026-01-25T20:01:30.324900,17.18,"{""Fast-Inference"": 0.4034328693084141, ""Standard-Inference"": 0.19894333747055876, ""Complex-Inference"": 0.2067583394321766, ""Ensemble-Inference"": 0.19086545378885053}",0.718,100,"{""2"": 24, ""3"": 20, ""0"": 35, ""1"": 21}",64380,6.24,153.35,24.57,1.5335,16.02,1,1222,1223
610,2026-01-25T20:01:42.361055,26.7,"{""Fast-Inference"": 0.431834495308122, ""Standard-Inference"": 0.16879474863339772, ""Complex-Inference"": 0.20463266558476131, ""Ensemble-Inference"": 0.19473809047371887}",0.698,97,"{""0"": 43, ""3"": 15, ""1"": 18, ""2"": 21}",63986,6.23,151.55,24.32,1.5624,15.57,1,1224,1225
611,2026-01-25T20:01:54.329539,10.98,"{""Fast-Inference"": 0.402991969095518, ""Standard-Inference"": 0.19164674104247906, ""Complex-Inference"": 0.20077080476523376, ""Ensemble-Inference"": 0.20459048509676914}",0.707,100,"{""2"": 21, ""1"": 19, ""0"": 39, ""3"": 21}",63044,6.24,149.9,24.03,1.499,16.03,1,1226,1227
612,2026-01-25T20:02:06.083926,23.65,"{""Fast-Inference"": 0.4403729993130569, ""Standard-Inference"": 0.16346492729756465, ""Complex-Inference"": 0.19729150494428105, ""Ensemble-Inference"": 0.19887056844509732}",0.875,98,"{""0"": 45, ""3"": 18, ""1"": 21, ""2"": 14}",61106,5.93,144.71,24.42,1.4767,16.54,1,1228,1229
613,2026-01-25T20:02:18.126962,15.77,"{""Fast-Inference"": 0.43421982148463106, ""Standard-Inference"": 0.18417487325736104, ""Complex-Inference"": 0.17773909920749306, ""Ensemble-Inference"": 0.20386620605051492}",0.649,95,"{""0"": 51, ""3"": 12, ""1"": 19, ""2"": 13}",47939,5.92,141.96,23.98,1.4943,16.05,1,1230,1231
614,2026-01-25T20:02:30.136316,26.62,"{""Fast-Inference"": 0.39953409665231676, ""Standard-Inference"": 0.20885572272006123, ""Complex-Inference"": 0.18300697281076933, ""Ensemble-Inference"": 0.20860320781685274}",0.969,100,"{""0"": 47, ""2"": 15, ""3"": 17, ""1"": 21}",56267,5.93,144.37,24.34,1.4437,16.86,1,1232,1233
615,2026-01-25T20:02:42.189733,9.94,"{""Fast-Inference"": 0.42288179803158404, ""Standard-Inference"": 0.20756001420352843, ""Complex-Inference"": 0.20910766806827863, ""Ensemble-Inference"": 0.1604505196966089}",0.508,100,"{""1"": 24, ""2"": 25, ""0"": 33, ""3"": 18}",63181,5.93,140.84,23.77,1.4084,16.87,1,1234,1235
616,2026-01-25T20:02:54.329173,8.88,"{""Fast-Inference"": 0.3761405987553239, ""Standard-Inference"": 0.20039753952564285, ""Complex-Inference"": 0.22549077365374984, ""Ensemble-Inference"": 0.19797108806528338}",0.671,100,"{""0"": 39, ""3"": 12, ""1"": 24, ""2"": 25}",60554,6.23,158.27,25.38,1.5827,16.04,1,1236,1237
617,2026-01-25T20:03:06.373248,6.19,"{""Fast-Inference"": 0.4331981868634397, ""Standard-Inference"": 0.19003257071344065, ""Complex-Inference"": 0.16727026701046457, ""Ensemble-Inference"": 0.20949897541265516}",0.97,100,"{""2"": 17, ""1"": 23, ""0"": 42, ""3"": 18}",66352,6.23,149.11,23.94,1.4911,16.05,1,1238,1239
618,2026-01-25T20:03:18.109263,11.04,"{""Fast-Inference"": 0.4268147638357856, ""Standard-Inference"": 0.2006474979922463, ""Complex-Inference"": 0.20731184145384798, ""Ensemble-Inference"": 0.16522589671812}",0.968,100,"{""0"": 48, ""2"": 16, ""1"": 19, ""3"": 17}",58382,5.93,139.63,23.55,1.3963,16.87,1,1240,1241
619,2026-01-25T20:03:30.125752,24.79,"{""Fast-Inference"": 0.3963373171910784, ""Standard-Inference"": 0.21137512681870432, ""Complex-Inference"": 0.19197637339308063, ""Ensemble-Inference"": 0.20031118259713673}",0.726,93,"{""0"": 36, ""3"": 14, ""1"": 19, ""2"": 24}",67017,5.92,143.87,24.3,1.5469,15.71,1,1242,1243
620,2026-01-25T20:03:42.138898,25.22,"{""Fast-Inference"": 0.3923983440089875, ""Standard-Inference"": 0.21305291128015252, ""Complex-Inference"": 0.18606035726819442, ""Ensemble-Inference"": 0.20848838744266562}",0.978,95,"{""2"": 27, ""3"": 16, ""0"": 35, ""1"": 17}",68731,5.92,140.4,23.71,1.4779,16.05,1,1244,1245
621,2026-01-25T20:03:54.101341,19.8,"{""Fast-Inference"": 0.42779735271596625, ""Standard-Inference"": 0.18243460105388046, ""Complex-Inference"": 0.17260490503898385, ""Ensemble-Inference"": 0.21716314119116953}",0.658,100,"{""3"": 24, ""0"": 43, ""1"": 20, ""2"": 13}",66188,5.93,142.56,24.04,1.4256,16.86,1,1246,1247
622,2026-01-25T20:04:06.295389,24.52,"{""Fast-Inference"": 0.40193229799903674, ""Standard-Inference"": 0.22961191490559346, ""Complex-Inference"": 0.19480672642591385, ""Ensemble-Inference"": 0.17364906066945607}",0.59,96,"{""2"": 20, ""1"": 32, ""0"": 31, ""3"": 13}",55517,6.23,154.53,24.82,1.6096,15.42,1,1248,1249
623,2026-01-25T20:04:18.301073,24.03,"{""Fast-Inference"": 0.4118845635301478, ""Standard-Inference"": 0.18519099011988177, ""Complex-Inference"": 0.22784992737704424, ""Ensemble-Inference"": 0.17507451897292628}",0.403,91,"{""0"": 28, ""3"": 17, ""2"": 22, ""1"": 24}",58325,6.22,146.71,23.6,1.6122,14.64,1,1250,1251
624,2026-01-25T20:04:30.121034,6.87,"{""Fast-Inference"": 0.4048961788938394, ""Standard-Inference"": 0.21636265869818863, ""Complex-Inference"": 0.20804676533839, ""Ensemble-Inference"": 0.17069439706958192}",0.96,99,"{""0"": 39, ""3"": 13, ""2"": 27, ""1"": 20}",67443,5.93,141.08,23.81,1.4251,16.7,1,1252,1253
625,2026-01-25T20:04:42.181767,10.06,"{""Fast-Inference"": 0.40498386120360375, ""Standard-Inference"": 0.17459240911589838, ""Complex-Inference"": 0.22536325038850133, ""Ensemble-Inference"": 0.19506047929199663}",0.67,100,"{""1"": 21, ""0"": 40, ""3"": 20, ""2"": 19}",62745,5.93,143.62,24.24,1.4362,16.88,1,1254,1255
626,2026-01-25T20:04:54.323631,5.29,"{""Fast-Inference"": 0.4113714105436205, ""Standard-Inference"": 0.18647277567078582, ""Complex-Inference"": 0.20385692228307192, ""Ensemble-Inference"": 0.1982988915025217}",0.531,100,"{""0"": 38, ""2"": 20, ""1"": 23, ""3"": 19}",66964,6.23,153.21,24.57,1.5321,16.04,1,1256,1257
627,2026-01-25T20:05:06.356187,20.25,"{""Fast-Inference"": 0.3657061871907722, ""Standard-Inference"": 0.2273167663142471, ""Complex-Inference"": 0.22102545372299587, ""Ensemble-Inference"": 0.1859515927719847}",0.412,91,"{""0"": 27, ""1"": 18, ""2"": 21, ""3"": 25}",65496,6.21,152.43,24.53,1.6751,14.64,1,1258,1259
628,2026-01-25T20:05:18.358779,15.2,"{""Fast-Inference"": 0.38851511040779035, ""Standard-Inference"": 0.1839688243306723, ""Complex-Inference"": 0.2169173664543639, ""Ensemble-Inference"": 0.2105986988071733}",0.904,99,"{""3"": 29, ""2"": 19, ""1"": 17, ""0"": 34}",79927,6.24,149.22,23.93,1.5073,15.87,1,1260,1261
629,2026-01-25T20:05:30.088240,7.98,"{""Fast-Inference"": 0.4083512364484372, ""Standard-Inference"": 0.18753483804257262, ""Complex-Inference"": 0.19679574489255663, ""Ensemble-Inference"": 0.2073181806164336}",0.355,100,"{""0"": 39, ""2"": 20, ""3"": 16, ""1"": 25}",61693,5.94,138.65,23.35,1.3865,16.84,1,1262,1263
630,2026-01-25T20:05:42.073980,16.55,"{""Fast-Inference"": 0.3958292729623699, ""Standard-Inference"": 0.20897348029759327, ""Complex-Inference"": 0.1883244774743551, ""Ensemble-Inference"": 0.20687276926568166}",0.619,100,"{""0"": 41, ""2"": 19, ""3"": 18, ""1"": 22}",64312,5.93,140.06,23.61,1.4006,16.86,1,1264,1265
631,2026-01-25T20:05:54.147473,17.26,"{""Fast-Inference"": 0.39498780174322307, ""Standard-Inference"": 0.22865266876703408, ""Complex-Inference"": 0.19240489930322102, ""Ensemble-Inference"": 0.18395463018652183}",0.449,100,"{""1"": 28, ""2"": 19, ""3"": 25, ""0"": 28}",65039,5.93,145.68,24.56,1.4568,16.86,1,1266,1267
632,2026-01-25T20:06:06.324424,27.27,"{""Fast-Inference"": 0.3978076136123919, ""Standard-Inference"": 0.2054787917880013, ""Complex-Inference"": 0.22295084786468372, ""Ensemble-Inference"": 0.17376274673492298}",0.593,93,"{""1"": 22, ""0"": 29, ""3"": 22, ""2"": 20}",64628,6.22,148.61,23.88,1.5979,14.95,1,1268,1269
633,2026-01-25T20:06:18.319361,14.88,"{""Fast-Inference"": 0.37227063564369733, ""Standard-Inference"": 0.20518172283841873, ""Complex-Inference"": 0.2063514388544828, ""Ensemble-Inference"": 0.216196202663401}",0.671,87,"{""3"": 21, ""0"": 34, ""2"": 13, ""1"": 19}",58745,6.21,150.2,24.17,1.7264,14.0,1,1270,1271
634,2026-01-25T20:06:30.113818,9.4,"{""Fast-Inference"": 0.42026247002582406, ""Standard-Inference"": 0.21692864649540594, ""Complex-Inference"": 0.1924424897259226, ""Ensemble-Inference"": 0.17036639375284748}",0.506,97,"{""0"": 41, ""2"": 21, ""1"": 17, ""3"": 18}",58807,5.92,141.45,23.87,1.4582,16.37,1,1272,1273
635,2026-01-25T20:06:42.077079,27.71,"{""Fast-Inference"": 0.45364060193676925, ""Standard-Inference"": 0.18212662421864043, ""Complex-Inference"": 0.18655608580380723, ""Ensemble-Inference"": 0.17767668804078313}",0.789,93,"{""2"": 23, ""0"": 35, ""3"": 17, ""1"": 18}",66603,5.92,139.88,23.62,1.5041,15.71,1,1274,1275
636,2026-01-25T20:06:54.108216,28.38,"{""Fast-Inference"": 0.40646999081611734, ""Standard-Inference"": 0.22799487633648927, ""Complex-Inference"": 0.19267252401114177, ""Ensemble-Inference"": 0.17286260883625162}",0.86,100,"{""0"": 30, ""3"": 27, ""1"": 18, ""2"": 25}",89656,5.93,141.66,23.87,1.4166,16.85,1,1276,1277
637,2026-01-25T20:07:06.298831,8.28,"{""Fast-Inference"": 0.3651208067509305, ""Standard-Inference"": 0.2094982964633576, ""Complex-Inference"": 0.21766137888932946, ""Ensemble-Inference"": 0.20771951789638246}",0.538,100,"{""1"": 16, ""0"": 38, ""3"": 27, ""2"": 19}",70469,6.24,148.25,23.78,1.4825,16.04,1,1278,1279
638,2026-01-25T20:07:18.343194,9.38,"{""Fast-Inference"": 0.39695501419704327, ""Standard-Inference"": 0.18148386460592977, ""Complex-Inference"": 0.20519331114591752, ""Ensemble-Inference"": 0.21636781005110947}",0.665,100,"{""2"": 24, ""0"": 33, ""3"": 23, ""1"": 20}",67559,6.24,150.12,24.08,1.5012,16.04,1,1280,1281
639,2026-01-25T20:07:30.333383,21.41,"{""Fast-Inference"": 0.37698245517371687, ""Standard-Inference"": 0.22471586517450043, ""Complex-Inference"": 0.18324592793738315, ""Ensemble-Inference"": 0.21505575171439945}",0.436,87,"{""0"": 33, ""3"": 16, ""2"": 19, ""1"": 19}",57813,6.21,148.18,23.86,1.7032,14.01,1,1282,1283
640,2026-01-25T20:07:42.093803,16.06,"{""Fast-Inference"": 0.4160151633224761, ""Standard-Inference"": 0.1795063880482411, ""Complex-Inference"": 0.20403004785107517, ""Ensemble-Inference"": 0.2004484007782076}",0.989,100,"{""0"": 46, ""2"": 17, ""1"": 16, ""3"": 21}",69776,5.93,143.71,24.21,1.4371,16.85,1,1284,1285
641,2026-01-25T20:07:54.294906,24.95,"{""Fast-Inference"": 0.4065603364016861, ""Standard-Inference"": 0.22237533549980107, ""Complex-Inference"": 0.18692593213723713, ""Ensemble-Inference"": 0.1841383959612756}",0.719,89,"{""0"": 39, ""3"": 20, ""1"": 16, ""2"": 14}",57911,6.21,147.26,23.7,1.6546,14.32,1,1286,1287
642,2026-01-25T20:08:06.135337,26.19,"{""Fast-Inference"": 0.37469725039730123, ""Standard-Inference"": 0.1937727181323061, ""Complex-Inference"": 0.21685186774521523, ""Ensemble-Inference"": 0.2146781637251774}",0.901,100,"{""0"": 39, ""2"": 16, ""3"": 23, ""1"": 22}",71198,5.93,143.93,24.27,1.4393,16.86,1,1288,1289
643,2026-01-25T20:08:18.323239,12.25,"{""Fast-Inference"": 0.3788238267363361, ""Standard-Inference"": 0.20347432278798538, ""Complex-Inference"": 0.22666815283104305, ""Ensemble-Inference"": 0.19103369764463557}",0.665,96,"{""2"": 23, ""0"": 35, ""3"": 18, ""1"": 20}",62068,6.23,146.79,23.57,1.5291,15.41,1,1290,1291
644,2026-01-25T20:08:30.111307,15.14,"{""Fast-Inference"": 0.3910249350092012, ""Standard-Inference"": 0.2330404072478396, ""Complex-Inference"": 0.17896255699569222, ""Ensemble-Inference"": 0.19697210074726695}",0.645,85,"{""1"": 18, ""3"": 19, ""0"": 38, ""2"": 10}",49341,5.9,140.26,23.75,1.6501,14.4,1,1292,1293
645,2026-01-25T20:08:42.093508,20.9,"{""Fast-Inference"": 0.43848256727031476, ""Standard-Inference"": 0.16803727278396016, ""Complex-Inference"": 0.22305653451553656, ""Ensemble-Inference"": 0.17042362543018852}",0.388,100,"{""3"": 12, ""2"": 17, ""0"": 45, ""1"": 26}",50429,5.93,139.02,23.44,1.3902,16.86,1,1294,1295
646,2026-01-25T20:08:54.286442,10.22,"{""Fast-Inference"": 0.4100837428661659, ""Standard-Inference"": 0.18831898287661752, ""Complex-Inference"": 0.19707372034036377, ""Ensemble-Inference"": 0.20452355391685292}",0.761,92,"{""3"": 24, ""1"": 18, ""0"": 30, ""2"": 20}",73096,6.22,153.72,24.71,1.6709,14.79,1,1296,1297
647,2026-01-25T20:09:06.131800,17.57,"{""Fast-Inference"": 0.4046428628532685, ""Standard-Inference"": 0.21598746493714427, ""Complex-Inference"": 0.1723287487695348, ""Ensemble-Inference"": 0.2070409234400523}",0.538,100,"{""1"": 25, ""3"": 21, ""0"": 47, ""2"": 7}",55160,5.93,142.11,23.96,1.4211,16.86,1,1298,1299
648,2026-01-25T20:09:18.319934,12.62,"{""Fast-Inference"": 0.3773233114035117, ""Standard-Inference"": 0.1825922737794655, ""Complex-Inference"": 0.20963129043950804, ""Ensemble-Inference"": 0.23045312437751472}",0.938,94,"{""1"": 18, ""2"": 18, ""0"": 42, ""3"": 16}",63957,6.22,146.49,23.54,1.5584,15.11,1,1300,1301
649,2026-01-25T20:09:30.116526,14.47,"{""Fast-Inference"": 0.43933186413876524, ""Standard-Inference"": 0.18129329598258187, ""Complex-Inference"": 0.19899029833216833, ""Ensemble-Inference"": 0.18038454154648462}",0.335,100,"{""0"": 45, ""3"": 17, ""1"": 16, ""2"": 22}",56603,5.93,143.49,24.19,1.4349,16.85,1,1302,1303
650,2026-01-25T20:09:42.331961,21.88,"{""Fast-Inference"": 0.3949476977006011, ""Standard-Inference"": 0.20973472366576612, ""Complex-Inference"": 0.18834530670647973, ""Ensemble-Inference"": 0.20697227192715298}",0.513,100,"{""2"": 15, ""0"": 37, ""1"": 28, ""3"": 20}",60502,6.24,152.59,24.47,1.5259,16.04,1,1304,1305
651,2026-01-25T20:09:54.356883,8.51,"{""Fast-Inference"": 0.4100953866744574, ""Standard-Inference"": 0.20797717311956151, ""Complex-Inference"": 0.1810422689205335, ""Ensemble-Inference"": 0.2008851712854475}",0.476,85,"{""3"": 18, ""0"": 39, ""1"": 17, ""2"": 11}",51384,6.21,155.14,24.99,1.8252,13.69,1,1306,1307
652,2026-01-25T20:10:06.305143,28.09,"{""Fast-Inference"": 0.43110318103633904, ""Standard-Inference"": 0.18224791650247466, ""Complex-Inference"": 0.17534494730327213, ""Ensemble-Inference"": 0.2113039551579141}",0.914,100,"{""0"": 48, ""2"": 11, ""3"": 24, ""1"": 17}",58994,6.24,149.46,23.95,1.4946,16.03,1,1308,1309
653,2026-01-25T20:10:18.111033,5.42,"{""Fast-Inference"": 0.36274660554058014, ""Standard-Inference"": 0.21370496417193974, ""Complex-Inference"": 0.21143861094498023, ""Ensemble-Inference"": 0.21210981934249984}",0.796,90,"{""3"": 19, ""1"": 18, ""0"": 31, ""2"": 22}",68325,5.91,139.15,23.53,1.5461,15.22,1,1310,1311
654,2026-01-25T20:10:30.126654,6.43,"{""Fast-Inference"": 0.3926154766844529, ""Standard-Inference"": 0.20288927975604787, ""Complex-Inference"": 0.20902607312233754, ""Ensemble-Inference"": 0.19546917043716158}",0.305,99,"{""0"": 47, ""3"": 15, ""2"": 21, ""1"": 16}",52144,5.93,142.24,23.99,1.4367,16.7,1,1312,1313
655,2026-01-25T20:10:42.317049,14.57,"{""Fast-Inference"": 0.38739274724907413, ""Standard-Inference"": 0.2285901992032491, ""Complex-Inference"": 0.19065752102156366, ""Ensemble-Inference"": 0.19335953252611296}",0.359,100,"{""1"": 23, ""0"": 36, ""3"": 23, ""2"": 18}",68954,6.23,148.88,23.88,1.4888,16.04,1,1314,1315
656,2026-01-25T20:10:54.369027,19.41,"{""Fast-Inference"": 0.3743967250638514, ""Standard-Inference"": 0.19988829219787885, ""Complex-Inference"": 0.20929117403342182, ""Ensemble-Inference"": 0.21642380870484793}",0.751,100,"{""3"": 21, ""0"": 36, ""2"": 22, ""1"": 21}",72135,6.24,150.5,24.13,1.505,16.03,1,1316,1317
657,2026-01-25T20:11:06.083924,29.51,"{""Fast-Inference"": 0.3851873916270052, ""Standard-Inference"": 0.19371839600904137, ""Complex-Inference"": 0.2235761590513845, ""Ensemble-Inference"": 0.19751805331256886}",0.79,100,"{""3"": 20, ""2"": 19, ""0"": 37, ""1"": 24}",67029,5.93,141.6,23.87,1.416,16.86,1,1318,1319
658,2026-01-25T20:11:18.078166,7.93,"{""Fast-Inference"": 0.3855665776165067, ""Standard-Inference"": 0.21403120834792735, ""Complex-Inference"": 0.1933415550139997, ""Ensemble-Inference"": 0.20706065902156637}",0.413,100,"{""0"": 43, ""2"": 20, ""1"": 19, ""3"": 18}",63347,5.93,142.72,24.05,1.4272,16.85,1,1320,1321
659,2026-01-25T20:11:30.294200,7.71,"{""Fast-Inference"": 0.4420016536990679, ""Standard-Inference"": 0.18616870036273908, ""Complex-Inference"": 0.18043579344199911, ""Ensemble-Inference"": 0.1913938524961939}",0.532,89,"{""2"": 16, ""0"": 41, ""3"": 18, ""1"": 14}",56590,6.22,147.61,23.73,1.6585,14.31,1,1322,1323
660,2026-01-25T20:11:42.133134,28.5,"{""Fast-Inference"": 0.3652173470329575, ""Standard-Inference"": 0.20165438824275886, ""Complex-Inference"": 0.23949946748621462, ""Ensemble-Inference"": 0.19362879723806903}",0.58,98,"{""1"": 18, ""2"": 18, ""0"": 43, ""3"": 19}",61887,5.93,141.26,23.83,1.4414,16.54,1,1324,1325
661,2026-01-25T20:11:54.324837,20.69,"{""Fast-Inference"": 0.4066943383319978, ""Standard-Inference"": 0.20507722269181916, ""Complex-Inference"": 0.18291963988619597, ""Ensemble-Inference"": 0.20530879908998706}",0.85,100,"{""3"": 30, ""0"": 29, ""2"": 19, ""1"": 22}",84764,6.23,156.97,25.18,1.5697,16.04,1,1326,1327
662,2026-01-25T20:12:06.338638,24.1,"{""Fast-Inference"": 0.4208958003776293, ""Standard-Inference"": 0.22767365824927793, ""Complex-Inference"": 0.17941320933648908, ""Ensemble-Inference"": 0.17201733203660383}",0.506,95,"{""0"": 38, ""2"": 18, ""1"": 24, ""3"": 15}",54846,6.22,150.69,24.21,1.5862,15.26,1,1328,1329
663,2026-01-25T20:12:18.114185,5.5,"{""Fast-Inference"": 0.418043420539371, ""Standard-Inference"": 0.20596842560292794, ""Complex-Inference"": 0.20291186327099464, ""Ensemble-Inference"": 0.17307629058670637}",0.58,85,"{""3"": 15, ""1"": 21, ""0"": 36, ""2"": 13}",51311,5.9,142.45,24.13,1.6759,14.4,1,1330,1331
664,2026-01-25T20:12:30.097404,27.63,"{""Fast-Inference"": 0.41242888108483855, ""Standard-Inference"": 0.22443116009328198, ""Complex-Inference"": 0.1827910163906016, ""Ensemble-Inference"": 0.18034894243127783}",0.638,100,"{""3"": 13, ""0"": 49, ""1"": 17, ""2"": 21}",52957,5.93,140.46,23.68,1.4046,16.86,1,1332,1333
665,2026-01-25T20:12:42.307286,10.42,"{""Fast-Inference"": 0.3640354707652355, ""Standard-Inference"": 0.1898011116908875, ""Complex-Inference"": 0.22599126557259894, ""Ensemble-Inference"": 0.22017215197127796}",0.566,100,"{""0"": 35, ""1"": 23, ""3"": 25, ""2"": 17}",71206,6.23,147.39,23.64,1.4739,16.04,1,1334,1335
666,2026-01-25T20:12:54.321318,7.56,"{""Fast-Inference"": 0.43437153366713327, ""Standard-Inference"": 0.17874526850654573, ""Complex-Inference"": 0.19831403728571548, ""Ensemble-Inference"": 0.18856916054060552}",0.677,100,"{""1"": 15, ""3"": 23, ""0"": 45, ""2"": 17}",67152,6.24,150.46,24.12,1.5046,16.03,1,1336,1337
667,2026-01-25T20:13:06.123637,22.78,"{""Fast-Inference"": 0.4255573574769225, ""Standard-Inference"": 0.1746668929425418, ""Complex-Inference"": 0.20743226286328897, ""Ensemble-Inference"": 0.19234348671724683}",0.869,89,"{""0"": 32, ""3"": 17, ""2"": 20, ""1"": 20}",64792,5.91,146.54,24.78,1.6465,15.05,1,1338,1339
668,2026-01-25T20:13:18.108041,11.68,"{""Fast-Inference"": 0.36981348390062796, ""Standard-Inference"": 0.20302823042348192, ""Complex-Inference"": 0.189262476308021, ""Ensemble-Inference"": 0.23789580936786922}",0.871,86,"{""0"": 28, ""2"": 21, ""1"": 13, ""3"": 24}",61790,5.9,140.8,23.84,1.6372,14.56,1,1340,1341
669,2026-01-25T20:13:30.096726,7.93,"{""Fast-Inference"": 0.38641797945086787, ""Standard-Inference"": 0.1875570546708941, ""Complex-Inference"": 0.2339095424398709, ""Ensemble-Inference"": 0.1921154234383672}",0.526,100,"{""2"": 25, ""0"": 36, ""1"": 24, ""3"": 15}",68291,5.94,142.69,24.04,1.4269,16.85,1,1342,1343
670,2026-01-25T20:13:42.122056,26.18,"{""Fast-Inference"": 0.433853427069918, ""Standard-Inference"": 0.2036380682740326, ""Complex-Inference"": 0.18150418916971175, ""Ensemble-Inference"": 0.18100431548633764}",0.63,100,"{""0"": 44, ""2"": 23, ""1"": 21, ""3"": 12}",59666,5.93,141.87,23.92,1.4187,16.86,1,1344,1345
671,2026-01-25T20:13:54.103228,26.2,"{""Fast-Inference"": 0.4165722257755249, ""Standard-Inference"": 0.19414439300908096, ""Complex-Inference"": 0.16748329641139842, ""Ensemble-Inference"": 0.22180008480399574}",0.963,92,"{""1"": 15, ""3"": 22, ""0"": 36, ""2"": 19}",65024,5.92,142.36,24.05,1.5474,15.54,1,1346,1347
672,2026-01-25T20:14:06.123957,29.55,"{""Fast-Inference"": 0.38973662402429715, ""Standard-Inference"": 0.21850794848121707, ""Complex-Inference"": 0.2114148453507474, ""Ensemble-Inference"": 0.1803405821437384}",0.384,96,"{""0"": 42, ""1"": 21, ""2"": 24, ""3"": 9}",50788,5.93,143.88,24.27,1.4987,16.19,1,1348,1349
673,2026-01-25T20:14:18.153104,28.37,"{""Fast-Inference"": 0.4202052834862936, ""Standard-Inference"": 0.18937958417258866, ""Complex-Inference"": 0.1932044658900152, ""Ensemble-Inference"": 0.1972106664511026}",0.83,100,"{""2"": 22, ""3"": 21, ""0"": 37, ""1"": 20}",75115,5.94,140.3,23.63,1.403,16.84,1,1350,1351
674,2026-01-25T20:14:30.365282,28.32,"{""Fast-Inference"": 0.3760554992335016, ""Standard-Inference"": 0.18480697286583, ""Complex-Inference"": 0.21145752702060383, ""Ensemble-Inference"": 0.22768000088006474}",0.887,100,"{""3"": 31, ""2"": 14, ""0"": 41, ""1"": 14}",74134,6.23,147.83,23.71,1.4783,16.04,1,1352,1353
675,2026-01-25T20:14:42.070485,20.69,"{""Fast-Inference"": 0.42711729015504546, ""Standard-Inference"": 0.19283070914200995, ""Complex-Inference"": 0.19531540111623058, ""Ensemble-Inference"": 0.18473659958671396}",0.377,93,"{""1"": 23, ""0"": 41, ""2"": 10, ""3"": 19}",54042,5.92,142.26,24.02,1.5297,15.7,1,1354,1355
676,2026-01-25T20:14:54.329674,28.85,"{""Fast-Inference"": 0.3786442157430519, ""Standard-Inference"": 0.23376782970562143, ""Complex-Inference"": 0.20429408842095895, ""Ensemble-Inference"": 0.1832938661303677}",0.814,99,"{""1"": 24, ""0"": 39, ""2"": 22, ""3"": 14}",60575,6.23,153.13,24.56,1.5467,15.88,1,1356,1357
677,2026-01-25T20:15:06.074507,9.24,"{""Fast-Inference"": 0.392967737103002, ""Standard-Inference"": 0.22191739946723277, ""Complex-Inference"": 0.19195372204448807, ""Ensemble-Inference"": 0.19316114138527718}",0.486,100,"{""0"": 37, ""2"": 21, ""3"": 22, ""1"": 20}",73304,5.93,139.98,23.6,1.3998,16.86,1,1358,1359
678,2026-01-25T20:15:18.113810,20.39,"{""Fast-Inference"": 0.4452343727345248, ""Standard-Inference"": 0.1775214816193052, ""Complex-Inference"": 0.18931146882892577, ""Ensemble-Inference"": 0.1879326768172444}",0.871,97,"{""3"": 14, ""0"": 47, ""2"": 16, ""1"": 20}",58027,5.92,140.61,23.74,1.4496,16.38,1,1360,1361
679,2026-01-25T20:15:30.304640,27.04,"{""Fast-Inference"": 0.4074309267146265, ""Standard-Inference"": 0.20971404742480462, ""Complex-Inference"": 0.20395091960509248, ""Ensemble-Inference"": 0.1789041062554763}",0.947,100,"{""0"": 36, ""1"": 20, ""2"": 24, ""3"": 20}",76534,6.24,153.52,24.62,1.5352,16.03,1,1362,1363
680,2026-01-25T20:15:42.308218,7.62,"{""Fast-Inference"": 0.3982118808139193, ""Standard-Inference"": 0.19274612707346617, ""Complex-Inference"": 0.2020844586400903, ""Ensemble-Inference"": 0.2069575334725241}",0.608,92,"{""0"": 37, ""1"": 17, ""2"": 22, ""3"": 16}",61528,6.22,146.5,23.56,1.5924,14.8,1,1364,1365
681,2026-01-25T20:15:54.099290,19.41,"{""Fast-Inference"": 0.4320343394702537, ""Standard-Inference"": 0.1901108914389697, ""Complex-Inference"": 0.19583802830406322, ""Ensemble-Inference"": 0.18201674078671337}",0.54,100,"{""3"": 21, ""0"": 47, ""1"": 19, ""2"": 13}",61677,5.93,142.1,23.96,1.421,16.86,1,1366,1367
682,2026-01-25T20:16:06.304760,27.38,"{""Fast-Inference"": 0.3688291827418666, ""Standard-Inference"": 0.18492348351988577, ""Complex-Inference"": 0.24337905130679974, ""Ensemble-Inference"": 0.20286828243144794}",0.758,100,"{""1"": 15, ""0"": 40, ""2"": 27, ""3"": 18}",65748,6.24,152.75,24.49,1.5275,16.03,1,1368,1369
683,2026-01-25T20:16:18.308066,9.55,"{""Fast-Inference"": 0.4017524865036405, ""Standard-Inference"": 0.19811567233551092, ""Complex-Inference"": 0.19559644319812622, ""Ensemble-Inference"": 0.20453539796272238}",0.351,91,"{""3"": 22, ""2"": 18, ""1"": 14, ""0"": 37}",62134,6.22,149.97,24.13,1.6481,14.64,1,1370,1371
684,2026-01-25T20:16:30.297340,22.92,"{""Fast-Inference"": 0.38377159586701026, ""Standard-Inference"": 0.2030963949789855, ""Complex-Inference"": 0.2055237425099626, ""Ensemble-Inference"": 0.20760826664404167}",0.304,95,"{""3"": 20, ""2"": 22, ""0"": 35, ""1"": 18}",60887,6.23,148.2,23.79,1.56,15.25,1,1372,1373
685,2026-01-25T20:16:42.301000,17.27,"{""Fast-Inference"": 0.39900170293598136, ""Standard-Inference"": 0.16643706800367503, ""Complex-Inference"": 0.22175586689035512, ""Ensemble-Inference"": 0.21280536216998855}",0.711,100,"{""0"": 41, ""1"": 16, ""3"": 22, ""2"": 21}",58740,6.23,151.41,24.28,1.5141,16.04,1,1374,1375
686,2026-01-25T20:16:54.132820,21.94,"{""Fast-Inference"": 0.431465809084388, ""Standard-Inference"": 0.1671895732121895, ""Complex-Inference"": 0.2115953705798537, ""Ensemble-Inference"": 0.1897492471235688}",0.59,99,"{""0"": 34, ""2"": 19, ""3"": 26, ""1"": 20}",70381,5.93,143.81,24.25,1.4526,16.69,1,1376,1377
687,2026-01-25T20:17:06.324486,7.37,"{""Fast-Inference"": 0.37338946477029505, ""Standard-Inference"": 0.20251772208180244, ""Complex-Inference"": 0.2212406291174991, ""Ensemble-Inference"": 0.20285218403040348}",0.951,97,"{""0"": 35, ""1"": 18, ""2"": 26, ""3"": 18}",65616,6.22,151.98,24.42,1.5668,15.58,1,1378,1379
688,2026-01-25T20:17:18.306964,26.14,"{""Fast-Inference"": 0.3977058076293991, ""Standard-Inference"": 0.19369311021659144, ""Complex-Inference"": 0.19551178941805453, ""Ensemble-Inference"": 0.21308929273595495}",0.828,85,"{""1"": 15, ""2"": 24, ""0"": 36, ""3"": 10}",52815,6.21,147.39,23.74,1.7341,13.69,1,1380,1381
689,2026-01-25T20:17:30.118448,7.75,"{""Fast-Inference"": 0.3843693980464587, ""Standard-Inference"": 0.19695489741660563, ""Complex-Inference"": 0.18797307046039485, ""Ensemble-Inference"": 0.23070263407654087}",0.963,100,"{""0"": 30, ""2"": 27, ""3"": 23, ""1"": 20}",82705,5.93,144.8,24.42,1.448,16.86,1,1382,1383
690,2026-01-25T20:17:42.293357,10.09,"{""Fast-Inference"": 0.37415369641478596, ""Standard-Inference"": 0.22998028465783116, ""Complex-Inference"": 0.18650846440164903, ""Ensemble-Inference"": 0.20935755452573382}",0.845,91,"{""0"": 35, ""3"": 15, ""2"": 17, ""1"": 24}",59010,6.22,150.08,24.14,1.6492,14.64,1,1384,1385
691,2026-01-25T20:17:54.366927,19.57,"{""Fast-Inference"": 0.43823366320668194, ""Standard-Inference"": 0.19717957264955197, ""Complex-Inference"": 0.1721354634869848, ""Ensemble-Inference"": 0.19245130065678132}",0.634,97,"{""0"": 32, ""3"": 19, ""1"": 25, ""2"": 21}",68539,6.23,154.4,24.78,1.5917,15.57,1,1386,1387
692,2026-01-25T20:18:06.074488,25.29,"{""Fast-Inference"": 0.3838096524843318, ""Standard-Inference"": 0.19988668531586073, ""Complex-Inference"": 0.18615468075404448, ""Ensemble-Inference"": 0.23014898144576296}",0.742,87,"{""2"": 16, ""1"": 20, ""0"": 34, ""3"": 17}",55556,5.91,139.74,23.65,1.6062,14.72,1,1388,1389
693,2026-01-25T20:18:18.356901,26.42,"{""Fast-Inference"": 0.4072350170505973, ""Standard-Inference"": 0.1740466588405629, ""Complex-Inference"": 0.2062047420425989, ""Ensemble-Inference"": 0.2125135820662409}",0.619,92,"{""0"": 45, ""3"": 12, ""2"": 24, ""1"": 11}",56156,6.23,154.81,24.86,1.6827,14.77,1,1390,1391
694,2026-01-25T20:18:30.341680,25.96,"{""Fast-Inference"": 0.4094920235727642, ""Standard-Inference"": 0.1841164363714284, ""Complex-Inference"": 0.21644584439212433, ""Ensemble-Inference"": 0.18994569566368313}",0.712,100,"{""0"": 54, ""1"": 15, ""3"": 11, ""2"": 20}",55978,6.23,149.7,24.02,1.497,16.05,1,1392,1393
695,2026-01-25T20:18:42.321068,8.29,"{""Fast-Inference"": 0.42072250929734745, ""Standard-Inference"": 0.20684140361266043, ""Complex-Inference"": 0.1892988310338336, ""Ensemble-Inference"": 0.18313725605615855}",0.763,100,"{""1"": 21, ""0"": 45, ""2"": 22, ""3"": 12}",60451,6.24,151.18,24.23,1.5118,16.03,1,1394,1395
696,2026-01-25T20:18:54.073059,17.96,"{""Fast-Inference"": 0.37816912901787, ""Standard-Inference"": 0.22638189024780098, ""Complex-Inference"": 0.2016395358660306, ""Ensemble-Inference"": 0.1938094448682985}",0.623,97,"{""3"": 19, ""1"": 25, ""2"": 25, ""0"": 28}",70064,5.93,144.04,24.29,1.4849,16.36,1,1396,1397
697,2026-01-25T20:19:06.126698,14.66,"{""Fast-Inference"": 0.42782777378265874, ""Standard-Inference"": 0.18501030508032604, ""Complex-Inference"": 0.2134588928720282, ""Ensemble-Inference"": 0.17370302826498712}",0.735,100,"{""0"": 44, ""2"": 22, ""3"": 15, ""1"": 19}",59658,5.93,143.54,24.2,1.4354,16.86,1,1398,1399
698,2026-01-25T20:19:18.311696,22.18,"{""Fast-Inference"": 0.3958026258731123, ""Standard-Inference"": 0.20214537609041183, ""Complex-Inference"": 0.22133196422351992, ""Ensemble-Inference"": 0.1807200338129559}",0.403,100,"{""3"": 30, ""0"": 41, ""2"": 17, ""1"": 12}",69663,6.23,149.06,23.92,1.4906,16.04,1,1400,1401
699,2026-01-25T20:19:30.152124,12.3,"{""Fast-Inference"": 0.40817858988160816, ""Standard-Inference"": 0.18157213317061272, ""Complex-Inference"": 0.19683535457932294, ""Ensemble-Inference"": 0.21341392236845627}",0.775,100,"{""0"": 36, ""2"": 24, ""3"": 23, ""1"": 17}",68705,5.93,143.49,24.19,1.4349,16.86,1,1402,1403
700,2026-01-25T20:19:42.353672,27.09,"{""Fast-Inference"": 0.40893369554459, ""Standard-Inference"": 0.22272397276980624, ""Complex-Inference"": 0.18702335065369938, ""Ensemble-Inference"": 0.1813189810319043}",0.423,95,"{""1"": 15, ""2"": 25, ""0"": 38, ""3"": 17}",58459,6.22,151.37,24.32,1.5933,15.26,1,1404,1405
701,2026-01-25T20:19:54.356004,27.39,"{""Fast-Inference"": 0.3922881299456759, ""Standard-Inference"": 0.22081363309786892, ""Complex-Inference"": 0.18211398343842564, ""Ensemble-Inference"": 0.2047842535180295}",0.531,100,"{""2"": 19, ""0"": 46, ""3"": 18, ""1"": 17}",55221,6.23,149.9,24.05,1.499,16.04,1,1406,1407
702,2026-01-25T20:20:06.102989,19.33,"{""Fast-Inference"": 0.4219204688484097, ""Standard-Inference"": 0.2006849889163423, ""Complex-Inference"": 0.18801477538435793, ""Ensemble-Inference"": 0.1893797668508901}",0.55,100,"{""2"": 17, ""1"": 16, ""0"": 44, ""3"": 23}",66643,5.93,144.31,24.33,1.4431,16.86,1,1408,1409
703,2026-01-25T20:20:18.138605,12.24,"{""Fast-Inference"": 0.38753473393436466, ""Standard-Inference"": 0.18762151352429499, ""Complex-Inference"": 0.20789370429768275, ""Ensemble-Inference"": 0.2169500482436575}",0.643,100,"{""1"": 23, ""3"": 22, ""2"": 22, ""0"": 33}",72096,5.93,141.38,23.84,1.4138,16.86,1,1410,1411
704,2026-01-25T20:20:30.332065,9.74,"{""Fast-Inference"": 0.3736108176303532, ""Standard-Inference"": 0.21275647871523692, ""Complex-Inference"": 0.1867181746732331, ""Ensemble-Inference"": 0.22691452898117687}",0.323,92,"{""0"": 29, ""3"": 16, ""1"": 31, ""2"": 16}",54146,6.23,144.26,23.17,1.568,14.78,1,1412,1413
705,2026-01-25T20:20:42.114905,21.15,"{""Fast-Inference"": 0.35354922815318135, ""Standard-Inference"": 0.2146295560761578, ""Complex-Inference"": 0.214906458033252, ""Ensemble-Inference"": 0.21691475773740881}",0.638,95,"{""2"": 20, ""0"": 29, ""1"": 25, ""3"": 21}",71596,5.93,144.26,24.34,1.5185,16.03,1,1414,1415
706,2026-01-25T20:20:54.302048,13.97,"{""Fast-Inference"": 0.4327605197086472, ""Standard-Inference"": 0.17769748924583306, ""Complex-Inference"": 0.21049986441449736, ""Ensemble-Inference"": 0.1790421266310224}",0.915,100,"{""0"": 46, ""3"": 18, ""1"": 18, ""2"": 18}",59432,6.23,152.16,24.41,1.5216,16.04,1,1416,1417
707,2026-01-25T20:21:06.346713,14.99,"{""Fast-Inference"": 0.3820906097646658, ""Standard-Inference"": 0.22646576834924861, ""Complex-Inference"": 0.1741367914159078, ""Ensemble-Inference"": 0.2173068304701778}",0.994,84,"{""0"": 31, ""3"": 16, ""2"": 11, ""1"": 26}",53417,6.2,145.56,23.46,1.7329,13.54,1,1418,1419
708,2026-01-25T20:21:18.087594,18.05,"{""Fast-Inference"": 0.40880240450767785, ""Standard-Inference"": 0.20422856052847949, ""Complex-Inference"": 0.21771252033410476, ""Ensemble-Inference"": 0.16925651462973781}",0.414,100,"{""1"": 14, ""3"": 18, ""0"": 43, ""2"": 25}",63044,5.93,140.14,23.64,1.4014,16.87,1,1420,1421
709,2026-01-25T20:21:30.276070,10.93,"{""Fast-Inference"": 0.3978483760357484, ""Standard-Inference"": 0.20116616890858569, ""Complex-Inference"": 0.18257209500419638, ""Ensemble-Inference"": 0.21841336005146944}",0.732,87,"{""0"": 35, ""3"": 18, ""2"": 17, ""1"": 17}",58727,6.21,144.88,23.32,1.6653,14.0,1,1422,1423
710,2026-01-25T20:21:42.345224,10.49,"{""Fast-Inference"": 0.3901139266123578, ""Standard-Inference"": 0.2151832337902226, ""Complex-Inference"": 0.17866626571708655, ""Ensemble-Inference"": 0.21603657388033295}",0.398,80,"{""0"": 32, ""3"": 14, ""1"": 20, ""2"": 14}",49045,6.2,159.52,25.73,1.994,12.9,1,1424,1425
711,2026-01-25T20:21:54.288426,18.88,"{""Fast-Inference"": 0.39362470225076807, ""Standard-Inference"": 0.20999692650662216, ""Complex-Inference"": 0.19679223890334233, ""Ensemble-Inference"": 0.19958613233926747}",0.45,98,"{""1"": 23, ""0"": 40, ""2"": 13, ""3"": 22}",60952,6.23,151.81,24.39,1.5491,15.74,1,1426,1427
712,2026-01-25T20:22:06.299958,28.78,"{""Fast-Inference"": 0.3867978002007259, ""Standard-Inference"": 0.21050160289934458, ""Complex-Inference"": 0.19201346966589064, ""Ensemble-Inference"": 0.21068712723403885}",0.567,100,"{""0"": 37, ""1"": 20, ""2"": 28, ""3"": 15}",65727,6.23,149.58,24.0,1.4958,16.04,1,1428,1429
713,2026-01-25T20:22:18.128366,11.58,"{""Fast-Inference"": 0.419626777786995, ""Standard-Inference"": 0.18131757245104974, ""Complex-Inference"": 0.20263836374795524, ""Ensemble-Inference"": 0.19641728601399996}",0.998,99,"{""0"": 47, ""1"": 11, ""2"": 22, ""3"": 19}",60806,5.93,142.45,24.01,1.4388,16.69,1,1430,1431
714,2026-01-25T20:22:30.333360,26.56,"{""Fast-Inference"": 0.36649733450895616, ""Standard-Inference"": 0.2128277512581232, ""Complex-Inference"": 0.2228245932890142, ""Ensemble-Inference"": 0.19785032094390645}",0.998,99,"{""2"": 23, ""0"": 32, ""1"": 26, ""3"": 18}",70400,6.23,149.06,23.92,1.5057,15.89,1,1432,1433
715,2026-01-25T20:22:42.103632,10.01,"{""Fast-Inference"": 0.4122901150842342, ""Standard-Inference"": 0.20556104914776455, ""Complex-Inference"": 0.17025551645475095, ""Ensemble-Inference"": 0.21189331931325023}",0.809,100,"{""1"": 29, ""0"": 30, ""3"": 24, ""2"": 17}",72327,5.93,141.62,23.86,1.4162,16.85,1,1434,1435
716,2026-01-25T20:22:54.097337,26.57,"{""Fast-Inference"": 0.36441003537735106, ""Standard-Inference"": 0.22671485725518484, ""Complex-Inference"": 0.20716124946954764, ""Ensemble-Inference"": 0.20171385789791654}",0.906,78,"{""0"": 32, ""3"": 16, ""2"": 12, ""1"": 18}",57327,5.89,139.59,23.69,1.7896,13.24,1,1436,1437
717,2026-01-25T20:23:06.093506,28.04,"{""Fast-Inference"": 0.3698289172044567, ""Standard-Inference"": 0.2016236501103058, ""Complex-Inference"": 0.2214532546870912, ""Ensemble-Inference"": 0.2070941779981462}",0.576,95,"{""1"": 21, ""3"": 17, ""0"": 30, ""2"": 27}",64026,5.92,138.56,23.4,1.4586,16.04,1,1438,1439
718,2026-01-25T20:23:18.130701,15.59,"{""Fast-Inference"": 0.41041808996467816, ""Standard-Inference"": 0.17233494487941436, ""Complex-Inference"": 0.20737729196179702, ""Ensemble-Inference"": 0.2098696731941105}",0.33,100,"{""3"": 23, ""0"": 49, ""2"": 16, ""1"": 12}",58407,5.93,145.68,24.57,1.4568,16.86,1,1440,1441
719,2026-01-25T20:23:30.329292,23.87,"{""Fast-Inference"": 0.4249567295842253, ""Standard-Inference"": 0.20937312741332886, ""Complex-Inference"": 0.17769845112790994, ""Ensemble-Inference"": 0.187971691874536}",0.795,99,"{""1"": 19, ""0"": 46, ""2"": 19, ""3"": 15}",60713,6.23,146.49,23.51,1.4796,15.89,1,1442,1443
720,2026-01-25T20:23:42.363393,17.94,"{""Fast-Inference"": 0.4050261644132993, ""Standard-Inference"": 0.18470843866421707, ""Complex-Inference"": 0.20659997781037243, ""Ensemble-Inference"": 0.20366541911211125}",0.954,94,"{""2"": 27, ""0"": 33, ""1"": 19, ""3"": 15}",68581,6.23,147.24,23.64,1.5664,15.09,1,1444,1445
721,2026-01-25T20:23:54.339290,16.22,"{""Fast-Inference"": 0.3810876837984876, ""Standard-Inference"": 0.2053335964037679, ""Complex-Inference"": 0.20282749509786074, ""Ensemble-Inference"": 0.21075122469988367}",0.785,90,"{""3"": 20, ""0"": 40, ""2"": 15, ""1"": 15}",58412,6.22,146.53,23.56,1.6281,14.47,1,1446,1447
722,2026-01-25T20:24:06.116848,17.8,"{""Fast-Inference"": 0.354347669219166, ""Standard-Inference"": 0.23671236774613752, ""Complex-Inference"": 0.20082444465626162, ""Ensemble-Inference"": 0.20811551837843484}",0.688,100,"{""1"": 30, ""0"": 29, ""3"": 25, ""2"": 16}",74785,5.93,142.85,24.09,1.4285,16.86,1,1448,1449
723,2026-01-25T20:24:18.332244,14.35,"{""Fast-Inference"": 0.40722502446815934, ""Standard-Inference"": 0.18019050540049683, ""Complex-Inference"": 0.2234804944717414, ""Ensemble-Inference"": 0.18910397565960244}",0.718,100,"{""0"": 46, ""1"": 20, ""3"": 17, ""2"": 17}",55306,6.23,146.84,23.56,1.4684,16.04,1,1450,1451
724,2026-01-25T20:24:30.374361,23.27,"{""Fast-Inference"": 0.404386661070273, ""Standard-Inference"": 0.20863406816227015, ""Complex-Inference"": 0.17903695630461017, ""Ensemble-Inference"": 0.20794231446284667}",0.3,100,"{""0"": 43, ""1"": 24, ""2"": 16, ""3"": 17}",56144,6.23,151.47,24.31,1.5147,16.05,1,1452,1453
725,2026-01-25T20:24:42.099336,15.04,"{""Fast-Inference"": 0.3795317642532449, ""Standard-Inference"": 0.21335758043494754, ""Complex-Inference"": 0.19461126894743058, ""Ensemble-Inference"": 0.21249938636437699}",0.57,100,"{""1"": 20, ""0"": 42, ""3"": 25, ""2"": 13}",64913,5.93,143.44,24.18,1.4344,16.86,1,1454,1455
726,2026-01-25T20:24:54.088625,19.68,"{""Fast-Inference"": 0.38706009797052043, ""Standard-Inference"": 0.23149153842615827, ""Complex-Inference"": 0.19444701764923508, ""Ensemble-Inference"": 0.18700134595408616}",0.456,100,"{""2"": 22, ""1"": 28, ""0"": 33, ""3"": 17}",62501,5.93,141.43,23.85,1.4143,16.86,1,1456,1457
727,2026-01-25T20:25:06.287474,10.82,"{""Fast-Inference"": 0.3748436164023184, ""Standard-Inference"": 0.19124157118909596, ""Complex-Inference"": 0.21609586711398615, ""Ensemble-Inference"": 0.21781894529459955}",0.939,93,"{""1"": 17, ""3"": 13, ""0"": 43, ""2"": 20}",54885,6.22,149.27,24.0,1.6051,14.95,1,1458,1459
728,2026-01-25T20:25:18.127910,10.46,"{""Fast-Inference"": 0.38348450206194823, ""Standard-Inference"": 0.18225166862891426, ""Complex-Inference"": 0.21150991853966883, ""Ensemble-Inference"": 0.22275391076946874}",0.905,98,"{""3"": 17, ""1"": 23, ""0"": 40, ""2"": 18}",65218,5.93,139.91,23.61,1.4276,16.54,1,1460,1461
729,2026-01-25T20:25:30.324576,20.63,"{""Fast-Inference"": 0.3533109448509239, ""Standard-Inference"": 0.22853418555045218, ""Complex-Inference"": 0.19193321259561558, ""Ensemble-Inference"": 0.2262216570030083}",0.89,99,"{""1"": 26, ""0"": 28, ""3"": 32, ""2"": 13}",85897,6.23,150.4,24.13,1.5192,15.89,1,1462,1463
730,2026-01-25T20:25:42.330774,17.29,"{""Fast-Inference"": 0.3574608542933478, ""Standard-Inference"": 0.19725729461684854, ""Complex-Inference"": 0.2287247621518469, ""Ensemble-Inference"": 0.21655708893795675}",0.453,95,"{""2"": 25, ""3"": 15, ""0"": 39, ""1"": 16}",57016,6.22,150.98,24.26,1.5893,15.26,1,1464,1465
731,2026-01-25T20:25:54.137498,22.9,"{""Fast-Inference"": 0.37581857454456885, ""Standard-Inference"": 0.2161809425846786, ""Complex-Inference"": 0.20527753575510793, ""Ensemble-Inference"": 0.20272294711564465}",0.901,100,"{""1"": 19, ""3"": 13, ""0"": 44, ""2"": 24}",64171,5.93,141.77,23.9,1.4177,16.86,1,1466,1467
732,2026-01-25T20:26:06.347720,20.1,"{""Fast-Inference"": 0.38714218746438905, ""Standard-Inference"": 0.2058645111122715, ""Complex-Inference"": 0.2296548286834459, ""Ensemble-Inference"": 0.1773384727398935}",0.961,100,"{""0"": 40, ""3"": 20, ""1"": 22, ""2"": 18}",64922,6.23,149.22,23.94,1.4922,16.04,1,1468,1469
733,2026-01-25T20:26:18.374403,25.29,"{""Fast-Inference"": 0.42388641092501844, ""Standard-Inference"": 0.1949487196259397, ""Complex-Inference"": 0.20352688717194337, ""Ensemble-Inference"": 0.17763798227709843}",0.871,100,"{""1"": 16, ""0"": 41, ""2"": 29, ""3"": 14}",69240,6.23,149.55,23.99,1.4955,16.04,1,1470,1471
734,2026-01-25T20:26:30.103835,12.9,"{""Fast-Inference"": 0.4061626850580627, ""Standard-Inference"": 0.23308511058224818, ""Complex-Inference"": 0.18271189955995076, ""Ensemble-Inference"": 0.1780403047997383}",0.672,88,"{""0"": 34, ""3"": 14, ""1"": 29, ""2"": 11}",50800,5.91,141.59,23.95,1.6089,14.89,1,1472,1473
735,2026-01-25T20:26:42.079769,22.96,"{""Fast-Inference"": 0.4198159789439094, ""Standard-Inference"": 0.19404662418791668, ""Complex-Inference"": 0.16816990392386932, ""Ensemble-Inference"": 0.21796749294430476}",0.43,100,"{""1"": 22, ""3"": 26, ""2"": 13, ""0"": 39}",64272,5.93,141.67,23.9,1.4167,16.87,1,1474,1475
736,2026-01-25T20:26:54.374773,13.67,"{""Fast-Inference"": 0.39270610354276375, ""Standard-Inference"": 0.19116827031411665, ""Complex-Inference"": 0.219131611808671, ""Ensemble-Inference"": 0.19699401433444863}",0.967,100,"{""1"": 14, ""2"": 34, ""3"": 16, ""0"": 36}",71444,6.24,152.6,24.46,1.526,16.03,1,1476,1477
737,2026-01-25T20:27:06.120360,14.38,"{""Fast-Inference"": 0.43411221464449007, ""Standard-Inference"": 0.1761851024824067, ""Complex-Inference"": 0.16661699000378435, ""Ensemble-Inference"": 0.22308569286931887}",0.916,100,"{""1"": 13, ""0"": 42, ""3"": 19, ""2"": 26}",68072,5.93,145.82,24.6,1.4582,16.87,1,1478,1479
738,2026-01-25T20:27:18.266621,19.35,"{""Fast-Inference"": 0.3661271127015035, ""Standard-Inference"": 0.2256096097685985, ""Complex-Inference"": 0.20251646329541928, ""Ensemble-Inference"": 0.2057468142344788}",0.83,82,"{""0"": 34, ""3"": 17, ""1"": 17, ""2"": 14}",53149,6.2,148.62,23.96,1.8124,13.22,1,1480,1481
739,2026-01-25T20:27:30.343926,10.04,"{""Fast-Inference"": 0.4025823834056003, ""Standard-Inference"": 0.19579369090884463, ""Complex-Inference"": 0.1980691482878326, ""Ensemble-Inference"": 0.20355477739772243}",0.394,89,"{""0"": 29, ""3"": 18, ""1"": 23, ""2"": 19}",56555,6.21,152.06,24.47,1.7085,14.32,1,1482,1483
740,2026-01-25T20:27:42.281685,8.34,"{""Fast-Inference"": 0.405688544208462, ""Standard-Inference"": 0.18582983000244221, ""Complex-Inference"": 0.2058488213959437, ""Ensemble-Inference"": 0.20263280439315207}",0.64,91,"{""0"": 37, ""2"": 18, ""1"": 22, ""3"": 14}",58624,6.22,148.51,23.88,1.632,14.63,1,1484,1485
741,2026-01-25T20:27:54.361624,8.86,"{""Fast-Inference"": 0.36338036818725555, ""Standard-Inference"": 0.2218015535207318, ""Complex-Inference"": 0.19309678374690886, ""Ensemble-Inference"": 0.22172129454510378}",0.653,100,"{""1"": 20, ""0"": 37, ""2"": 20, ""3"": 23}",68014,6.24,149.15,23.92,1.4915,16.04,1,1486,1487
742,2026-01-25T20:28:06.109385,9.84,"{""Fast-Inference"": 0.4308667654031683, ""Standard-Inference"": 0.19798156689384436, ""Complex-Inference"": 0.18796250940096498, ""Ensemble-Inference"": 0.18318915830202234}",0.447,96,"{""0"": 40, ""2"": 16, ""1"": 27, ""3"": 13}",59719,5.92,147.47,24.89,1.5361,16.21,1,1488,1489
743,2026-01-25T20:28:18.312388,22.63,"{""Fast-Inference"": 0.40480841068318063, ""Standard-Inference"": 0.19675954627934733, ""Complex-Inference"": 0.18463988028788353, ""Ensemble-Inference"": 0.21379216274958845}",0.608,100,"{""1"": 13, ""0"": 41, ""3"": 28, ""2"": 18}",70056,6.24,150.51,24.12,1.5051,16.03,1,1490,1491
744,2026-01-25T20:28:30.340823,23.91,"{""Fast-Inference"": 0.42210244919152756, ""Standard-Inference"": 0.19367298938427085, ""Complex-Inference"": 0.19932853128193914, ""Ensemble-Inference"": 0.18489603014226247}",0.575,100,"{""0"": 38, ""3"": 18, ""1"": 22, ""2"": 22}",58348,6.24,148.86,23.86,1.4886,16.03,1,1492,1493
745,2026-01-25T20:28:42.288947,15.86,"{""Fast-Inference"": 0.3793310034399473, ""Standard-Inference"": 0.2071089986675209, ""Complex-Inference"": 0.2198619963680865, ""Ensemble-Inference"": 0.19369800152444533}",0.935,86,"{""2"": 17, ""1"": 17, ""3"": 15, ""0"": 37}",53300,6.21,149.79,24.14,1.7417,13.86,1,1494,1495
746,2026-01-25T20:28:54.099470,29.53,"{""Fast-Inference"": 0.383864516905939, ""Standard-Inference"": 0.21967134476142405, ""Complex-Inference"": 0.21365339980693754, ""Ensemble-Inference"": 0.18281073852569937}",0.829,92,"{""1"": 23, ""0"": 35, ""2"": 16, ""3"": 18}",62718,5.92,142.95,24.17,1.5539,15.55,1,1496,1497
747,2026-01-25T20:29:06.110677,21.52,"{""Fast-Inference"": 0.3900632101281471, ""Standard-Inference"": 0.19242856628181815, ""Complex-Inference"": 0.19133151927356062, ""Ensemble-Inference"": 0.22617670431647413}",0.774,100,"{""3"": 23, ""0"": 41, ""1"": 15, ""2"": 21}",69756,5.93,143.85,24.26,1.4385,16.86,1,1498,1499
748,2026-01-25T20:29:18.090587,29.25,"{""Fast-Inference"": 0.407590422629388, ""Standard-Inference"": 0.1815023194264818, ""Complex-Inference"": 0.21443741588004395, ""Ensemble-Inference"": 0.19646984206408635}",0.318,75,"{""0"": 27, ""3"": 19, ""2"": 19, ""1"": 10}",55540,5.88,142.17,24.16,1.8956,12.75,1,1500,1501
749,2026-01-25T20:29:30.081162,14.48,"{""Fast-Inference"": 0.41609631426824867, ""Standard-Inference"": 0.1904237672391149, ""Complex-Inference"": 0.1862698577718091, ""Ensemble-Inference"": 0.20721006072082734}",0.829,100,"{""2"": 16, ""0"": 39, ""1"": 21, ""3"": 24}",67606,5.93,145.23,24.49,1.4523,16.86,1,1502,1503
750,2026-01-25T20:29:42.305227,25.57,"{""Fast-Inference"": 0.3588882698306483, ""Standard-Inference"": 0.21921520794280833, ""Complex-Inference"": 0.20447077923243911, ""Ensemble-Inference"": 0.21742574299410414}",0.774,100,"{""0"": 35, ""2"": 22, ""3"": 24, ""1"": 19}",70111,6.23,148.63,23.84,1.4863,16.04,1,1504,1505
751,2026-01-25T20:29:54.367644,16.15,"{""Fast-Inference"": 0.38265736043987764, ""Standard-Inference"": 0.1964074248659372, ""Complex-Inference"": 0.2006075328778572, ""Ensemble-Inference"": 0.22032768181632795}",0.649,100,"{""2"": 18, ""3"": 21, ""0"": 42, ""1"": 19}",65419,6.24,148.4,23.79,1.484,16.03,1,1506,1507
752,2026-01-25T20:30:06.089631,17.92,"{""Fast-Inference"": 0.4085044221867775, ""Standard-Inference"": 0.18957870899454446, ""Complex-Inference"": 0.18662668768303367, ""Ensemble-Inference"": 0.21529018113564444}",0.39,100,"{""0"": 42, ""2"": 18, ""1"": 21, ""3"": 19}",58904,5.93,144.03,24.29,1.4403,16.87,1,1508,1509
753,2026-01-25T20:30:18.160030,10.22,"{""Fast-Inference"": 0.3511789702604655, ""Standard-Inference"": 0.21857693084137506, ""Complex-Inference"": 0.19576204263262176, ""Ensemble-Inference"": 0.2344820562655376}",0.946,100,"{""0"": 31, ""3"": 14, ""2"": 32, ""1"": 23}",71903,5.93,143.86,24.25,1.4386,16.86,1,1510,1511
754,2026-01-25T20:30:30.278907,22.83,"{""Fast-Inference"": 0.41846650126394486, ""Standard-Inference"": 0.21321102969549027, ""Complex-Inference"": 0.18935412323111242, ""Ensemble-Inference"": 0.17896834580945234}",0.562,88,"{""2"": 17, ""0"": 38, ""3"": 16, ""1"": 17}",50626,6.21,149.34,24.03,1.697,14.16,1,1512,1513
755,2026-01-25T20:30:42.100398,9.75,"{""Fast-Inference"": 0.43110472258351445, ""Standard-Inference"": 0.18645489441163804, ""Complex-Inference"": 0.18353626972083315, ""Ensemble-Inference"": 0.19890411328401425}",0.333,89,"{""3"": 19, ""0"": 43, ""1"": 13, ""2"": 14}",50890,5.91,143.31,24.24,1.6102,15.05,1,1514,1515
756,2026-01-25T20:30:54.099134,28.44,"{""Fast-Inference"": 0.4139910379536716, ""Standard-Inference"": 0.21258378733436048, ""Complex-Inference"": 0.17122465056851296, ""Ensemble-Inference"": 0.20220052414345505}",0.545,98,"{""1"": 21, ""2"": 14, ""3"": 21, ""0"": 42}",60220,5.93,142.0,23.93,1.449,16.51,1,1516,1517
757,2026-01-25T20:31:06.107429,19.44,"{""Fast-Inference"": 0.41790973176158486, ""Standard-Inference"": 0.1950560496261926, ""Complex-Inference"": 0.17583333933987133, ""Ensemble-Inference"": 0.2112008792723512}",0.793,93,"{""0"": 42, ""3"": 23, ""1"": 11, ""2"": 17}",61460,5.92,147.95,25.0,1.5908,15.71,1,1518,1519
758,2026-01-25T20:31:18.362749,12.9,"{""Fast-Inference"": 0.42133973838934274, ""Standard-Inference"": 0.19460400423410998, ""Complex-Inference"": 0.2088358980709145, ""Ensemble-Inference"": 0.17522035930563282}",0.722,100,"{""3"": 18, ""0"": 38, ""2"": 24, ""1"": 20}",67867,6.23,149.87,24.04,1.4987,16.04,1,1520,1521
759,2026-01-25T20:31:30.110322,18.53,"{""Fast-Inference"": 0.4341684433056921, ""Standard-Inference"": 0.17942166656455608, ""Complex-Inference"": 0.1836549208671397, ""Ensemble-Inference"": 0.20275496926261222}",0.925,94,"{""1"": 19, ""0"": 37, ""2"": 13, ""3"": 25}",68967,5.92,139.94,23.62,1.4887,15.87,1,1522,1523
760,2026-01-25T20:31:42.133367,24.37,"{""Fast-Inference"": 0.38085086397459256, ""Standard-Inference"": 0.22413934591114956, ""Complex-Inference"": 0.22158308999581366, ""Ensemble-Inference"": 0.17342670011844416}",0.65,100,"{""0"": 44, ""3"": 20, ""2"": 18, ""1"": 18}",69297,5.93,144.59,24.37,1.4459,16.85,1,1524,1525
761,2026-01-25T20:31:54.313346,28.45,"{""Fast-Inference"": 0.42089729709199053, ""Standard-Inference"": 0.19431282352180096, ""Complex-Inference"": 0.19272022351667584, ""Ensemble-Inference"": 0.19206965586953273}",0.504,99,"{""3"": 13, ""2"": 16, ""1"": 30, ""0"": 40}",52474,6.23,149.06,23.92,1.5057,15.89,1,1526,1527
762,2026-01-25T20:32:06.351396,27.69,"{""Fast-Inference"": 0.3973778842347759, ""Standard-Inference"": 0.2110944305316088, ""Complex-Inference"": 0.19460619766483103, ""Ensemble-Inference"": 0.19692148756878428}",0.739,100,"{""1"": 28, ""3"": 15, ""0"": 39, ""2"": 18}",61446,6.23,149.42,23.97,1.4942,16.04,1,1528,1529
763,2026-01-25T20:32:18.336510,6.28,"{""Fast-Inference"": 0.4120541451431829, ""Standard-Inference"": 0.19103501306779408, ""Complex-Inference"": 0.20378798658789546, ""Ensemble-Inference"": 0.19312285520112757}",0.357,100,"{""2"": 17, ""1"": 23, ""0"": 47, ""3"": 13}",54410,6.23,149.74,24.02,1.4974,16.04,1,1530,1531
764,2026-01-25T20:32:30.105296,24.8,"{""Fast-Inference"": 0.4036642237146271, ""Standard-Inference"": 0.2050569101265617, ""Complex-Inference"": 0.17790559936970846, ""Ensemble-Inference"": 0.21337326678910287}",0.488,100,"{""0"": 39, ""3"": 22, ""1"": 23, ""2"": 16}",61307,5.94,141.21,23.79,1.4121,16.85,1,1532,1533
765,2026-01-25T20:32:42.317851,29.71,"{""Fast-Inference"": 0.41145107577018886, ""Standard-Inference"": 0.19030275478213457, ""Complex-Inference"": 0.21818272483255288, ""Ensemble-Inference"": 0.1800634446151237}",0.869,97,"{""3"": 16, ""0"": 44, ""1"": 20, ""2"": 17}",56923,6.23,147.94,23.74,1.5252,15.57,1,1534,1535
766,2026-01-25T20:32:54.318938,18.38,"{""Fast-Inference"": 0.3464307099669071, ""Standard-Inference"": 0.21656665066012362, ""Complex-Inference"": 0.21958798430901577, ""Ensemble-Inference"": 0.2174146550639534}",0.754,100,"{""0"": 38, ""1"": 22, ""2"": 17, ""3"": 23}",72275,6.23,154.61,24.8,1.5461,16.04,1,1536,1537
767,2026-01-25T20:33:06.302607,17.12,"{""Fast-Inference"": 0.376465592328276, ""Standard-Inference"": 0.2199848924017586, ""Complex-Inference"": 0.20605133947012247, ""Ensemble-Inference"": 0.1974981757998429}",0.713,100,"{""1"": 21, ""2"": 18, ""3"": 16, ""0"": 45}",59155,6.24,152.21,24.4,1.5221,16.03,1,1538,1539
768,2026-01-25T20:33:18.362705,24.95,"{""Fast-Inference"": 0.42688735069222233, ""Standard-Inference"": 0.1742679652730998, ""Complex-Inference"": 0.18750596802698694, ""Ensemble-Inference"": 0.21133871600769089}",0.897,100,"{""3"": 27, ""2"": 13, ""0"": 37, ""1"": 23}",74878,6.23,149.84,24.04,1.4984,16.04,1,1540,1541
769,2026-01-25T20:33:30.077875,25.9,"{""Fast-Inference"": 0.425060465191181, ""Standard-Inference"": 0.18166128777863275, ""Complex-Inference"": 0.20096064893116136, ""Ensemble-Inference"": 0.19231759809902474}",0.597,90,"{""0"": 39, ""3"": 13, ""1"": 14, ""2"": 24}",51323,5.91,140.61,23.78,1.5623,15.22,1,1542,1543
770,2026-01-25T20:33:42.086214,14.58,"{""Fast-Inference"": 0.4143645232312434, ""Standard-Inference"": 0.18782865008180905, ""Complex-Inference"": 0.1988009873395235, ""Ensemble-Inference"": 0.19900583934742402}",0.939,100,"{""0"": 39, ""2"": 28, ""1"": 13, ""3"": 20}",76618,5.93,144.96,24.43,1.4496,16.86,1,1544,1545
771,2026-01-25T20:33:54.129262,5.76,"{""Fast-Inference"": 0.41701984597693675, ""Standard-Inference"": 0.209578326927173, ""Complex-Inference"": 0.1966615304858102, ""Ensemble-Inference"": 0.17674029661008006}",0.737,100,"{""0"": 48, ""1"": 22, ""2"": 17, ""3"": 13}",54929,5.93,142.85,24.08,1.4285,16.86,1,1546,1547
772,2026-01-25T20:34:06.301646,23.08,"{""Fast-Inference"": 0.4037824395966891, ""Standard-Inference"": 0.2038718996496022, ""Complex-Inference"": 0.19388775269587477, ""Ensemble-Inference"": 0.198457908057834}",0.465,84,"{""0"": 39, ""2"": 12, ""3"": 15, ""1"": 18}",48796,6.21,150.02,24.16,1.786,13.53,1,1548,1549
773,2026-01-25T20:34:18.349164,5.92,"{""Fast-Inference"": 0.4029540036123388, ""Standard-Inference"": 0.17817877003203983, ""Complex-Inference"": 0.18631757929184717, ""Ensemble-Inference"": 0.2325496470637742}",0.326,100,"{""0"": 44, ""3"": 19, ""2"": 19, ""1"": 18}",60436,6.23,149.07,23.92,1.4907,16.05,1,1550,1551
774,2026-01-25T20:34:30.079507,28.4,"{""Fast-Inference"": 0.3678029315844203, ""Standard-Inference"": 0.2095412116891834, ""Complex-Inference"": 0.2214973764847024, ""Ensemble-Inference"": 0.2011584802416938}",0.389,88,"{""0"": 31, ""1"": 22, ""3"": 18, ""2"": 17}",59481,5.91,146.63,24.82,1.6662,14.9,1,1552,1553
775,2026-01-25T20:34:42.369806,25.26,"{""Fast-Inference"": 0.4064314253317899, ""Standard-Inference"": 0.1843077340913273, ""Complex-Inference"": 0.21525999617730787, ""Ensemble-Inference"": 0.19400084439957493}",0.685,98,"{""0"": 53, ""2"": 24, ""3"": 8, ""1"": 13}",49800,6.23,151.75,24.34,1.5485,15.72,1,1554,1555
776,2026-01-25T20:34:54.369838,29.27,"{""Fast-Inference"": 0.41265117053354716, ""Standard-Inference"": 0.18756310478799934, ""Complex-Inference"": 0.2151134450660827, ""Ensemble-Inference"": 0.1846722796123708}",0.496,94,"{""0"": 41, ""1"": 26, ""2"": 9, ""3"": 18}",52572,6.23,150.2,24.12,1.5979,15.1,1,1556,1557
777,2026-01-25T20:35:06.280282,9.3,"{""Fast-Inference"": 0.4232593143640681, ""Standard-Inference"": 0.2147449094554541, ""Complex-Inference"": 0.19583840181536413, ""Ensemble-Inference"": 0.1661573743651137}",0.552,86,"{""1"": 17, ""0"": 40, ""2"": 13, ""3"": 16}",48550,6.21,149.41,24.06,1.7374,13.85,1,1558,1559
778,2026-01-25T20:35:18.102357,23.56,"{""Fast-Inference"": 0.3981144893374041, ""Standard-Inference"": 0.1969127107199329, ""Complex-Inference"": 0.205475345222518, ""Ensemble-Inference"": 0.1994974547201451}",0.915,100,"{""3"": 17, ""1"": 18, ""0"": 41, ""2"": 24}",71023,5.93,142.93,24.1,1.4293,16.86,1,1560,1561
779,2026-01-25T20:35:30.301860,21.89,"{""Fast-Inference"": 0.3629303974826419, ""Standard-Inference"": 0.2106397783310565, ""Complex-Inference"": 0.2410453687978828, ""Ensemble-Inference"": 0.18538445538841883}",0.495,100,"{""0"": 35, ""1"": 23, ""2"": 20, ""3"": 22}",68329,6.23,156.57,25.11,1.5657,16.04,1,1562,1563
780,2026-01-25T20:35:42.322691,17.32,"{""Fast-Inference"": 0.35834739054588516, ""Standard-Inference"": 0.22031935434526545, ""Complex-Inference"": 0.2058558053471425, ""Ensemble-Inference"": 0.21547744976170682}",0.578,100,"{""2"": 22, ""0"": 32, ""1"": 25, ""3"": 21}",69098,6.24,150.48,24.13,1.5048,16.04,1,1564,1565
781,2026-01-25T20:35:54.298220,6.41,"{""Fast-Inference"": 0.3510644578180787, ""Standard-Inference"": 0.22092200475632714, ""Complex-Inference"": 0.2114401744968272, ""Ensemble-Inference"": 0.21657336292876697}",0.471,100,"{""2"": 29, ""0"": 35, ""1"": 19, ""3"": 17}",64026,6.24,149.46,23.97,1.4946,16.04,1,1566,1567
782,2026-01-25T20:36:06.342072,26.82,"{""Fast-Inference"": 0.406706376767418, ""Standard-Inference"": 0.18429889139179825, ""Complex-Inference"": 0.2001321581963139, ""Ensemble-Inference"": 0.20886257364446992}",0.587,99,"{""2"": 21, ""0"": 36, ""1"": 15, ""3"": 27}",69952,6.23,152.14,24.41,1.5368,15.88,1,1568,1569
783,2026-01-25T20:36:18.074924,27.36,"{""Fast-Inference"": 0.36616471964177805, ""Standard-Inference"": 0.19813445204098679, ""Complex-Inference"": 0.22261572989734665, ""Ensemble-Inference"": 0.21308509841988846}",0.981,97,"{""0"": 43, ""1"": 26, ""2"": 11, ""3"": 17}",56687,5.92,143.15,24.17,1.4758,16.38,1,1570,1571
784,2026-01-25T20:36:30.135581,26.66,"{""Fast-Inference"": 0.4383708806514182, ""Standard-Inference"": 0.18608545598453366, ""Complex-Inference"": 0.18532517558040984, ""Ensemble-Inference"": 0.1902184877836383}",0.481,100,"{""0"": 44, ""1"": 23, ""2"": 15, ""3"": 18}",65343,5.93,140.75,23.72,1.4075,16.85,1,1572,1573
785,2026-01-25T20:36:42.305137,10.49,"{""Fast-Inference"": 0.37502267248939364, ""Standard-Inference"": 0.19320388819283588, ""Complex-Inference"": 0.2231288387481786, ""Ensemble-Inference"": 0.20864460056959178}",0.631,97,"{""2"": 27, ""0"": 37, ""3"": 23, ""1"": 10}",69551,6.23,150.88,24.22,1.5555,15.57,1,1574,1575
786,2026-01-25T20:36:54.106405,20.19,"{""Fast-Inference"": 0.40167068759829444, ""Standard-Inference"": 0.20243825332814958, ""Complex-Inference"": 0.18402953594283247, ""Ensemble-Inference"": 0.21186152313072346}",0.6,95,"{""2"": 13, ""3"": 21, ""1"": 20, ""0"": 41}",55414,5.92,146.02,24.65,1.537,16.04,1,1576,1577
787,2026-01-25T20:37:06.145416,13.37,"{""Fast-Inference"": 0.42777397979060666, ""Standard-Inference"": 0.19779626181566937, ""Complex-Inference"": 0.1936070056062429, ""Ensemble-Inference"": 0.18082275278748114}",0.34,100,"{""3"": 13, ""0"": 41, ""1"": 25, ""2"": 21}",60032,5.93,145.88,24.61,1.4588,16.87,1,1578,1579
788,2026-01-25T20:37:18.352280,6.18,"{""Fast-Inference"": 0.430793257861354, ""Standard-Inference"": 0.17506647040250517, ""Complex-Inference"": 0.20723704921115635, ""Ensemble-Inference"": 0.1869032225249847}",0.636,100,"{""0"": 47, ""1"": 16, ""3"": 20, ""2"": 17}",58585,6.23,150.99,24.23,1.5099,16.05,1,1580,1581
789,2026-01-25T20:37:30.075579,28.14,"{""Fast-Inference"": 0.3875509116262754, ""Standard-Inference"": 0.20864235637577755, ""Complex-Inference"": 0.19336553378527263, ""Ensemble-Inference"": 0.21044119821267446}",0.421,100,"{""0"": 57, ""3"": 14, ""1"": 18, ""2"": 11}",43134,5.93,142.51,24.02,1.4251,16.86,1,1582,1583
790,2026-01-25T20:37:42.133858,8.8,"{""Fast-Inference"": 0.4239257983700405, ""Standard-Inference"": 0.17277988973181876, ""Complex-Inference"": 0.1978281824195321, ""Ensemble-Inference"": 0.2054661294786086}",0.771,95,"{""0"": 42, ""3"": 19, ""2"": 22, ""1"": 12}",64278,5.93,142.46,24.03,1.4996,16.03,1,1584,1585
791,2026-01-25T20:37:54.084246,8.4,"{""Fast-Inference"": 0.420057632439298, ""Standard-Inference"": 0.18635000989820985, ""Complex-Inference"": 0.18206963699388107, ""Ensemble-Inference"": 0.21152272066861103}",0.684,91,"{""0"": 32, ""3"": 21, ""2"": 18, ""1"": 20}",64796,5.92,142.12,24.02,1.5618,15.38,1,1586,1587
792,2026-01-25T20:38:06.090200,13.73,"{""Fast-Inference"": 0.4244009765961107, ""Standard-Inference"": 0.19059361584196585, ""Complex-Inference"": 0.1732988350712996, ""Ensemble-Inference"": 0.21170657249062386}",0.375,92,"{""0"": 40, ""2"": 17, ""3"": 16, ""1"": 19}",55522,5.92,143.63,24.28,1.5612,15.55,1,1588,1589
793,2026-01-25T20:38:18.114615,7.22,"{""Fast-Inference"": 0.4042938995762305, ""Standard-Inference"": 0.21774209505961978, ""Complex-Inference"": 0.19982750046032596, ""Ensemble-Inference"": 0.17813650490382385}",0.487,100,"{""1"": 21, ""2"": 18, ""0"": 45, ""3"": 16}",58363,5.93,151.5,25.55,1.515,16.87,1,1590,1591
794,2026-01-25T20:38:30.147748,15.86,"{""Fast-Inference"": 0.3650183691774164, ""Standard-Inference"": 0.1991751373297544, ""Complex-Inference"": 0.20978536385530197, ""Ensemble-Inference"": 0.22602112963752718}",0.978,100,"{""2"": 19, ""0"": 40, ""3"": 24, ""1"": 17}",72745,5.93,144.65,24.38,1.4465,16.86,1,1592,1593
795,2026-01-25T20:38:42.325107,15.62,"{""Fast-Inference"": 0.38089709285996215, ""Standard-Inference"": 0.2300086950038365, ""Complex-Inference"": 0.18026438584773596, ""Ensemble-Inference"": 0.2088298262884653}",0.61,90,"{""2"": 17, ""0"": 33, ""3"": 24, ""1"": 16}",61315,6.22,150.78,24.26,1.6753,14.48,1,1594,1595
796,2026-01-25T20:38:54.095411,7.41,"{""Fast-Inference"": 0.39518380456629676, ""Standard-Inference"": 0.19335746291844175, ""Complex-Inference"": 0.202565989599267, ""Ensemble-Inference"": 0.20889274291599455}",0.36,100,"{""3"": 26, ""2"": 15, ""0"": 44, ""1"": 15}",68847,5.93,143.23,24.16,1.4323,16.87,1,1596,1597
797,2026-01-25T20:39:06.268011,15.51,"{""Fast-Inference"": 0.4170786362255356, ""Standard-Inference"": 0.19191454469487704, ""Complex-Inference"": 0.20517362719147642, ""Ensemble-Inference"": 0.18583319188811104}",0.661,78,"{""3"": 18, ""0"": 34, ""2"": 13, ""1"": 13}",49430,6.19,153.76,24.83,1.9713,12.6,1,1598,1599
798,2026-01-25T20:39:18.349060,24.53,"{""Fast-Inference"": 0.4100602216158841, ""Standard-Inference"": 0.20378108327615374, ""Complex-Inference"": 0.19230985687429156, ""Ensemble-Inference"": 0.19384883823367058}",0.765,96,"{""1"": 18, ""2"": 18, ""0"": 32, ""3"": 28}",71095,6.23,154.03,24.73,1.6044,15.41,1,1600,1601
799,2026-01-25T20:39:30.347118,21.36,"{""Fast-Inference"": 0.4304085509491152, ""Standard-Inference"": 0.21016142017531403, ""Complex-Inference"": 0.19223673316475626, ""Ensemble-Inference"": 0.1671932957108145}",0.517,100,"{""3"": 18, ""0"": 39, ""2"": 26, ""1"": 17}",57604,6.23,150.03,24.08,1.5003,16.05,1,1602,1603
800,2026-01-25T20:39:42.318782,20.87,"{""Fast-Inference"": 0.37702943529812627, ""Standard-Inference"": 0.22086453664623876, ""Complex-Inference"": 0.1823105630824933, ""Ensemble-Inference"": 0.21979546497314162}",0.674,100,"{""0"": 38, ""3"": 28, ""2"": 14, ""1"": 20}",75810,6.24,150.11,24.07,1.5011,16.04,1,1604,1605
801,2026-01-25T20:39:54.071733,12.56,"{""Fast-Inference"": 0.3787402251506509, ""Standard-Inference"": 0.205394234126745, ""Complex-Inference"": 0.22862454565690787, ""Ensemble-Inference"": 0.1872409950656962}",0.712,92,"{""0"": 35, ""1"": 16, ""2"": 22, ""3"": 19}",60345,5.92,144.06,24.34,1.5658,15.54,1,1606,1607
802,2026-01-25T20:40:06.368584,15.64,"{""Fast-Inference"": 0.38200403644669917, ""Standard-Inference"": 0.19211549384775686, ""Complex-Inference"": 0.2083967832393661, ""Ensemble-Inference"": 0.21748368646617777}",0.569,89,"{""2"": 24, ""0"": 32, ""1"": 11, ""3"": 22}",67689,6.21,150.75,24.27,1.6938,14.33,1,1608,1609
803,2026-01-25T20:40:18.332450,26.21,"{""Fast-Inference"": 0.41137109986777837, ""Standard-Inference"": 0.1890979782628773, ""Complex-Inference"": 0.18207221373184207, ""Ensemble-Inference"": 0.2174587081375023}",0.535,100,"{""0"": 37, ""3"": 27, ""1"": 18, ""2"": 18}",73345,6.23,152.31,24.44,1.5231,16.05,1,1610,1611
804,2026-01-25T20:40:30.321199,26.33,"{""Fast-Inference"": 0.396822446322177, ""Standard-Inference"": 0.216567057793506, ""Complex-Inference"": 0.18293312421372293, ""Ensemble-Inference"": 0.203677371670594}",0.481,100,"{""0"": 40, ""2"": 18, ""1"": 21, ""3"": 21}",61285,6.24,148.94,23.87,1.4894,16.02,1,1612,1613
805,2026-01-25T20:40:42.371661,18.02,"{""Fast-Inference"": 0.41167119261437707, ""Standard-Inference"": 0.20631378143145748, ""Complex-Inference"": 0.197312945092696, ""Ensemble-Inference"": 0.18470208086146936}",0.382,96,"{""0"": 41, ""3"": 24, ""1"": 20, ""2"": 11}",58335,6.23,150.5,24.16,1.5677,15.41,1,1614,1615
806,2026-01-25T20:40:54.089475,29.1,"{""Fast-Inference"": 0.361296721228924, ""Standard-Inference"": 0.2171166073089889, ""Complex-Inference"": 0.22196164646204358, ""Ensemble-Inference"": 0.19962502500004345}",0.507,100,"{""0"": 34, ""3"": 22, ""2"": 16, ""1"": 28}",65043,5.94,142.12,23.94,1.4212,16.85,1,1616,1617
807,2026-01-25T20:41:06.149443,21.16,"{""Fast-Inference"": 0.4342094800548071, ""Standard-Inference"": 0.18112675748380228, ""Complex-Inference"": 0.17134320192184282, ""Ensemble-Inference"": 0.21332056053954784}",0.337,97,"{""1"": 18, ""3"": 21, ""0"": 40, ""2"": 18}",59285,5.93,144.09,24.3,1.4855,16.36,1,1618,1619
808,2026-01-25T20:41:18.308444,8.6,"{""Fast-Inference"": 0.40342684019484637, ""Standard-Inference"": 0.20080441171973126, ""Complex-Inference"": 0.19976703584961247, ""Ensemble-Inference"": 0.19600171223581}",0.585,100,"{""0"": 39, ""2"": 28, ""3"": 20, ""1"": 13}",71628,6.23,149.83,24.05,1.4983,16.05,1,1620,1621
809,2026-01-25T20:41:30.154373,12.96,"{""Fast-Inference"": 0.40594101663753335, ""Standard-Inference"": 0.19997771455259483, ""Complex-Inference"": 0.21079318546303782, ""Ensemble-Inference"": 0.183288083346834}",0.957,100,"{""0"": 48, ""1"": 19, ""3"": 16, ""2"": 17}",69253,5.94,143.3,24.14,1.433,16.85,1,1622,1623
810,2026-01-25T20:41:42.367366,24.41,"{""Fast-Inference"": 0.3637603117693102, ""Standard-Inference"": 0.20688611538588753, ""Complex-Inference"": 0.20270889069697676, ""Ensemble-Inference"": 0.22664468214782552}",0.632,100,"{""3"": 25, ""0"": 41, ""2"": 15, ""1"": 19}",73877,6.24,151.31,24.26,1.5131,16.03,1,1624,1625
811,2026-01-25T20:41:54.082090,9.02,"{""Fast-Inference"": 0.4030110736771475, ""Standard-Inference"": 0.1895324033243605, ""Complex-Inference"": 0.21303326974362766, ""Ensemble-Inference"": 0.19442325325486437}",0.652,100,"{""2"": 23, ""0"": 42, ""1"": 17, ""3"": 18}",61619,5.93,147.07,24.8,1.4707,16.86,1,1626,1627
812,2026-01-25T20:42:06.126242,19.47,"{""Fast-Inference"": 0.4194798921409153, ""Standard-Inference"": 0.2103266910113372, ""Complex-Inference"": 0.176912679289421, ""Ensemble-Inference"": 0.19328073755832656}",0.569,93,"{""1"": 13, ""3"": 18, ""2"": 20, ""0"": 42}",57749,5.92,143.29,24.21,1.5408,15.72,1,1628,1629
813,2026-01-25T20:42:18.282498,9.5,"{""Fast-Inference"": 0.3999668329029709, ""Standard-Inference"": 0.20636748208440756, ""Complex-Inference"": 0.1858802096638066, ""Ensemble-Inference"": 0.20778547534881495}",0.462,88,"{""0"": 40, ""3"": 7, ""1"": 24, ""2"": 17}",42489,6.21,147.45,23.73,1.6755,14.16,1,1630,1631
814,2026-01-25T20:42:30.095141,25.88,"{""Fast-Inference"": 0.3602281150899877, ""Standard-Inference"": 0.20311765820221633, ""Complex-Inference"": 0.21975899889896247, ""Ensemble-Inference"": 0.21689522780883344}",0.316,100,"{""3"": 31, ""0"": 28, ""1"": 22, ""2"": 19}",75040,5.93,142.31,23.98,1.4231,16.85,1,1632,1633
815,2026-01-25T20:42:42.084206,26.85,"{""Fast-Inference"": 0.4114451286996045, ""Standard-Inference"": 0.20421763206186833, ""Complex-Inference"": 0.1758747291477242, ""Ensemble-Inference"": 0.20846251009080294}",0.621,100,"{""2"": 12, ""1"": 20, ""0"": 44, ""3"": 24}",64778,5.93,141.22,23.81,1.4122,16.86,1,1634,1635
816,2026-01-25T20:42:54.296181,22.8,"{""Fast-Inference"": 0.36962714027222643, ""Standard-Inference"": 0.23770235744020474, ""Complex-Inference"": 0.1926749040210307, ""Ensemble-Inference"": 0.19999559826653823}",0.817,96,"{""3"": 19, ""0"": 45, ""2"": 13, ""1"": 19}",60431,6.23,149.8,24.06,1.5604,15.42,1,1636,1637
817,2026-01-25T20:43:06.333433,28.17,"{""Fast-Inference"": 0.43942966588486987, ""Standard-Inference"": 0.16930146670804921, ""Complex-Inference"": 0.20120680839230015, ""Ensemble-Inference"": 0.19006205901478077}",0.3,100,"{""1"": 24, ""2"": 14, ""3"": 19, ""0"": 43}",58095,6.24,149.04,23.88,1.4904,16.02,1,1638,1639
818,2026-01-25T20:43:18.366444,21.52,"{""Fast-Inference"": 0.4004792807957665, ""Standard-Inference"": 0.19947752135627927, ""Complex-Inference"": 0.2040918368554485, ""Ensemble-Inference"": 0.1959513609925058}",0.333,100,"{""0"": 39, ""1"": 30, ""3"": 21, ""2"": 10}",57691,6.24,149.1,23.9,1.491,16.03,1,1640,1641
819,2026-01-25T20:43:30.347910,16.47,"{""Fast-Inference"": 0.4204339892195595, ""Standard-Inference"": 0.19249970510450043, ""Complex-Inference"": 0.18708011788093445, ""Ensemble-Inference"": 0.19998618779500557}",0.749,100,"{""1"": 26, ""2"": 26, ""0"": 31, ""3"": 17}",73993,6.24,148.68,23.83,1.4868,16.03,1,1642,1643
820,2026-01-25T20:43:42.082691,21.78,"{""Fast-Inference"": 0.3748570815766213, ""Standard-Inference"": 0.2182815689722893, ""Complex-Inference"": 0.23059872703972964, ""Ensemble-Inference"": 0.1762626224113597}",0.42,95,"{""1"": 22, ""0"": 36, ""2"": 26, ""3"": 11}",57567,5.92,145.32,24.55,1.5296,16.05,1,1644,1645
821,2026-01-25T20:43:54.104572,18.2,"{""Fast-Inference"": 0.3781546557958173, ""Standard-Inference"": 0.1910372771016193, ""Complex-Inference"": 0.2185761845692694, ""Ensemble-Inference"": 0.21223188253329398}",0.616,100,"{""1"": 24, ""0"": 39, ""2"": 18, ""3"": 19}",63805,5.93,146.95,24.78,1.4695,16.86,1,1646,1647
822,2026-01-25T20:44:06.318431,24.84,"{""Fast-Inference"": 0.39384879505589215, ""Standard-Inference"": 0.20266151287458006, ""Complex-Inference"": 0.18969422691255905, ""Ensemble-Inference"": 0.21379546515696873}",0.891,100,"{""1"": 24, ""0"": 36, ""2"": 20, ""3"": 20}",70425,6.24,151.63,24.32,1.5163,16.04,1,1648,1649
823,2026-01-25T20:44:18.346602,12.98,"{""Fast-Inference"": 0.3567024018774019, ""Standard-Inference"": 0.21779452949024444, ""Complex-Inference"": 0.20708353495335147, ""Ensemble-Inference"": 0.21841953367900216}",0.536,100,"{""0"": 32, ""2"": 20, ""1"": 28, ""3"": 20}",70715,6.24,150.79,24.18,1.5079,16.04,1,1650,1651
824,2026-01-25T20:44:30.326757,18.24,"{""Fast-Inference"": 0.4113932060597889, ""Standard-Inference"": 0.2127336060392611, ""Complex-Inference"": 0.19204734793455658, ""Ensemble-Inference"": 0.1838258399663934}",0.926,100,"{""2"": 19, ""0"": 46, ""1"": 24, ""3"": 11}",58169,6.24,152.26,24.42,1.5226,16.04,1,1652,1653
825,2026-01-25T20:44:42.084437,24.7,"{""Fast-Inference"": 0.41965556348766764, ""Standard-Inference"": 0.2166442263681313, ""Complex-Inference"": 0.18246737834776738, ""Ensemble-Inference"": 0.1812328317964337}",0.801,100,"{""2"": 17, ""3"": 23, ""0"": 44, ""1"": 16}",66144,5.94,141.95,23.91,1.4195,16.85,1,1654,1655
826,2026-01-25T20:44:54.091676,8.92,"{""Fast-Inference"": 0.379651061523038, ""Standard-Inference"": 0.20996627173179108, ""Complex-Inference"": 0.20976395724868405, ""Ensemble-Inference"": 0.2006187094964868}",0.37,82,"{""0"": 23, ""3"": 19, ""2"": 19, ""1"": 21}",56208,5.9,141.63,24.01,1.7272,13.9,1,1656,1657
827,2026-01-25T20:45:06.295108,24.69,"{""Fast-Inference"": 0.4270033923014249, ""Standard-Inference"": 0.18754276444034312, ""Complex-Inference"": 0.20693702334024103, ""Ensemble-Inference"": 0.17851681991799084}",0.602,71,"{""0"": 37, ""2"": 17, ""3"": 9, ""1"": 8}",41599,6.18,151.4,24.49,2.1324,11.49,1,1658,1659
828,2026-01-25T20:45:18.108862,10.95,"{""Fast-Inference"": 0.376204248036367, ""Standard-Inference"": 0.1932165671765452, ""Complex-Inference"": 0.22306228519790225, ""Ensemble-Inference"": 0.20751689958918557}",0.546,98,"{""0"": 45, ""1"": 13, ""2"": 21, ""3"": 19}",61433,5.93,147.4,24.86,1.5041,16.53,1,1660,1661
829,2026-01-25T20:45:30.297532,11.93,"{""Fast-Inference"": 0.39305607504570284, ""Standard-Inference"": 0.19472741922182013, ""Complex-Inference"": 0.20153091541986876, ""Ensemble-Inference"": 0.21068559031260833}",0.6,94,"{""0"": 39, ""2"": 26, ""1"": 11, ""3"": 18}",70766,6.23,149.45,24.0,1.5899,15.1,1,1662,1663
830,2026-01-25T20:45:42.148575,11.73,"{""Fast-Inference"": 0.3684683965507595, ""Standard-Inference"": 0.24085762822590467, ""Complex-Inference"": 0.1918141051241055, ""Ensemble-Inference"": 0.1988598700992304}",0.397,100,"{""2"": 20, ""0"": 40, ""1"": 21, ""3"": 19}",58583,5.93,141.27,23.83,1.4127,16.87,1,1664,1665
831,2026-01-25T20:45:54.340789,23.58,"{""Fast-Inference"": 0.38845972448676924, ""Standard-Inference"": 0.19155717790198604, ""Complex-Inference"": 0.21768157129889112, ""Ensemble-Inference"": 0.2023015263123535}",0.966,90,"{""1"": 19, ""2"": 18, ""0"": 37, ""3"": 16}",59429,6.22,149.5,24.03,1.6611,14.47,1,1666,1667
832,2026-01-25T20:46:06.284870,28.74,"{""Fast-Inference"": 0.395976874521715, ""Standard-Inference"": 0.1870362940528982, ""Complex-Inference"": 0.1974372991006138, ""Ensemble-Inference"": 0.21954953232477303}",0.886,88,"{""0"": 33, ""2"": 18, ""1"": 20, ""3"": 17}",60538,6.21,150.78,24.27,1.7134,14.16,1,1668,1669
833,2026-01-25T20:46:18.349344,26.94,"{""Fast-Inference"": 0.4519973122121407, ""Standard-Inference"": 0.1819386498928594, ""Complex-Inference"": 0.18101092865750068, ""Ensemble-Inference"": 0.18505310923749918}",0.396,98,"{""1"": 19, ""3"": 22, ""2"": 13, ""0"": 44}",59573,6.23,154.03,24.71,1.5717,15.72,1,1670,1671
834,2026-01-25T20:46:30.067905,9.34,"{""Fast-Inference"": 0.4047151182977409, ""Standard-Inference"": 0.19373907930255743, ""Complex-Inference"": 0.17789030781043777, ""Ensemble-Inference"": 0.22365549458926398}",0.767,85,"{""0"": 28, ""1"": 14, ""2"": 24, ""3"": 19}",68322,5.9,143.24,24.26,1.6852,14.4,1,1672,1673
835,2026-01-25T20:46:42.351567,22.74,"{""Fast-Inference"": 0.37396192522654076, ""Standard-Inference"": 0.1887917278711225, ""Complex-Inference"": 0.20652945058113267, ""Ensemble-Inference"": 0.23071689632120404}",0.479,100,"{""0"": 29, ""2"": 20, ""1"": 23, ""3"": 28}",79410,6.24,149.0,23.89,1.49,16.04,1,1674,1675
836,2026-01-25T20:46:54.311597,18.4,"{""Fast-Inference"": 0.41429201865534954, ""Standard-Inference"": 0.16727968731471546, ""Complex-Inference"": 0.20571901272814183, ""Ensemble-Inference"": 0.2127092813017932}",0.801,89,"{""3"": 22, ""1"": 12, ""0"": 42, ""2"": 13}",55505,6.21,150.19,24.17,1.6876,14.32,1,1676,1677
837,2026-01-25T20:47:06.283668,15.93,"{""Fast-Inference"": 0.40730388512525745, ""Standard-Inference"": 0.18750207313519698, ""Complex-Inference"": 0.19030660263137938, ""Ensemble-Inference"": 0.2148874391081663}",0.683,89,"{""0"": 36, ""2"": 22, ""3"": 23, ""1"": 8}",63589,6.22,152.52,24.54,1.7137,14.32,1,1678,1679
838,2026-01-25T20:47:18.102772,15.25,"{""Fast-Inference"": 0.41113652978513526, ""Standard-Inference"": 0.18696588159204724, ""Complex-Inference"": 0.1796131841231775, ""Ensemble-Inference"": 0.22228440449963993}",0.765,100,"{""1"": 21, ""0"": 33, ""2"": 26, ""3"": 20}",73936,5.93,142.95,24.1,1.4295,16.86,1,1680,1681
839,2026-01-25T20:47:30.298048,9.27,"{""Fast-Inference"": 0.4070970283192544, ""Standard-Inference"": 0.20763250254275273, ""Complex-Inference"": 0.21321920230591737, ""Ensemble-Inference"": 0.17205126683207542}",0.602,100,"{""0"": 46, ""2"": 19, ""1"": 25, ""3"": 10}",54347,6.23,149.31,23.96,1.4931,16.04,1,1682,1683
840,2026-01-25T20:47:42.292756,26.41,"{""Fast-Inference"": 0.35903595804803157, ""Standard-Inference"": 0.20347226091993653, ""Complex-Inference"": 0.21425639710441755, ""Ensemble-Inference"": 0.22323538392761424}",0.867,87,"{""3"": 21, ""2"": 19, ""0"": 33, ""1"": 14}",63729,6.21,147.77,23.78,1.6985,14.0,1,1684,1685
841,2026-01-25T20:47:54.352117,16.73,"{""Fast-Inference"": 0.4157690804047793, ""Standard-Inference"": 0.19076178290818388, ""Complex-Inference"": 0.2179945072765468, ""Ensemble-Inference"": 0.17547462941048994}",0.665,100,"{""1"": 18, ""0"": 44, ""2"": 23, ""3"": 15}",63759,6.23,150.33,24.12,1.5033,16.04,1,1686,1687
842,2026-01-25T20:48:06.112482,28.34,"{""Fast-Inference"": 0.37221462527561555, ""Standard-Inference"": 0.1879367998493647, ""Complex-Inference"": 0.23250535522157256, ""Ensemble-Inference"": 0.20734321965344726}",0.68,100,"{""3"": 26, ""0"": 26, ""1"": 20, ""2"": 28}",83114,5.93,145.69,24.57,1.4569,16.87,1,1688,1689
843,2026-01-25T20:48:18.335113,26.32,"{""Fast-Inference"": 0.38524210382454027, ""Standard-Inference"": 0.22396357135568448, ""Complex-Inference"": 0.2027185440638636, ""Ensemble-Inference"": 0.18807578075591164}",0.805,100,"{""0"": 36, ""1"": 26, ""3"": 20, ""2"": 18}",80991,6.24,150.62,24.16,1.5062,16.04,1,1690,1691
844,2026-01-25T20:48:30.363974,29.32,"{""Fast-Inference"": 0.4046668784796132, ""Standard-Inference"": 0.19308830401354155, ""Complex-Inference"": 0.20465912013471096, ""Ensemble-Inference"": 0.19758569737213424}",0.42,100,"{""2"": 22, ""0"": 38, ""1"": 19, ""3"": 21}",66921,6.23,157.08,25.21,1.5708,16.05,1,1692,1693
845,2026-01-25T20:48:42.339230,24.14,"{""Fast-Inference"": 0.4016891373308808, ""Standard-Inference"": 0.17910752984883016, ""Complex-Inference"": 0.19987746760192435, ""Ensemble-Inference"": 0.21932586521836475}",0.889,100,"{""0"": 37, ""2"": 19, ""1"": 20, ""3"": 24}",72294,6.23,149.97,24.06,1.4997,16.04,1,1694,1695
846,2026-01-25T20:48:54.092163,5.61,"{""Fast-Inference"": 0.3785032656327924, ""Standard-Inference"": 0.2083414584030338, ""Complex-Inference"": 0.22959001516154917, ""Ensemble-Inference"": 0.18356526080262478}",0.514,99,"{""2"": 25, ""0"": 35, ""1"": 22, ""3"": 17}",63514,5.93,143.27,24.16,1.4472,16.7,1,1696,1697
847,2026-01-25T20:49:06.146515,15.57,"{""Fast-Inference"": 0.3857396568657851, ""Standard-Inference"": 0.21078753311874068, ""Complex-Inference"": 0.21552808473145607, ""Ensemble-Inference"": 0.1879447252840182}",0.502,100,"{""1"": 18, ""2"": 20, ""0"": 44, ""3"": 18}",62871,5.93,145.05,24.46,1.4505,16.86,1,1698,1699
848,2026-01-25T20:49:18.363832,24.75,"{""Fast-Inference"": 0.375708372380813, ""Standard-Inference"": 0.19398467992583698, ""Complex-Inference"": 0.21935171574585452, ""Ensemble-Inference"": 0.21095523194749555}",0.46,100,"{""3"": 19, ""0"": 44, ""1"": 22, ""2"": 15}",57979,6.24,151.3,24.26,1.513,16.03,1,1700,1701
849,2026-01-25T20:49:30.088196,9.14,"{""Fast-Inference"": 0.3895965960059055, ""Standard-Inference"": 0.18233705827592003, ""Complex-Inference"": 0.20417768499291652, ""Ensemble-Inference"": 0.22388866072525793}",0.646,100,"{""0"": 36, ""1"": 15, ""3"": 28, ""2"": 21}",69471,5.93,143.6,24.2,1.436,16.85,1,1702,1703
850,2026-01-25T20:49:42.084597,20.22,"{""Fast-Inference"": 0.35628711156071835, ""Standard-Inference"": 0.20442777934726605, ""Complex-Inference"": 0.22219289328282435, ""Ensemble-Inference"": 0.21709221580919127}",0.77,100,"{""0"": 42, ""2"": 17, ""3"": 20, ""1"": 21}",64203,5.93,143.45,24.18,1.4345,16.86,1,1704,1705
851,2026-01-25T20:49:54.283363,24.39,"{""Fast-Inference"": 0.38078901396429926, ""Standard-Inference"": 0.22718515982607917, ""Complex-Inference"": 0.21538991948229194, ""Ensemble-Inference"": 0.17663590672732965}",0.501,89,"{""1"": 18, ""0"": 41, ""3"": 10, ""2"": 20}",45973,6.22,151.2,24.32,1.6989,14.31,1,1706,1707
852,2026-01-25T20:50:06.080380,26.84,"{""Fast-Inference"": 0.356677505975466, ""Standard-Inference"": 0.22296540794447656, ""Complex-Inference"": 0.22561409514924613, ""Ensemble-Inference"": 0.1947429909308114}",0.819,91,"{""0"": 34, ""3"": 15, ""2"": 17, ""1"": 25}",57119,5.91,142.2,24.05,1.5626,15.39,1,1708,1709
853,2026-01-25T20:50:18.078020,25.44,"{""Fast-Inference"": 0.35876830501146173, ""Standard-Inference"": 0.22405389944103124, ""Complex-Inference"": 0.21558363966900723, ""Ensemble-Inference"": 0.2015941558784998}",0.739,93,"{""3"": 18, ""0"": 38, ""2"": 15, ""1"": 22}",55482,5.92,-61096.79,-10318.36,-656.9547,15.71,1,1710,1711
854,2026-01-25T20:50:30.370823,26.77,"{""Fast-Inference"": 0.3792787012992898, ""Standard-Inference"": 0.18232412884091462, ""Complex-Inference"": 0.22448993970635064, ""Ensemble-Inference"": 0.21390723015344504}",0.729,96,"{""1"": 23, ""0"": 33, ""2"": 19, ""3"": 21}",67095,6.23,149.66,24.02,1.5589,15.41,1,1712,1713
855,2026-01-25T20:50:42.325317,13.54,"{""Fast-Inference"": 0.36952777077401994, ""Standard-Inference"": 0.18982767068319603, ""Complex-Inference"": 0.23540244803898144, ""Ensemble-Inference"": 0.2052421105038026}",0.962,100,"{""1"": 22, ""0"": 34, ""3"": 15, ""2"": 29}",69338,6.24,149.2,23.93,1.492,16.04,1,1714,1715
856,2026-01-25T20:50:54.374365,16.08,"{""Fast-Inference"": 0.418069098344364, ""Standard-Inference"": 0.17905647564626995, ""Complex-Inference"": 0.2112674116052159, ""Ensemble-Inference"": 0.19160701440415018}",0.785,95,"{""0"": 35, ""1"": 25, ""3"": 16, ""2"": 19}",63496,6.23,149.23,23.97,1.5709,15.26,1,1716,1717
857,2026-01-25T20:51:06.322442,24.28,"{""Fast-Inference"": 0.41702991217058627, ""Standard-Inference"": 0.21272278598625957, ""Complex-Inference"": 0.18019622354694134, ""Ensemble-Inference"": 0.19005107829621282}",0.536,74,"{""0"": 36, ""2"": 16, ""1"": 11, ""3"": 11}",41622,6.19,154.0,24.89,2.0811,11.96,1,1718,1719
858,2026-01-25T20:51:18.372216,26.6,"{""Fast-Inference"": 0.41141413230861046, ""Standard-Inference"": 0.22020467930609539, ""Complex-Inference"": 0.19402486193602475, ""Ensemble-Inference"": 0.1743563264492694}",0.63,100,"{""3"": 21, ""0"": 45, ""1"": 18, ""2"": 16}",65572,6.23,151.21,24.26,1.5121,16.04,1,1720,1721
859,2026-01-25T20:51:30.350530,6.57,"{""Fast-Inference"": 0.3945805924523488, ""Standard-Inference"": 0.19293205437305938, ""Complex-Inference"": 0.19783929713151505, ""Ensemble-Inference"": 0.2146480560430769}",0.746,100,"{""3"": 16, ""0"": 42, ""1"": 17, ""2"": 25}",66420,6.24,149.33,23.94,1.4933,16.03,1,1722,1723
860,2026-01-25T20:51:42.367250,25.04,"{""Fast-Inference"": 0.4379077638211344, ""Standard-Inference"": 0.1898756854312925, ""Complex-Inference"": 0.18578640991751677, ""Ensemble-Inference"": 0.18643014083005643}",0.592,81,"{""0"": 35, ""1"": 23, ""3"": 13, ""2"": 10}",46523,6.2,150.66,24.3,1.86,13.06,1,1724,1725
861,2026-01-25T20:51:54.289249,29.07,"{""Fast-Inference"": 0.4298003222682214, ""Standard-Inference"": 0.16704557875957896, ""Complex-Inference"": 0.1981056556049496, ""Ensemble-Inference"": 0.20504844336725}",0.932,97,"{""1"": 19, ""0"": 41, ""3"": 20, ""2"": 17}",63470,6.23,151.72,24.37,1.5642,15.58,1,1726,1727
862,2026-01-25T20:52:06.336467,22.89,"{""Fast-Inference"": 0.4197728683996434, ""Standard-Inference"": 0.20324143082230384, ""Complex-Inference"": 0.1719097774013714, ""Ensemble-Inference"": 0.20507592337668132}",0.784,100,"{""0"": 38, ""1"": 18, ""2"": 24, ""3"": 20}",70171,6.24,151.77,24.32,1.5177,16.03,1,1728,1729
863,2026-01-25T20:52:18.311466,16.45,"{""Fast-Inference"": 0.3707612594864915, ""Standard-Inference"": 0.18306088008190008, ""Complex-Inference"": 0.21950626392481654, ""Ensemble-Inference"": 0.2266715965067918}",0.896,100,"{""2"": 23, ""3"": 23, ""0"": 39, ""1"": 15}",67532,6.23,148.57,23.84,1.4857,16.04,1,1730,1731
864,2026-01-25T20:52:30.364448,15.87,"{""Fast-Inference"": 0.3781024896770494, ""Standard-Inference"": 0.2083971818941343, ""Complex-Inference"": 0.19334501919710445, ""Ensemble-Inference"": 0.22015530923171178}",0.753,100,"{""1"": 21, ""3"": 26, ""2"": 15, ""0"": 38}",69669,6.24,148.42,23.8,1.4842,16.03,1,1732,1733
865,2026-01-25T20:52:42.072770,7.59,"{""Fast-Inference"": 0.42430122596991526, ""Standard-Inference"": 0.17600501406371255, ""Complex-Inference"": 0.2049621987610033, ""Ensemble-Inference"": 0.1947315612053689}",0.518,93,"{""3"": 20, ""0"": 41, ""1"": 19, ""2"": 13}",55543,5.92,142.23,24.03,1.5294,15.71,1,1734,1735
866,2026-01-25T20:52:54.099633,22.01,"{""Fast-Inference"": 0.3765956889010348, ""Standard-Inference"": 0.22667337160281587, ""Complex-Inference"": 0.21304565177152976, ""Ensemble-Inference"": 0.18368528772461953}",0.753,100,"{""2"": 22, ""1"": 34, ""3"": 14, ""0"": 30}",69242,5.93,144.41,24.34,1.4441,16.86,1,1736,1737
867,2026-01-25T20:53:06.127362,23.14,"{""Fast-Inference"": 0.38156554650734714, ""Standard-Inference"": 0.19282544000337246, ""Complex-Inference"": 0.22429571763309772, ""Ensemble-Inference"": 0.20131329585618277}",0.637,93,"{""3"": 12, ""0"": 43, ""1"": 16, ""2"": 22}",59306,5.92,140.19,23.68,1.5074,15.71,1,1738,1739
868,2026-01-25T20:53:18.071581,17.37,"{""Fast-Inference"": 0.39687161145195693, ""Standard-Inference"": 0.19519988081465273, ""Complex-Inference"": 0.22843949611762646, ""Ensemble-Inference"": 0.17948901161576397}",0.39,93,"{""1"": 19, ""0"": 31, ""2"": 26, ""3"": 17}",66652,5.92,141.4,23.89,1.5204,15.71,1,1740,1741
869,2026-01-25T20:53:30.360616,6.75,"{""Fast-Inference"": 0.35454130554368457, ""Standard-Inference"": 0.20189018911211254, ""Complex-Inference"": 0.2187013236561772, ""Ensemble-Inference"": 0.22486718168802555}",0.3,84,"{""1"": 11, ""0"": 34, ""3"": 17, ""2"": 22}",54083,6.21,144.83,23.34,1.7241,13.54,1,1742,1743
870,2026-01-25T20:53:42.118914,11.11,"{""Fast-Inference"": 0.4159575529172127, ""Standard-Inference"": 0.18719717537021796, ""Complex-Inference"": 0.19246925433076792, ""Ensemble-Inference"": 0.2043760173818015}",0.846,86,"{""0"": 35, ""2"": 16, ""3"": 17, ""1"": 18}",61676,5.91,140.11,23.71,1.6292,14.56,1,1744,1745
871,2026-01-25T20:53:54.081054,24.14,"{""Fast-Inference"": 0.4184359196747565, ""Standard-Inference"": 0.18892616232718554, ""Complex-Inference"": 0.19253503205674086, ""Ensemble-Inference"": 0.2001028859413171}",0.356,92,"{""0"": 36, ""2"": 22, ""3"": 20, ""1"": 14}",61194,5.92,140.65,23.77,1.5288,15.55,1,1746,1747
872,2026-01-25T20:54:06.327148,19.15,"{""Fast-Inference"": 0.43055379541328814, ""Standard-Inference"": 0.19510524168968352, ""Complex-Inference"": 0.16259270021408467, ""Ensemble-Inference"": 0.21174826268294358}",0.902,100,"{""3"": 22, ""0"": 48, ""1"": 12, ""2"": 18}",64169,6.23,155.68,24.98,1.5568,16.05,1,1748,1749
873,2026-01-25T20:54:18.079089,22.02,"{""Fast-Inference"": 0.42232966965031254, ""Standard-Inference"": 0.17544835543429282, ""Complex-Inference"": 0.17563579375027924, ""Ensemble-Inference"": 0.2265861811651154}",0.971,100,"{""0"": 43, ""3"": 20, ""1"": 15, ""2"": 22}",63472,5.93,140.5,23.7,1.405,16.87,1,1750,1751
874,2026-01-25T20:54:30.104906,14.31,"{""Fast-Inference"": 0.4235065997615203, ""Standard-Inference"": 0.1824425428312721, ""Complex-Inference"": 0.20273533369264438, ""Ensemble-Inference"": 0.1913155237145634}",0.957,91,"{""0"": 41, ""2"": 14, ""3"": 23, ""1"": 13}",61605,5.92,136.38,23.05,1.4987,15.38,1,1752,1753
875,2026-01-25T20:54:42.122738,8.34,"{""Fast-Inference"": 0.402301949405518, ""Standard-Inference"": 0.20000508755540597, ""Complex-Inference"": 0.21526610462394405, ""Ensemble-Inference"": 0.1824268584151319}",0.742,100,"{""2"": 27, ""0"": 39, ""1"": 19, ""3"": 15}",63064,5.93,142.77,24.07,1.4277,16.86,1,1754,1755
876,2026-01-25T20:54:54.304347,18.52,"{""Fast-Inference"": 0.41062025483533715, ""Standard-Inference"": 0.20001071302301196, ""Complex-Inference"": 0.2124587994519034, ""Ensemble-Inference"": 0.17691023268974745}",0.414,100,"{""1"": 22, ""0"": 40, ""3"": 21, ""2"": 17}",61418,6.23,147.28,23.62,1.4728,16.04,1,1756,1757
877,2026-01-25T20:55:06.134977,22.46,"{""Fast-Inference"": 0.4404881744684733, ""Standard-Inference"": 0.18117969345586665, ""Complex-Inference"": 0.18329246556118914, ""Ensemble-Inference"": 0.19503966651447097}",0.492,100,"{""3"": 18, ""0"": 51, ""1"": 16, ""2"": 15}",55403,5.93,140.91,23.76,1.4091,16.86,1,1758,1759
878,2026-01-25T20:55:18.349026,14.49,"{""Fast-Inference"": 0.41201760571453583, ""Standard-Inference"": 0.2001267835674797, ""Complex-Inference"": 0.17503401047925354, ""Ensemble-Inference"": 0.2128216002387309}",0.917,100,"{""0"": 46, ""3"": 22, ""1"": 19, ""2"": 13}",58900,6.23,148.72,23.85,1.4872,16.04,1,1760,1761
879,2026-01-25T20:55:30.366078,23.68,"{""Fast-Inference"": 0.4025671586553702, ""Standard-Inference"": 0.21886277905831364, ""Complex-Inference"": 0.2056850842526756, ""Ensemble-Inference"": 0.17288497803364067}",0.914,94,"{""1"": 19, ""2"": 17, ""0"": 43, ""3"": 15}",59304,6.23,149.59,24.03,1.5914,15.1,1,1762,1763
880,2026-01-25T20:55:42.079939,12.15,"{""Fast-Inference"": 0.41907749151935686, ""Standard-Inference"": 0.19751639381401856, ""Complex-Inference"": 0.21107073687334893, ""Ensemble-Inference"": 0.17233537779327554}",0.733,100,"{""0"": 39, ""1"": 16, ""2"": 27, ""3"": 18}",65920,5.94,143.25,24.14,1.4325,16.85,1,1764,1765
881,2026-01-25T20:55:54.122133,19.62,"{""Fast-Inference"": 0.41399570624886634, ""Standard-Inference"": 0.19944922599574755, ""Complex-Inference"": 0.1884164771133732, ""Ensemble-Inference"": 0.19813859064201303}",0.456,97,"{""2"": 25, ""0"": 34, ""3"": 21, ""1"": 17}",66869,5.92,141.38,23.86,1.4575,16.37,1,1766,1767
882,2026-01-25T20:56:06.090227,9.19,"{""Fast-Inference"": 0.42467303013484603, ""Standard-Inference"": 0.18270998265886973, ""Complex-Inference"": 0.194323939132898, ""Ensemble-Inference"": 0.1982930480733862}",0.907,100,"{""0"": 40, ""3"": 23, ""1"": 19, ""2"": 18}",70137,5.93,143.8,24.26,1.438,16.87,1,1768,1769
883,2026-01-25T20:56:18.307332,11.62,"{""Fast-Inference"": 0.4315662838988997, ""Standard-Inference"": 0.180091368856944, ""Complex-Inference"": 0.1936959861769937, ""Ensemble-Inference"": 0.1946463610671626}",0.472,100,"{""0"": 47, ""1"": 18, ""2"": 16, ""3"": 19}",56870,6.24,150.24,24.09,1.5024,16.04,1,1770,1771
884,2026-01-25T20:56:30.344113,13.82,"{""Fast-Inference"": 0.4155441962138243, ""Standard-Inference"": 0.18335190453653805, ""Complex-Inference"": 0.21808575967145538, ""Ensemble-Inference"": 0.18301813957818236}",0.491,100,"{""3"": 18, ""2"": 20, ""1"": 23, ""0"": 39}",59392,6.24,148.91,23.87,1.4891,16.03,1,1772,1773
885,2026-01-25T20:56:42.092440,22.81,"{""Fast-Inference"": 0.4044167809997913, ""Standard-Inference"": 0.19108107319071294, ""Complex-Inference"": 0.21707352090338036, ""Ensemble-Inference"": 0.1874286249061155}",0.37,100,"{""2"": 23, ""0"": 49, ""1"": 15, ""3"": 13}",57768,5.93,143.99,24.27,1.4399,16.85,1,1774,1775
886,2026-01-25T20:56:54.137883,6.36,"{""Fast-Inference"": 0.3489889480680532, ""Standard-Inference"": 0.21514331353824684, ""Complex-Inference"": 0.2110555948856617, ""Ensemble-Inference"": 0.22481214350803838}",0.607,100,"{""2"": 24, ""1"": 22, ""3"": 25, ""0"": 29}",77975,5.93,141.38,23.84,1.4138,16.86,1,1776,1777
887,2026-01-25T20:57:06.340259,7.41,"{""Fast-Inference"": 0.4197802619237055, ""Standard-Inference"": 0.18802730071734303, ""Complex-Inference"": 0.22233385291283245, ""Ensemble-Inference"": 0.16985858444611912}",0.613,100,"{""1"": 10, ""2"": 19, ""0"": 50, ""3"": 21}",62645,6.23,157.14,25.21,1.5714,16.04,1,1778,1779
888,2026-01-25T20:57:18.321676,14.97,"{""Fast-Inference"": 0.3794993562659571, ""Standard-Inference"": 0.22189994007063799, ""Complex-Inference"": 0.1789797116283192, ""Ensemble-Inference"": 0.2196209920350858}",0.907,100,"{""3"": 19, ""1"": 24, ""2"": 21, ""0"": 36}",73621,6.23,149.45,23.97,1.4945,16.04,1,1780,1781
889,2026-01-25T20:57:30.351836,23.32,"{""Fast-Inference"": 0.3951776144671511, ""Standard-Inference"": 0.22150828052247026, ""Complex-Inference"": 0.20337762450815888, ""Ensemble-Inference"": 0.17993648050221955}",0.34,86,"{""0"": 36, ""2"": 18, ""3"": 19, ""1"": 13}",54948,6.21,145.81,23.46,1.6955,13.84,1,1782,1783
890,2026-01-25T20:57:42.325656,15.67,"{""Fast-Inference"": 0.44789085557441943, ""Standard-Inference"": 0.18700364044274934, ""Complex-Inference"": 0.17310376849053832, ""Ensemble-Inference"": 0.19200173549229288}",0.543,100,"{""2"": 20, ""0"": 44, ""3"": 17, ""1"": 19}",62908,6.24,148.62,23.82,1.4862,16.03,1,1784,1785
891,2026-01-25T20:57:54.350171,23.08,"{""Fast-Inference"": 0.42590625349796996, ""Standard-Inference"": 0.19225890768220133, ""Complex-Inference"": 0.18944317241423406, ""Ensemble-Inference"": 0.1923916664055946}",0.896,98,"{""0"": 33, ""1"": 23, ""2"": 20, ""3"": 22}",71544,6.23,148.8,23.88,1.5183,15.72,1,1786,1787
892,2026-01-25T20:58:06.318484,17.45,"{""Fast-Inference"": 0.38529315861606, ""Standard-Inference"": 0.19374210345973744, ""Complex-Inference"": 0.2183957132116374, ""Ensemble-Inference"": 0.20256902471256522}",0.485,100,"{""2"": 19, ""0"": 37, ""1"": 25, ""3"": 19}",64204,6.24,145.05,23.25,1.4505,16.03,1,1788,1789
893,2026-01-25T20:58:18.085552,26.12,"{""Fast-Inference"": 0.41069801902763314, ""Standard-Inference"": 0.1954667139453825, ""Complex-Inference"": 0.17795295248045603, ""Ensemble-Inference"": 0.2158823145465283}",0.834,100,"{""3"": 23, ""0"": 51, ""2"": 12, ""1"": 14}",62924,5.93,141.12,23.8,1.4112,16.87,1,1790,1791
894,2026-01-25T20:58:30.133297,22.87,"{""Fast-Inference"": 0.4382919479841551, ""Standard-Inference"": 0.19666582244036473, ""Complex-Inference"": 0.17723829976821107, ""Ensemble-Inference"": 0.18780392980726926}",0.934,100,"{""0"": 38, ""3"": 26, ""1"": 21, ""2"": 15}",75743,5.93,142.94,24.11,1.4294,16.87,1,1792,1793
895,2026-01-25T20:58:42.336351,19.67,"{""Fast-Inference"": 0.41963185698026073, ""Standard-Inference"": 0.203418775277745, ""Complex-Inference"": 0.17696041926806416, ""Ensemble-Inference"": 0.19998894847393014}",0.651,96,"{""1"": 25, ""0"": 45, ""2"": 13, ""3"": 13}",50326,6.23,149.77,24.06,1.5601,15.42,1,1794,1795
896,2026-01-25T20:58:54.321621,16.72,"{""Fast-Inference"": 0.4000943852203569, ""Standard-Inference"": 0.21961971416992873, ""Complex-Inference"": 0.20731860750872183, ""Ensemble-Inference"": 0.1729672931009926}",0.77,91,"{""0"": 48, ""1"": 26, ""3"": 6, ""2"": 11}",36465,6.22,147.5,23.72,1.6209,14.64,1,1796,1797
897,2026-01-25T20:59:06.109381,18.84,"{""Fast-Inference"": 0.4198260441190147, ""Standard-Inference"": 0.21399046149708284, ""Complex-Inference"": 0.19472772860966348, ""Ensemble-Inference"": 0.17145576577423896}",0.399,100,"{""2"": 11, ""0"": 43, ""3"": 16, ""1"": 30}",52999,5.93,138.93,23.41,1.3893,16.85,1,1798,1799
898,2026-01-25T20:59:18.309702,19.87,"{""Fast-Inference"": 0.4337155094327327, ""Standard-Inference"": 0.2009559749546073, ""Complex-Inference"": 0.1813084534049989, ""Ensemble-Inference"": 0.1840200622076611}",0.319,90,"{""2"": 18, ""0"": 30, ""1"": 21, ""3"": 21}",62376,6.22,149.24,24.0,1.6582,14.47,1,1800,1801
899,2026-01-25T20:59:30.115681,28.46,"{""Fast-Inference"": 0.3837418131312607, ""Standard-Inference"": 0.20957826746051567, ""Complex-Inference"": 0.20149685844417345, ""Ensemble-Inference"": 0.20518306096405012}",0.557,90,"{""0"": 30, ""2"": 25, ""1"": 14, ""3"": 21}",66914,5.91,141.96,24.02,1.5773,15.23,1,1802,1803
900,2026-01-25T20:59:42.126370,5.33,"{""Fast-Inference"": 0.3984347475077178, ""Standard-Inference"": 0.1912914978693526, ""Complex-Inference"": 0.1949613664060659, ""Ensemble-Inference"": 0.2153123882168637}",0.863,100,"{""3"": 25, ""2"": 21, ""0"": 39, ""1"": 15}",70412,5.93,141.77,23.89,1.4177,16.85,1,1804,1805
901,2026-01-25T20:59:54.298016,13.96,"{""Fast-Inference"": 0.37673731543142847, ""Standard-Inference"": 0.1940957183406481, ""Complex-Inference"": 0.18920471189233087, ""Ensemble-Inference"": 0.2399622543355926}",0.596,100,"{""0"": 43, ""2"": 13, ""1"": 31, ""3"": 13}",53860,6.23,147.41,23.65,1.4741,16.04,1,1806,1807
902,2026-01-25T21:00:06.088215,10.61,"{""Fast-Inference"": 0.4061510135551434, ""Standard-Inference"": 0.2192563275064782, ""Complex-Inference"": 0.17143145855073127, ""Ensemble-Inference"": 0.20316120038764707}",0.574,78,"{""1"": 15, ""3"": 12, ""2"": 14, ""0"": 37}",42132,5.89,141.22,23.97,1.8106,13.24,1,1808,1809
903,2026-01-25T21:00:18.339029,8.96,"{""Fast-Inference"": 0.3800911671880093, ""Standard-Inference"": 0.21251361626570084, ""Complex-Inference"": 0.20705966350350197, ""Ensemble-Inference"": 0.20033555304278797}",0.889,100,"{""0"": 38, ""2"": 22, ""1"": 24, ""3"": 16}",68342,6.24,145.81,23.37,1.4581,16.03,1,1810,1811
904,2026-01-25T21:00:30.088368,9.43,"{""Fast-Inference"": 0.4052593698120661, ""Standard-Inference"": 0.19264533060235414, ""Complex-Inference"": 0.21595209888314368, ""Ensemble-Inference"": 0.1861432007024361}",0.391,97,"{""1"": 20, ""2"": 18, ""0"": 45, ""3"": 14}",55112,5.92,146.45,24.72,1.5098,16.37,1,1812,1813
905,2026-01-25T21:00:42.079590,11.12,"{""Fast-Inference"": 0.422177111074272, ""Standard-Inference"": 0.19448389546326678, ""Complex-Inference"": 0.1890005665046142, ""Ensemble-Inference"": 0.1943384269578471}",0.905,83,"{""1"": 22, ""3"": 14, ""0"": 30, ""2"": 17}",51259,5.9,142.68,24.19,1.7191,14.07,1,1814,1815
906,2026-01-25T21:00:54.106698,16.28,"{""Fast-Inference"": 0.3688017691861295, ""Standard-Inference"": 0.2066389727071858, ""Complex-Inference"": 0.22153714879917816, ""Ensemble-Inference"": 0.20302210930750644}",0.83,91,"{""0"": 38, ""1"": 16, ""2"": 18, ""3"": 19}",58614,5.92,139.91,23.65,1.5375,15.38,1,1816,1817
907,2026-01-25T21:01:06.120486,22.56,"{""Fast-Inference"": 0.38661351441435166, ""Standard-Inference"": 0.18637819146875542, ""Complex-Inference"": 0.23476589662409167, ""Ensemble-Inference"": 0.19224239749280128}",0.405,100,"{""1"": 25, ""0"": 31, ""3"": 22, ""2"": 22}",70490,5.93,142.32,24.0,1.4232,16.86,1,1818,1819
908,2026-01-25T21:01:18.297732,18.56,"{""Fast-Inference"": 0.38944344987817886, ""Standard-Inference"": 0.20987491568011293, ""Complex-Inference"": 0.20172588486122559, ""Ensemble-Inference"": 0.19895574958048257}",0.957,95,"{""0"": 43, ""1"": 24, ""3"": 14, ""2"": 14}",55303,6.23,146.76,23.57,1.5448,15.26,1,1820,1821
909,2026-01-25T21:01:30.320211,21.31,"{""Fast-Inference"": 0.401322287370789, ""Standard-Inference"": 0.20137346747257037, ""Complex-Inference"": 0.20973698653123607, ""Ensemble-Inference"": 0.1875672586254046}",0.529,98,"{""1"": 18, ""3"": 18, ""2"": 27, ""0"": 35}",66183,6.24,147.8,23.69,1.5082,15.71,1,1822,1823
910,2026-01-25T21:01:42.340972,18.87,"{""Fast-Inference"": 0.40629062717254755, ""Standard-Inference"": 0.17479510167420026, ""Complex-Inference"": 0.23132454195538824, ""Ensemble-Inference"": 0.18758972919786387}",0.667,100,"{""1"": 13, ""3"": 22, ""2"": 20, ""0"": 45}",72488,6.24,152.7,24.48,1.527,16.03,1,1824,1825
911,2026-01-25T21:01:54.297956,20.76,"{""Fast-Inference"": 0.4050624345390222, ""Standard-Inference"": 0.1942509012763879, ""Complex-Inference"": 0.20127856936035468, ""Ensemble-Inference"": 0.19940809482423516}",0.53,88,"{""2"": 20, ""0"": 26, ""1"": 20, ""3"": 22}",68958,6.21,152.24,24.51,1.73,14.17,1,1826,1827
912,2026-01-25T21:02:06.141759,25.03,"{""Fast-Inference"": 0.3593774060571731, ""Standard-Inference"": 0.19312323910209475, ""Complex-Inference"": 0.217799211184148, ""Ensemble-Inference"": 0.22970014365658423}",0.847,100,"{""3"": 24, ""2"": 20, ""0"": 33, ""1"": 23}",76579,5.93,143.95,24.27,1.4395,16.86,1,1828,1829
913,2026-01-25T21:02:18.358575,23.85,"{""Fast-Inference"": 0.42281748444166195, ""Standard-Inference"": 0.18747228975339436, ""Complex-Inference"": 0.19354542491523083, ""Ensemble-Inference"": 0.19616480088971272}",0.434,100,"{""0"": 49, ""1"": 15, ""3"": 16, ""2"": 20}",53776,6.24,147.7,23.69,1.477,16.04,1,1830,1831
914,2026-01-25T21:02:30.084606,14.78,"{""Fast-Inference"": 0.41054566005794785, ""Standard-Inference"": 0.2108464902440238, ""Complex-Inference"": 0.17462390827402507, ""Ensemble-Inference"": 0.2039839414240032}",0.756,100,"{""2"": 16, ""0"": 32, ""3"": 28, ""1"": 24}",77730,5.94,141.39,23.82,1.4139,16.85,1,1832,1833
915,2026-01-25T21:02:42.375441,9.09,"{""Fast-Inference"": 0.38014394824139786, ""Standard-Inference"": 0.20447335274950582, ""Complex-Inference"": 0.22527465852268153, ""Ensemble-Inference"": 0.19010804048641475}",0.654,100,"{""0"": 33, ""2"": 26, ""1"": 20, ""3"": 21}",76266,6.24,150.78,24.18,1.5078,16.04,1,1834,1835
916,2026-01-25T21:02:54.091215,24.64,"{""Fast-Inference"": 0.3983017331912993, ""Standard-Inference"": 0.18268047356329029, ""Complex-Inference"": 0.228056658626146, ""Ensemble-Inference"": 0.1909611346192645}",0.36,85,"{""3"": 21, ""2"": 19, ""0"": 39, ""1"": 6}",57461,5.9,139.23,23.59,1.638,14.4,1,1836,1837
917,2026-01-25T21:03:06.349387,9.06,"{""Fast-Inference"": 0.4377415995899464, ""Standard-Inference"": 0.20005109013644612, ""Complex-Inference"": 0.1650968065848227, ""Ensemble-Inference"": 0.1971105036887848}",0.459,100,"{""0"": 46, ""1"": 25, ""3"": 17, ""2"": 12}",53157,6.23,156.22,25.06,1.5622,16.04,1,1838,1839
918,2026-01-25T21:03:18.074788,17.17,"{""Fast-Inference"": 0.42089109395618507, ""Standard-Inference"": 0.20566608972947817, ""Complex-Inference"": 0.1715272078944489, ""Ensemble-Inference"": 0.20191560841988793}",0.747,94,"{""2"": 16, ""1"": 19, ""0"": 36, ""3"": 23}",71544,5.92,141.66,23.94,1.507,15.88,1,1840,1841
919,2026-01-25T21:03:30.325440,28.76,"{""Fast-Inference"": 0.40354114612972275, ""Standard-Inference"": 0.2096365614338298, ""Complex-Inference"": 0.1998148867850632, ""Ensemble-Inference"": 0.18700740565138432}",0.77,99,"{""0"": 40, ""2"": 18, ""1"": 23, ""3"": 18}",65614,6.22,147.12,23.63,1.486,15.9,1,1842,1843
920,2026-01-25T21:03:42.370666,27.76,"{""Fast-Inference"": 0.41691651159984516, ""Standard-Inference"": 0.1765465337981754, ""Complex-Inference"": 0.19599007702218074, ""Ensemble-Inference"": 0.21054687757979876}",0.448,100,"{""2"": 29, ""0"": 34, ""3"": 21, ""1"": 16}",70107,6.23,150.01,24.07,1.5001,16.04,1,1844,1845
921,2026-01-25T21:03:54.076639,25.85,"{""Fast-Inference"": 0.41961938593729514, ""Standard-Inference"": 0.1956837076297474, ""Complex-Inference"": 0.21923938492610978, ""Ensemble-Inference"": 0.1654575215068477}",0.463,93,"{""2"": 21, ""1"": 19, ""0"": 43, ""3"": 10}",51220,5.92,143.97,24.33,1.5481,15.72,1,1846,1847
922,2026-01-25T21:04:06.108165,28.05,"{""Fast-Inference"": 0.3625557665157268, ""Standard-Inference"": 0.21934780358413378, ""Complex-Inference"": 0.20184739288939835, ""Ensemble-Inference"": 0.21624903701074108}",0.776,100,"{""0"": 38, ""2"": 20, ""1"": 17, ""3"": 25}",69508,5.93,145.8,24.59,1.458,16.86,1,1848,1849
923,2026-01-25T21:04:18.147149,19.62,"{""Fast-Inference"": 0.417332805798147, ""Standard-Inference"": 0.1732381490437071, ""Complex-Inference"": 0.22223636445356237, ""Ensemble-Inference"": 0.18719268070458353}",0.371,100,"{""2"": 21, ""1"": 18, ""0"": 42, ""3"": 19}",63056,5.93,141.91,23.91,1.4191,16.85,1,1850,1851
924,2026-01-25T21:04:30.312038,20.36,"{""Fast-Inference"": 0.41743562171847176, ""Standard-Inference"": 0.21594860916976089, ""Complex-Inference"": 0.18249837182414227, ""Ensemble-Inference"": 0.18411739728762505}",0.473,81,"{""3"": 10, ""1"": 15, ""2"": 24, ""0"": 32}",50859,6.2,145.05,23.39,1.7907,13.06,1,1852,1853
925,2026-01-25T21:04:42.346040,7.4,"{""Fast-Inference"": 0.3913854281130925, ""Standard-Inference"": 0.20640250410977395, ""Complex-Inference"": 0.1960375985581596, ""Ensemble-Inference"": 0.2061744692189739}",0.353,100,"{""1"": 23, ""0"": 42, ""2"": 21, ""3"": 14}",53426,6.23,147.64,23.68,1.4764,16.04,1,1854,1855
926,2026-01-25T21:04:54.127755,29.88,"{""Fast-Inference"": 0.36260515041601443, ""Standard-Inference"": 0.21243179078137864, ""Complex-Inference"": 0.22393677577050355, ""Ensemble-Inference"": 0.20102628303210332}",0.845,100,"{""0"": 38, ""1"": 18, ""2"": 26, ""3"": 18}",67351,5.93,142.76,24.07,1.4276,16.86,1,1856,1857
927,2026-01-25T21:05:06.347127,18.04,"{""Fast-Inference"": 0.4396549064974639, ""Standard-Inference"": 0.17399032630341776, ""Complex-Inference"": 0.1690511640577083, ""Ensemble-Inference"": 0.2173036031414101}",0.57,98,"{""3"": 21, ""0"": 48, ""1"": 19, ""2"": 10}",56517,6.23,148.48,23.82,1.5151,15.72,1,1858,1859
928,2026-01-25T21:05:18.364442,7.68,"{""Fast-Inference"": 0.4006381109181219, ""Standard-Inference"": 0.17249493497632487, ""Complex-Inference"": 0.2156146832388453, ""Ensemble-Inference"": 0.211252270866708}",0.958,100,"{""3"": 14, ""0"": 39, ""1"": 19, ""2"": 28}",68188,6.23,147.45,23.66,1.4745,16.04,1,1860,1861
929,2026-01-25T21:05:30.343372,28.69,"{""Fast-Inference"": 0.38704293447434024, ""Standard-Inference"": 0.21303236149588414, ""Complex-Inference"": 0.20412151976256557, ""Ensemble-Inference"": 0.19580318426720997}",0.709,100,"{""0"": 36, ""3"": 19, ""2"": 19, ""1"": 26}",66302,6.24,145.91,23.4,1.4591,16.04,1,1862,1863
930,2026-01-25T21:05:42.093865,24.43,"{""Fast-Inference"": 0.41149872368185436, ""Standard-Inference"": 0.1829998059775827, ""Complex-Inference"": 0.20092722474471886, ""Ensemble-Inference"": 0.20457424559584406}",0.671,100,"{""3"": 28, ""1"": 14, ""2"": 18, ""0"": 40}",73375,5.93,140.7,23.74,1.407,16.87,1,1864,1865
931,2026-01-25T21:05:54.148550,15.25,"{""Fast-Inference"": 0.42763636158700025, ""Standard-Inference"": 0.17349852592457693, ""Complex-Inference"": 0.1998186586767369, ""Ensemble-Inference"": 0.199046453811686}",0.585,100,"{""0"": 46, ""3"": 16, ""2"": 22, ""1"": 16}",55730,5.94,141.82,23.89,1.4182,16.85,1,1866,1867
932,2026-01-25T21:06:06.343013,6.94,"{""Fast-Inference"": 0.3766955927684568, ""Standard-Inference"": 0.19561990812012395, ""Complex-Inference"": 0.19001296525729255, ""Ensemble-Inference"": 0.23767153385412662}",0.445,98,"{""2"": 24, ""1"": 21, ""3"": 20, ""0"": 33}",62648,6.24,156.68,25.13,1.5988,15.72,1,1868,1869
933,2026-01-25T21:06:18.070325,8.68,"{""Fast-Inference"": 0.37891686227888355, ""Standard-Inference"": 0.20958816618635315, ""Complex-Inference"": 0.18103192238692128, ""Ensemble-Inference"": 0.23046304914784213}",0.323,95,"{""1"": 20, ""2"": 18, ""3"": 21, ""0"": 36}",58608,5.92,141.24,23.84,1.4868,16.04,1,1870,1871
934,2026-01-25T21:06:30.338598,15.61,"{""Fast-Inference"": 0.38619325959149664, ""Standard-Inference"": 0.2099862501899121, ""Complex-Inference"": 0.20429777629586493, ""Ensemble-Inference"": 0.19952271392272636}",0.71,100,"{""2"": 15, ""0"": 42, ""3"": 24, ""1"": 19}",68491,6.23,147.74,23.71,1.4774,16.05,1,1872,1873
935,2026-01-25T21:06:42.096338,6.65,"{""Fast-Inference"": 0.4121174089501208, ""Standard-Inference"": 0.2049562089464742, ""Complex-Inference"": 0.18043184500437923, ""Ensemble-Inference"": 0.2024945370990258}",0.771,100,"{""0"": 46, ""3"": 22, ""2"": 16, ""1"": 16}",63245,5.93,138.99,23.42,1.3899,16.85,1,1874,1875
936,2026-01-25T21:06:54.287991,21.56,"{""Fast-Inference"": 0.39726035436222024, ""Standard-Inference"": 0.1998870624604154, ""Complex-Inference"": 0.19988752138178004, ""Ensemble-Inference"": 0.20296506179558438}",0.496,90,"{""3"": 20, ""0"": 31, ""2"": 21, ""1"": 18}",61468,6.21,145.72,23.45,1.6191,14.48,1,1876,1877
937,2026-01-25T21:07:06.098722,28.84,"{""Fast-Inference"": 0.42629205157095956, ""Standard-Inference"": 0.20748230652477398, ""Complex-Inference"": 0.19116422041548112, ""Ensemble-Inference"": 0.17506142148878523}",0.738,94,"{""0"": 28, ""2"": 20, ""1"": 23, ""3"": 23}",68199,5.92,140.0,23.65,1.4893,15.88,1,1878,1879
938,2026-01-25T21:07:18.337108,23.84,"{""Fast-Inference"": 0.40239762924880484, ""Standard-Inference"": 0.2105209089063893, ""Complex-Inference"": 0.16921367270691817, ""Ensemble-Inference"": 0.21786778913788757}",0.483,93,"{""0"": 37, ""3"": 19, ""2"": 13, ""1"": 24}",59695,6.22,152.12,24.46,1.6357,14.95,1,1880,1881
939,2026-01-25T21:07:30.353800,9.62,"{""Fast-Inference"": 0.3940315999977009, ""Standard-Inference"": 0.20040870896592786, ""Complex-Inference"": 0.197794003757231, ""Ensemble-Inference"": 0.2077656872791402}",0.333,100,"{""3"": 15, ""0"": 41, ""2"": 25, ""1"": 19}",60777,6.23,148.53,23.83,1.4853,16.05,1,1882,1883
940,2026-01-25T21:07:42.071547,21.68,"{""Fast-Inference"": 0.4313291508893247, ""Standard-Inference"": 0.18569182132745335, ""Complex-Inference"": 0.16965450406996385, ""Ensemble-Inference"": 0.21332452371325816}",0.608,93,"{""0"": 39, ""1"": 18, ""2"": 20, ""3"": 16}",53527,5.92,139.62,23.58,1.5013,15.71,1,1884,1885
941,2026-01-25T21:07:54.091385,11.5,"{""Fast-Inference"": 0.37530942604587614, ""Standard-Inference"": 0.21197597764389067, ""Complex-Inference"": 0.22919183588938621, ""Ensemble-Inference"": 0.18352276042084698}",0.842,100,"{""0"": 44, ""2"": 18, ""1"": 25, ""3"": 13}",56770,5.93,138.4,23.33,1.384,16.86,1,1886,1887
942,2026-01-25T21:08:06.117645,16.38,"{""Fast-Inference"": 0.4260372225859244, ""Standard-Inference"": 0.2084163434599677, ""Complex-Inference"": 0.17838002451348323, ""Ensemble-Inference"": 0.18716640944062463}",0.675,100,"{""0"": 44, ""1"": 20, ""3"": 25, ""2"": 11}",58913,5.93,144.84,24.41,1.4484,16.86,1,1888,1889
943,2026-01-25T21:08:18.106316,24.7,"{""Fast-Inference"": 0.40656052339669796, ""Standard-Inference"": 0.17810204642518113, ""Complex-Inference"": 0.19688517263330035, ""Ensemble-Inference"": 0.21845225754482064}",0.678,100,"{""2"": 21, ""0"": 40, ""1"": 19, ""3"": 20}",71722,5.93,139.55,23.52,1.3955,16.86,1,1890,1891
944,2026-01-25T21:08:30.295236,23.91,"{""Fast-Inference"": 0.40295517003054, ""Standard-Inference"": 0.1942436342587573, ""Complex-Inference"": 0.18097881577787708, ""Ensemble-Inference"": 0.2218223799328256}",0.86,91,"{""3"": 13, ""0"": 31, ""2"": 20, ""1"": 27}",61155,6.22,145.34,23.36,1.5972,14.63,1,1892,1893
945,2026-01-25T21:08:42.116062,14.92,"{""Fast-Inference"": 0.4387094383902012, ""Standard-Inference"": 0.20436547697061727, ""Complex-Inference"": 0.17228946957266186, ""Ensemble-Inference"": 0.18463561506651968}",0.91,97,"{""1"": 21, ""0"": 42, ""3"": 19, ""2"": 15}",62884,5.93,137.21,23.15,1.4146,16.36,1,1894,1895
946,2026-01-25T21:08:54.289279,7.02,"{""Fast-Inference"": 0.40395820997973736, ""Standard-Inference"": 0.18070948321972885, ""Complex-Inference"": 0.21139454555880083, ""Ensemble-Inference"": 0.20393776124173288}",0.416,93,"{""2"": 26, ""3"": 16, ""0"": 37, ""1"": 14}",59065,6.22,145.78,23.44,1.5676,14.95,1,1896,1897
947,2026-01-25T21:09:06.124103,14.4,"{""Fast-Inference"": 0.4296369750608464, ""Standard-Inference"": 0.19353262771720753, ""Complex-Inference"": 0.16672298697793533, ""Ensemble-Inference"": 0.21010741024401075}",0.778,100,"{""0"": 42, ""2"": 16, ""3"": 25, ""1"": 17}",66415,5.93,140.72,23.73,1.4072,16.86,1,1898,1899
948,2026-01-25T21:09:18.118530,20.17,"{""Fast-Inference"": 0.37947699905596494, ""Standard-Inference"": 0.19968958618819083, ""Complex-Inference"": 0.21759083661868248, ""Ensemble-Inference"": 0.20324257813716173}",0.444,100,"{""0"": 38, ""3"": 19, ""1"": 21, ""2"": 22}",58301,5.94,137.4,23.15,1.374,16.85,1,1900,1901
949,2026-01-25T21:09:30.319720,16.06,"{""Fast-Inference"": 0.39083361768558667, ""Standard-Inference"": 0.21032904606345512, ""Complex-Inference"": 0.1866077635035173, ""Ensemble-Inference"": 0.21222957274744106}",0.838,98,"{""0"": 37, ""1"": 21, ""3"": 20, ""2"": 20}",61967,6.23,148.6,23.84,1.5163,15.72,1,1902,1903
950,2026-01-25T21:09:42.351643,27.43,"{""Fast-Inference"": 0.41440787836829934, ""Standard-Inference"": 0.1964631845205142, ""Complex-Inference"": 0.21230985952844375, ""Ensemble-Inference"": 0.17681907758274273}",0.676,98,"{""0"": 46, ""2"": 27, ""3"": 11, ""1"": 14}",53987,6.24,146.62,23.51,1.4961,15.72,1,1904,1905
951,2026-01-25T21:09:54.086859,16.79,"{""Fast-Inference"": 0.4267954590406111, ""Standard-Inference"": 0.20585043942529682, ""Complex-Inference"": 0.16707091091695597, ""Ensemble-Inference"": 0.20028319061713612}",0.305,100,"{""0"": 36, ""1"": 22, ""3"": 26, ""2"": 16}",68356,5.93,136.94,23.1,1.3694,16.87,1,1906,1907
952,2026-01-25T21:10:06.102775,24.04,"{""Fast-Inference"": 0.37935158602975905, ""Standard-Inference"": 0.19093918993706582, ""Complex-Inference"": 0.22994536403098048, ""Ensemble-Inference"": 0.19976386000219465}",0.815,88,"{""1"": 13, ""3"": 24, ""0"": 36, ""2"": 15}",63210,5.91,138.48,23.43,1.5736,14.89,1,1908,1909
953,2026-01-25T21:10:18.325769,29.48,"{""Fast-Inference"": 0.3903589228952201, ""Standard-Inference"": 0.20722908944402513, ""Complex-Inference"": 0.19077796976315936, ""Ensemble-Inference"": 0.21163401789759534}",0.737,100,"{""3"": 23, ""0"": 37, ""2"": 19, ""1"": 21}",68805,6.24,146.52,23.48,1.4652,16.03,1,1910,1911
954,2026-01-25T21:10:30.370810,21.27,"{""Fast-Inference"": 0.38329806955109796, ""Standard-Inference"": 0.22854218707461668, ""Complex-Inference"": 0.20266939818664173, ""Ensemble-Inference"": 0.1854903451876436}",0.475,91,"{""0"": 33, ""1"": 23, ""2"": 14, ""3"": 21}",67743,6.22,146.46,23.56,1.6095,14.64,1,1912,1913
955,2026-01-25T21:10:42.317345,20.1,"{""Fast-Inference"": 0.4216288765149209, ""Standard-Inference"": 0.19644138680219694, ""Complex-Inference"": 0.18564942467020978, ""Ensemble-Inference"": 0.1962803120126723}",0.355,88,"{""2"": 14, ""0"": 40, ""3"": 15, ""1"": 19}",54252,6.21,146.65,23.61,1.6665,14.17,1,1914,1915
956,2026-01-25T21:10:54.147513,12.61,"{""Fast-Inference"": 0.4210721085314849, ""Standard-Inference"": 0.17835312562295963, ""Complex-Inference"": 0.19556948418391956, ""Ensemble-Inference"": 0.20500528166163584}",0.692,100,"{""0"": 42, ""2"": 17, ""3"": 21, ""1"": 20}",65866,5.93,136.63,23.03,1.3663,16.85,1,1916,1917
957,2026-01-25T21:11:06.317972,19.06,"{""Fast-Inference"": 0.42213150873783495, ""Standard-Inference"": 0.19939135689159065, ""Complex-Inference"": 0.19349529764682868, ""Ensemble-Inference"": 0.18498183672374569}",0.809,100,"{""0"": 42, ""2"": 17, ""3"": 18, ""1"": 23}",56408,6.23,145.85,23.4,1.4585,16.05,1,1918,1919
958,2026-01-25T21:11:18.145516,7.49,"{""Fast-Inference"": 0.4125791315165263, ""Standard-Inference"": 0.22150098796846807, ""Complex-Inference"": 0.18349655541814533, ""Ensemble-Inference"": 0.18242332509686032}",0.406,100,"{""3"": 18, ""1"": 24, ""2"": 17, ""0"": 41}",55493,5.93,139.26,23.49,1.3926,16.87,1,1920,1921
959,2026-01-25T21:11:30.351415,14.52,"{""Fast-Inference"": 0.3970728861122489, ""Standard-Inference"": 0.19532055919283456, ""Complex-Inference"": 0.20937250322972595, ""Ensemble-Inference"": 0.19823405146519052}",0.308,100,"{""0"": 39, ""2"": 27, ""3"": 13, ""1"": 21}",59916,6.23,146.3,23.47,1.463,16.04,1,1922,1923
960,2026-01-25T21:11:42.073055,24.88,"{""Fast-Inference"": 0.36580514346269294, ""Standard-Inference"": 0.20643985161238163, ""Complex-Inference"": 0.21659891591160788, ""Ensemble-Inference"": 0.21115608901331756}",0.639,100,"{""0"": 37, ""1"": 14, ""2"": 24, ""3"": 25}",76884,5.93,138.34,23.33,1.3834,16.86,1,1924,1925
961,2026-01-25T21:11:54.122923,28.77,"{""Fast-Inference"": 0.42768736829543663, ""Standard-Inference"": 0.1937877148531384, ""Complex-Inference"": 0.18291252549728784, ""Ensemble-Inference"": 0.19561239135413713}",0.745,93,"{""0"": 33, ""1"": 16, ""2"": 23, ""3"": 21}",70212,5.92,142.58,24.1,1.5331,15.72,1,1926,1927
962,2026-01-25T21:12:06.112918,13.72,"{""Fast-Inference"": 0.41635363604319114, ""Standard-Inference"": 0.20696778238564964, ""Complex-Inference"": 0.1848386497972201, ""Ensemble-Inference"": 0.19183993177393904}",0.454,100,"{""1"": 23, ""3"": 16, ""0"": 43, ""2"": 18}",57130,5.93,142.16,23.98,1.4216,16.87,1,1928,1929
963,2026-01-25T21:12:18.104228,13.55,"{""Fast-Inference"": 0.35254433142518, ""Standard-Inference"": 0.20309576140819824, ""Complex-Inference"": 0.22070864996520784, ""Ensemble-Inference"": 0.22365125720141402}",0.941,95,"{""0"": 34, ""3"": 21, ""2"": 24, ""1"": 16}",70460,5.93,140.24,23.66,1.4763,16.03,1,1930,1931
964,2026-01-25T21:12:30.151236,13.77,"{""Fast-Inference"": 0.4361384670268764, ""Standard-Inference"": 0.18496892305714555, ""Complex-Inference"": 0.18275994497449752, ""Ensemble-Inference"": 0.19613266494148052}",0.359,100,"{""1"": 11, ""2"": 17, ""3"": 24, ""0"": 48}",59837,5.93,137.71,23.21,1.3771,16.85,1,1932,1933
965,2026-01-25T21:12:42.343057,6.85,"{""Fast-Inference"": 0.3540860201423636, ""Standard-Inference"": 0.22396323549544334, ""Complex-Inference"": 0.2177916472720465, ""Ensemble-Inference"": 0.20415909709014649}",0.969,92,"{""0"": 29, ""2"": 24, ""3"": 22, ""1"": 17}",73286,6.22,146.01,23.47,1.587,14.79,1,1934,1935
966,2026-01-25T21:12:54.347777,15.25,"{""Fast-Inference"": 0.4060649047728046, ""Standard-Inference"": 0.21478577847845554, ""Complex-Inference"": 0.2152205957401951, ""Ensemble-Inference"": 0.1639287210085449}",0.85,100,"{""2"": 23, ""1"": 20, ""3"": 18, ""0"": 39}",63297,6.24,146.31,23.46,1.4631,16.03,1,1936,1937
967,2026-01-25T21:13:06.371047,26.4,"{""Fast-Inference"": 0.40812105557208395, ""Standard-Inference"": 0.19337170748069046, ""Complex-Inference"": 0.20929932082601613, ""Ensemble-Inference"": 0.1892079161212094}",0.7,98,"{""0"": 42, ""2"": 18, ""3"": 19, ""1"": 19}",60103,6.24,152.55,24.46,1.5567,15.71,1,1938,1939
968,2026-01-25T21:13:18.332730,15.84,"{""Fast-Inference"": 0.3930971881401317, ""Standard-Inference"": 0.17125027648217878, ""Complex-Inference"": 0.21188840789812896, ""Ensemble-Inference"": 0.2237641274795605}",0.489,100,"{""3"": 22, ""0"": 38, ""1"": 15, ""2"": 25}",70166,6.23,146.74,23.55,1.4674,16.05,1,1940,1941
969,2026-01-25T21:13:30.074814,15.63,"{""Fast-Inference"": 0.41759163530971777, ""Standard-Inference"": 0.19113880182456175, ""Complex-Inference"": 0.19991751538522792, ""Ensemble-Inference"": 0.19135204748049256}",0.605,95,"{""0"": 41, ""3"": 16, ""1"": 21, ""2"": 17}",58629,5.92,136.07,22.97,1.4323,16.04,1,1942,1943
970,2026-01-25T21:13:42.106456,12.34,"{""Fast-Inference"": 0.4235688742070303, ""Standard-Inference"": 0.1772773856583794, ""Complex-Inference"": 0.18624905070005857, ""Ensemble-Inference"": 0.21290468943453172}",0.388,93,"{""3"": 13, ""0"": 46, ""1"": 15, ""2"": 19}",51865,5.92,141.17,23.84,1.5179,15.71,1,1944,1945
971,2026-01-25T21:13:54.084399,20.67,"{""Fast-Inference"": 0.4065486922135355, ""Standard-Inference"": 0.2080328127374888, ""Complex-Inference"": 0.20835619003148495, ""Ensemble-Inference"": 0.17706230501749054}",0.582,93,"{""3"": 20, ""0"": 30, ""1"": 21, ""2"": 22}",63635,5.92,145.61,24.61,1.5657,15.72,1,1946,1947
972,2026-01-25T21:14:06.317347,21.47,"{""Fast-Inference"": 0.36907035874840427, ""Standard-Inference"": 0.2043282543667338, ""Complex-Inference"": 0.21243935217035573, ""Ensemble-Inference"": 0.21416203471450618}",0.608,93,"{""0"": 37, ""3"": 13, ""2"": 24, ""1"": 19}",57033,6.22,145.94,23.46,1.5692,14.95,1,1948,1949
973,2026-01-25T21:14:18.327453,11.39,"{""Fast-Inference"": 0.39724629896921393, ""Standard-Inference"": 0.2175245592084929, ""Complex-Inference"": 0.2118941550043612, ""Ensemble-Inference"": 0.173334986817932}",0.855,100,"{""1"": 21, ""0"": 36, ""2"": 22, ""3"": 21}",73757,6.23,144.07,23.11,1.4407,16.04,1,1950,1951
974,2026-01-25T21:14:30.373854,16.56,"{""Fast-Inference"": 0.38215143296881343, ""Standard-Inference"": 0.20031325171692546, ""Complex-Inference"": 0.19352638436225109, ""Ensemble-Inference"": 0.22400893095201002}",0.769,100,"{""2"": 16, ""1"": 26, ""3"": 25, ""0"": 33}",60371,6.23,143.68,23.05,1.4368,16.04,1,1952,1953
975,2026-01-25T21:14:42.120843,29.56,"{""Fast-Inference"": 0.39657021101018886, ""Standard-Inference"": 0.18471243841913057, ""Complex-Inference"": 0.21895346213841063, ""Ensemble-Inference"": 0.19976388843227}",0.511,100,"{""0"": 39, ""2"": 21, ""3"": 22, ""1"": 18}",68366,5.93,137.95,23.26,1.3795,16.86,1,1954,1955
976,2026-01-25T21:14:54.157987,26.56,"{""Fast-Inference"": 0.40492466342233985, ""Standard-Inference"": 0.21368773498553167, ""Complex-Inference"": 0.18403039166855598, ""Ensemble-Inference"": 0.19735720992357264}",0.304,100,"{""0"": 42, ""1"": 31, ""3"": 16, ""2"": 11}",53240,5.93,138.31,23.31,1.3831,16.85,1,1956,1957
977,2026-01-25T21:15:06.151859,23.88,"{""Fast-Inference"": 0.38780261104126984, ""Standard-Inference"": 0.21001668609134824, ""Complex-Inference"": 0.21459025440741367, ""Ensemble-Inference"": 0.1875904484599682}",0.305,100,"{""0"": 40, ""3"": 19, ""1"": 23, ""2"": 18}",59867,5.93,145.87,24.59,1.4587,16.86,1,1958,1959
978,2026-01-25T21:15:18.363188,24.31,"{""Fast-Inference"": 0.4184932001994998, ""Standard-Inference"": 0.1942393127896505, ""Complex-Inference"": 0.1928842131632649, ""Ensemble-Inference"": 0.19438327384758475}",0.329,97,"{""0"": 36, ""2"": 29, ""1"": 12, ""3"": 20}",66033,6.23,146.06,23.45,1.5057,15.57,1,1960,1961
979,2026-01-25T21:15:30.143307,6.95,"{""Fast-Inference"": 0.3758075376095559, ""Standard-Inference"": 0.21638647841548558, ""Complex-Inference"": 0.19332507848898062, ""Ensemble-Inference"": 0.21448090548597784}",0.743,100,"{""2"": 23, ""0"": 38, ""3"": 18, ""1"": 21}",66098,5.93,137.49,23.17,1.3749,16.85,1,1962,1963
980,2026-01-25T21:15:42.351254,23.11,"{""Fast-Inference"": 0.3734161720223265, ""Standard-Inference"": 0.20439547293657767, ""Complex-Inference"": 0.2202669728757053, ""Ensemble-Inference"": 0.2019213821653906}",0.959,98,"{""3"": 21, ""2"": 20, ""1"": 22, ""0"": 35}",65627,6.23,144.91,23.25,1.4786,15.73,1,1964,1965
981,2026-01-25T21:15:54.365313,22.37,"{""Fast-Inference"": 0.40826508866082595, ""Standard-Inference"": 0.16795606633985055, ""Complex-Inference"": 0.2093059270591146, ""Ensemble-Inference"": 0.2144729179402089}",0.771,100,"{""1"": 19, ""2"": 17, ""3"": 27, ""0"": 37}",73871,6.24,144.21,23.13,1.4421,16.04,1,1966,1967
982,2026-01-25T21:16:06.319838,21.68,"{""Fast-Inference"": 0.4000769497879899, ""Standard-Inference"": 0.18696667855782786, ""Complex-Inference"": 0.203749077852956, ""Ensemble-Inference"": 0.20920729380122613}",0.651,88,"{""0"": 46, ""1"": 16, ""3"": 15, ""2"": 11}",50452,6.21,148.04,23.83,1.6823,14.17,1,1968,1969
983,2026-01-25T21:16:18.314234,9.18,"{""Fast-Inference"": 0.39890372591255274, ""Standard-Inference"": 0.18629276470843595, ""Complex-Inference"": 0.20706422068409538, ""Ensemble-Inference"": 0.20773928869491584}",0.926,100,"{""2"": 24, ""3"": 21, ""0"": 43, ""1"": 12}",75003,6.24,145.31,23.3,1.4531,16.04,1,1970,1971
984,2026-01-25T21:16:30.365819,21.82,"{""Fast-Inference"": 0.37611589312396543, ""Standard-Inference"": 0.2117998213242507, ""Complex-Inference"": 0.1926480843870998, ""Ensemble-Inference"": 0.21943620116468407}",0.866,100,"{""0"": 43, ""1"": 19, ""2"": 18, ""3"": 20}",70150,6.24,144.98,23.24,1.4498,16.03,1,1972,1973
985,2026-01-25T21:16:42.070935,29.25,"{""Fast-Inference"": 0.45121437369538814, ""Standard-Inference"": 0.1831503361783131, ""Complex-Inference"": 0.17507530815617967, ""Ensemble-Inference"": 0.19055998197011897}",0.331,84,"{""0"": 39, ""2"": 12, ""1"": 15, ""3"": 18}",51797,5.9,137.8,23.35,1.6405,14.23,1,1974,1975
986,2026-01-25T21:16:54.109293,23.31,"{""Fast-Inference"": 0.3418707876163778, ""Standard-Inference"": 0.2175129303289855, ""Complex-Inference"": 0.2246590132379042, ""Ensemble-Inference"": 0.2159572688167326}",0.664,95,"{""2"": 23, ""0"": 36, ""1"": 23, ""3"": 13}",60329,5.92,144.05,24.33,1.5163,16.04,1,1976,1977
987,2026-01-25T21:17:06.300454,17.87,"{""Fast-Inference"": 0.37796141714225456, ""Standard-Inference"": 0.21833777150573574, ""Complex-Inference"": 0.18809923667977893, ""Ensemble-Inference"": 0.2156015746722308}",0.403,100,"{""0"": 37, ""2"": 25, ""1"": 19, ""3"": 19}",66831,6.23,145.73,23.38,1.4573,16.04,1,1978,1979
988,2026-01-25T21:17:18.362159,26.72,"{""Fast-Inference"": 0.4283840906265375, ""Standard-Inference"": 0.17080093079685807, ""Complex-Inference"": 0.1996572322672005, ""Ensemble-Inference"": 0.20115774630940375}",0.607,100,"{""3"": 21, ""2"": 25, ""1"": 16, ""0"": 38}",67385,6.24,146.15,23.43,1.4615,16.03,1,1980,1981
989,2026-01-25T21:17:30.081219,18.34,"{""Fast-Inference"": 0.41766895573286095, ""Standard-Inference"": 0.17906458205988923, ""Complex-Inference"": 0.2131314410914034, ""Ensemble-Inference"": 0.1901350211158465}",0.568,100,"{""3"": 14, ""2"": 21, ""0"": 44, ""1"": 21}",52000,5.93,139.94,23.6,1.3994,16.86,1,1982,1983
990,2026-01-25T21:17:42.076596,21.56,"{""Fast-Inference"": 0.3952078956406355, ""Standard-Inference"": 0.1963455732439397, ""Complex-Inference"": 0.20215118972113322, ""Ensemble-Inference"": 0.20629534139429162}",0.87,100,"{""3"": 15, ""0"": 43, ""1"": 22, ""2"": 20}",60269,5.93,138.77,23.39,1.3877,16.85,1,1984,1985
991,2026-01-25T21:17:54.145531,24.46,"{""Fast-Inference"": 0.3659963604549742, ""Standard-Inference"": 0.2058539204595455, ""Complex-Inference"": 0.20047537629733359, ""Ensemble-Inference"": 0.2276743427881468}",0.898,100,"{""0"": 31, ""2"": 21, ""1"": 24, ""3"": 24}",74587,5.93,137.92,23.25,1.3792,16.86,1,1986,1987
992,2026-01-25T21:18:06.325899,23.57,"{""Fast-Inference"": 0.3550042523449029, ""Standard-Inference"": 0.19252105806072545, ""Complex-Inference"": 0.22048472236929262, ""Ensemble-Inference"": 0.231989967225079}",0.463,85,"{""0"": 31, ""1"": 13, ""3"": 20, ""2"": 21}",63986,6.21,143.57,23.11,1.6891,13.68,1,1988,1989
993,2026-01-25T21:18:18.120507,15.18,"{""Fast-Inference"": 0.36833791126124327, ""Standard-Inference"": 0.23555682501934072, ""Complex-Inference"": 0.18486295095483649, ""Ensemble-Inference"": 0.21124231276457955}",0.728,87,"{""2"": 12, ""3"": 16, ""0"": 34, ""1"": 25}",51857,5.9,140.71,23.83,1.6174,14.73,1,1990,1991
994,2026-01-25T21:18:30.326165,21.03,"{""Fast-Inference"": 0.38319313398744037, ""Standard-Inference"": 0.17345745196132545, ""Complex-Inference"": 0.22608341595046375, ""Ensemble-Inference"": 0.21726599810077052}",0.778,96,"{""2"": 27, ""0"": 32, ""1"": 15, ""3"": 22}",81673,6.23,146.0,23.44,1.5208,15.41,1,1992,1993
995,2026-01-25T21:18:42.343419,15.06,"{""Fast-Inference"": 0.4009453863832965, ""Standard-Inference"": 0.197971870447093, ""Complex-Inference"": 0.18405571820869712, ""Ensemble-Inference"": 0.2170270249609133}",0.652,92,"{""2"": 15, ""3"": 22, ""0"": 38, ""1"": 17}",59130,6.22,145.01,23.31,1.5762,14.79,1,1994,1995
996,2026-01-25T21:18:54.337972,6.97,"{""Fast-Inference"": 0.3957575756228025, ""Standard-Inference"": 0.18149501925421901, ""Complex-Inference"": 0.18533956033175375, ""Ensemble-Inference"": 0.23740784479122481}",0.571,99,"{""3"": 23, ""0"": 47, ""2"": 15, ""1"": 14}",59117,6.23,145.09,23.28,1.4655,15.89,1,1996,1997
997,2026-01-25T21:19:06.347633,19.14,"{""Fast-Inference"": 0.37939814988955134, ""Standard-Inference"": 0.18162539076631606, ""Complex-Inference"": 0.23321643388622007, ""Ensemble-Inference"": 0.20576002545791253}",0.706,99,"{""2"": 24, ""1"": 19, ""3"": 14, ""0"": 42}",53662,6.23,143.94,23.09,1.4539,15.88,1,1998,1999
998,2026-01-25T21:19:18.318393,21.87,"{""Fast-Inference"": 0.40736221677417267, ""Standard-Inference"": 0.1903485081317357, ""Complex-Inference"": 0.1831110064784363, ""Ensemble-Inference"": 0.21917826861565537}",0.583,100,"{""0"": 43, ""3"": 22, ""2"": 16, ""1"": 19}",64709,6.24,147.2,23.6,1.472,16.03,1,2000,2001
999,2026-01-25T21:19:30.373716,15.64,"{""Fast-Inference"": 0.3902969334795575, ""Standard-Inference"": 0.21017625922938804, ""Complex-Inference"": 0.19783679960271847, ""Ensemble-Inference"": 0.20169000768833598}",0.631,100,"{""0"": 35, ""2"": 18, ""1"": 19, ""3"": 28}",78921,6.23,144.34,23.16,1.4434,16.05,1,2002,2003
1000,2026-01-25T21:19:42.102364,6.75,"{""Fast-Inference"": 0.40621382776748444, ""Standard-Inference"": 0.21730991464241908, ""Complex-Inference"": 0.17198551470019752, ""Ensemble-Inference"": 0.20449074288989896}",0.774,100,"{""1"": 21, ""0"": 44, ""2"": 16, ""3"": 19}",63770,5.93,140.59,23.7,1.4059,16.86,1,2004,2005
