simulation_id,timestamp,arrival_rate,expert_weights,complexity_sigma,tx_count,tx_by_model,total_bytes,duration_s,energy_j,power_w,j_per_tx,tx_per_second,blocks_used,start_block,end_block
1,2026-01-25T14:27:00.304014,17.01,"{""Fast"": 0.49602154791945696, ""Standard"": 0.2799187653549828, ""Complex"": 0.1777775044361199, ""Ensemble"": 0.04628218228944043}",0.973,99,"{""1"": 32, ""2"": 17, ""0"": 48, ""3"": 2}",49236,6.23,156.0,25.05,1.5757,15.9,1,6,7
2,2026-01-25T14:27:12.108075,21.42,"{""Fast"": 0.465019345192351, ""Standard"": 0.3140975914159897, ""Complex"": 0.173031703284052, ""Ensemble"": 0.0478513601076073}",0.869,100,"{""1"": 28, ""0"": 49, ""2"": 16, ""3"": 7}",50816,5.92,141.15,23.83,1.4115,16.88,1,8,9
3,2026-01-25T14:27:24.101178,20.56,"{""Fast"": 0.5020034605896938, ""Standard"": 0.3020776334327744, ""Complex"": 0.14667592313981945, ""Ensemble"": 0.049242982837712515}",0.827,100,"{""0"": 48, ""2"": 20, ""1"": 28, ""3"": 4}",48942,5.92,141.16,23.83,1.4116,16.88,1,10,11
4,2026-01-25T14:27:36.248424,27.01,"{""Fast"": 0.49394311259118995, ""Standard"": 0.29668572962240575, ""Complex"": 0.15966467592484446, ""Ensemble"": 0.04970648186155981}",0.717,79,"{""0"": 45, ""2"": 13, ""1"": 21}",30085,6.19,145.67,23.54,1.844,12.76,1,12,13
5,2026-01-25T14:27:48.286314,7.38,"{""Fast"": 0.5033823625506231, ""Standard"": 0.31257708334238893, ""Complex"": 0.1409295983914009, ""Ensemble"": 0.04311095571558711}",0.798,96,"{""0"": 55, ""1"": 29, ""3"": 3, ""2"": 9}",38529,6.22,145.92,23.45,1.52,15.43,1,14,15
6,2026-01-25T14:28:00.117484,8.51,"{""Fast"": 0.4988676145962481, ""Standard"": 0.29127643212496973, ""Complex"": 0.16190394780970765, ""Ensemble"": 0.04795200546907453}",0.693,98,"{""0"": 44, ""2"": 22, ""3"": 12, ""1"": 20}",54515,5.92,150.2,25.38,1.5326,16.56,1,16,17
7,2026-01-25T14:28:12.319847,25.29,"{""Fast"": 0.48807446663671644, ""Standard"": 0.31756029653654316, ""Complex"": 0.14575461798677936, ""Ensemble"": 0.048610618839960894}",0.749,100,"{""1"": 33, ""0"": 46, ""3"": 4, ""2"": 17}",44472,6.23,181.98,29.23,1.8198,16.06,1,18,19
8,2026-01-25T14:28:24.311078,9.59,"{""Fast"": 0.5079767788035219, ""Standard"": 0.2893807004610488, ""Complex"": 0.15588922854979845, ""Ensemble"": 0.04675329218563089}",0.599,89,"{""3"": 6, ""0"": 45, ""2"": 14, ""1"": 24}",38264,6.21,163.06,26.27,1.8322,14.34,1,20,21
9,2026-01-25T14:28:36.086689,19.86,"{""Fast"": 0.47041668506298695, ""Standard"": 0.3290738229087047, ""Complex"": 0.14674888390599386, ""Ensemble"": 0.05376060812231439}",0.316,99,"{""1"": 33, ""0"": 51, ""2"": 11, ""3"": 4}",39326,5.92,141.44,23.89,1.4286,16.72,1,22,23
10,2026-01-25T14:28:48.295836,26.63,"{""Fast"": 0.4881801752653904, ""Standard"": 0.30987050136821026, ""Complex"": 0.15715232464250267, ""Ensemble"": 0.04479699872389664}",0.502,90,"{""0"": 50, ""2"": 14, ""1"": 22, ""3"": 4}",41213,6.21,148.68,23.94,1.652,14.49,1,24,25
11,2026-01-25T14:29:00.129411,8.45,"{""Fast"": 0.5212639986347857, ""Standard"": 0.27357469457714223, ""Complex"": 0.15244696159176285, ""Ensemble"": 0.05271434519630909}",0.353,95,"{""0"": 47, ""1"": 29, ""3"": 8, ""2"": 11}",42185,5.92,145.86,24.65,1.5354,16.06,1,26,27
12,2026-01-25T14:29:12.137490,27.54,"{""Fast"": 0.509931303297935, ""Standard"": 0.2726022908641214, ""Complex"": 0.16898194654737908, ""Ensemble"": 0.04848445929056447}",0.923,100,"{""0"": 51, ""1"": 22, ""2"": 21, ""3"": 6}",52443,5.93,141.49,23.87,1.4149,16.87,1,28,29
13,2026-01-25T14:29:24.140030,9.89,"{""Fast"": 0.46369765682243125, ""Standard"": 0.33738366510373013, ""Complex"": 0.15276744855529006, ""Ensemble"": 0.046151229518548546}",0.37,100,"{""0"": 44, ""1"": 34, ""3"": 7, ""2"": 15}",45000,5.94,182.62,30.76,1.8262,16.85,1,30,31
14,2026-01-25T14:29:36.343995,12.37,"{""Fast"": 0.5277383868509633, ""Standard"": 0.28358734714729866, ""Complex"": 0.1444348883242821, ""Ensemble"": 0.044239377677455886}",0.337,100,"{""0"": 61, ""1"": 28, ""2"": 10, ""3"": 1}",36230,6.23,162.72,26.12,1.6272,16.05,1,32,33
15,2026-01-25T14:29:48.350709,19.11,"{""Fast"": 0.4725348940808723, ""Standard"": 0.32244256614358535, ""Complex"": 0.15050730511253885, ""Ensemble"": 0.05451523466300353}",0.817,100,"{""1"": 32, ""2"": 11, ""0"": 49, ""3"": 8}",50139,6.23,166.51,26.74,1.6651,16.06,1,34,35
16,2026-01-25T14:30:00.094979,16.94,"{""Fast"": 0.4501421916070766, ""Standard"": 0.3458067091873793, ""Complex"": 0.1588989956542947, ""Ensemble"": 0.045152103551249316}",0.81,82,"{""1"": 30, ""2"": 14, ""0"": 35, ""3"": 3}",33419,5.89,148.64,25.22,1.8127,13.92,1,36,37
17,2026-01-25T14:30:12.308756,24.59,"{""Fast"": 0.49681194941553836, ""Standard"": 0.3174937794126557, ""Complex"": 0.1449163008204721, ""Ensemble"": 0.040777970351333764}",0.36,100,"{""0"": 53, ""2"": 12, ""3"": 6, ""1"": 29}",38798,6.23,149.93,24.08,1.4993,16.06,1,38,39
18,2026-01-25T14:30:24.317233,10.78,"{""Fast"": 0.5299164708672327, ""Standard"": 0.2650282073643524, ""Complex"": 0.1482313808627962, ""Ensemble"": 0.056823940905618785}",0.857,96,"{""2"": 16, ""0"": 58, ""3"": 3, ""1"": 19}",44450,6.22,150.06,24.13,1.5631,15.44,1,40,41
19,2026-01-25T14:30:36.074049,11.76,"{""Fast"": 0.5169326491824041, ""Standard"": 0.2914175338988428, ""Complex"": 0.1372324432833841, ""Ensemble"": 0.05441737363536896}",0.387,97,"{""2"": 14, ""0"": 51, ""1"": 29, ""3"": 3}",37821,5.92,143.94,24.32,1.484,16.39,1,42,43
20,2026-01-25T14:30:48.107861,26.49,"{""Fast"": 0.4762961923670222, ""Standard"": 0.28519069907682687, ""Complex"": 0.18315312661124633, ""Ensemble"": 0.05535998194490463}",0.974,100,"{""0"": 50, ""1"": 30, ""2"": 18, ""3"": 2}",48404,5.93,142.47,24.03,1.4247,16.87,1,44,45
21,2026-01-25T14:31:00.303166,13.22,"{""Fast"": 0.46196411592111547, ""Standard"": 0.3165069906723028, ""Complex"": 0.17521889108688873, ""Ensemble"": 0.04631000231969305}",0.609,100,"{""1"": 28, ""0"": 49, ""2"": 20, ""3"": 3}",42358,6.23,153.72,24.69,1.5372,16.06,1,46,47
22,2026-01-25T14:31:12.073861,11.7,"{""Fast"": 0.5232989459889225, ""Standard"": 0.2875319162496696, ""Complex"": 0.14171781988809218, ""Ensemble"": 0.04745131787331574}",0.851,92,"{""2"": 16, ""0"": 48, ""1"": 25, ""3"": 3}",44247,5.91,145.88,24.69,1.5857,15.57,1,48,49
23,2026-01-25T14:31:24.135544,26.76,"{""Fast"": 0.47601406988649386, ""Standard"": 0.3338871946087553, ""Complex"": 0.13459733278395256, ""Ensemble"": 0.05550140272079823}",0.54,95,"{""0"": 45, ""1"": 33, ""2"": 11, ""3"": 6}",39058,5.92,143.3,24.21,1.5085,16.05,1,50,51
24,2026-01-25T14:31:36.104895,14.63,"{""Fast"": 0.47283287645159894, ""Standard"": 0.3177675450761904, ""Complex"": 0.15785914872113968, ""Ensemble"": 0.05154042975107089}",0.958,100,"{""1"": 36, ""3"": 7, ""0"": 48, ""2"": 9}",50132,5.92,145.28,24.53,1.4528,16.88,1,52,53
25,2026-01-25T14:31:48.324744,27.34,"{""Fast"": 0.5142470387194169, ""Standard"": 0.2883196251573269, ""Complex"": 0.1539265984360092, ""Ensemble"": 0.04350673768724708}",0.6,70,"{""1"": 19, ""0"": 37, ""3"": 5, ""2"": 9}",32093,6.18,149.38,24.19,2.134,11.33,1,54,55
26,2026-01-25T14:32:00.091805,14.58,"{""Fast"": 0.4574799584076653, ""Standard"": 0.31185758044998724, ""Complex"": 0.17261723682595637, ""Ensemble"": 0.05804522431639106}",0.999,100,"{""1"": 26, ""3"": 10, ""0"": 57, ""2"": 7}",49051,5.92,146.49,24.74,1.4649,16.89,1,56,57
27,2026-01-25T14:32:12.100665,26.08,"{""Fast"": 0.43516017773169163, ""Standard"": 0.3410305751314606, ""Complex"": 0.16962753891099605, ""Ensemble"": 0.05418170822585159}",0.555,98,"{""0"": 43, ""1"": 37, ""2"": 10, ""3"": 8}",47231,5.92,141.8,23.95,1.4469,16.55,1,58,59
28,2026-01-25T14:32:24.107393,24.39,"{""Fast"": 0.5294082243484309, ""Standard"": 0.2823944520789264, ""Complex"": 0.13807490140695533, ""Ensemble"": 0.0501224221656873}",0.689,95,"{""1"": 28, ""0"": 56, ""2"": 10, ""3"": 1}",32100,5.92,140.44,23.74,1.4783,16.06,1,60,61
29,2026-01-25T14:32:36.120591,12.58,"{""Fast"": 0.4988943830345637, ""Standard"": 0.28479985475060277, ""Complex"": 0.1682652928556518, ""Ensemble"": 0.04804046935918186}",0.506,97,"{""0"": 45, ""1"": 31, ""2"": 19, ""3"": 2}",42753,5.92,139.79,23.61,1.4411,16.38,1,62,63
30,2026-01-25T14:32:48.085732,8.71,"{""Fast"": 0.5154358341326397, ""Standard"": 0.29737800941920883, ""Complex"": 0.14323408143925545, ""Ensemble"": 0.04395207500889587}",0.325,88,"{""0"": 46, ""1"": 23, ""2"": 12, ""3"": 7}",38000,5.91,144.56,24.48,1.6427,14.9,1,64,65
31,2026-01-25T14:33:00.130893,25.63,"{""Fast"": 0.5143634853186223, ""Standard"": 0.30682287124671875, ""Complex"": 0.13394475520692903, ""Ensemble"": 0.04486888822772987}",0.522,100,"{""0"": 45, ""1"": 31, ""3"": 10, ""2"": 14}",50077,5.93,152.76,25.78,1.5276,16.88,1,66,67
32,2026-01-25T14:33:12.306042,5.39,"{""Fast"": 0.5188564453442982, ""Standard"": 0.2676955252928081, ""Complex"": 0.15861281016672674, ""Ensemble"": 0.05483521919616699}",0.484,88,"{""2"": 16, ""0"": 47, ""1"": 19, ""3"": 6}",38552,6.21,150.72,24.28,1.7127,14.18,1,68,69
33,2026-01-25T14:33:24.122227,26.17,"{""Fast"": 0.48631993931807344, ""Standard"": 0.306094544221907, ""Complex"": 0.1605317458313184, ""Ensemble"": 0.0470537706287012}",0.772,100,"{""1"": 31, ""0"": 49, ""3"": 4, ""2"": 16}",47285,5.92,141.98,23.97,1.4198,16.88,1,70,71
34,2026-01-25T14:33:36.112634,22.47,"{""Fast"": 0.4530135893867742, ""Standard"": 0.3035038734812891, ""Complex"": 0.18255468770033395, ""Ensemble"": 0.06092784943160273}",0.708,93,"{""0"": 38, ""1"": 35, ""3"": 4, ""2"": 16}",44698,5.91,143.56,24.31,1.5437,15.75,1,72,73
35,2026-01-25T14:33:48.340187,27.82,"{""Fast"": 0.5048785323335128, ""Standard"": 0.3117436472790951, ""Complex"": 0.13552600262779488, ""Ensemble"": 0.04785181775959723}",0.395,100,"{""2"": 19, ""0"": 43, ""1"": 31, ""3"": 7}",50646,6.23,155.01,24.9,1.5501,16.06,1,74,75
36,2026-01-25T14:34:00.371539,20.97,"{""Fast"": 0.5353707653674425, ""Standard"": 0.28398455618949814, ""Complex"": 0.1346607649352504, ""Ensemble"": 0.04598391350780887}",0.542,100,"{""0"": 65, ""1"": 24, ""3"": 5, ""2"": 6}",35454,6.23,152.8,24.54,1.528,16.06,1,76,77
37,2026-01-25T14:34:12.096853,19.25,"{""Fast"": 0.5054906492395927, ""Standard"": 0.2940185063701906, ""Complex"": 0.15622133567732102, ""Ensemble"": 0.04426950871289567}",0.494,100,"{""0"": 45, ""2"": 20, ""1"": 27, ""3"": 8}",52099,5.92,146.5,24.73,1.465,16.88,1,78,79
38,2026-01-25T14:34:24.304761,22.01,"{""Fast"": 0.46343261329767615, ""Standard"": 0.32501266347702024, ""Complex"": 0.15838096711244054, ""Ensemble"": 0.05317375611286316}",0.307,97,"{""1"": 26, ""3"": 6, ""0"": 47, ""2"": 18}",44483,6.22,149.04,23.95,1.5365,15.59,1,80,81
39,2026-01-25T14:34:36.302520,24.55,"{""Fast"": 0.4735377677595842, ""Standard"": 0.31002711867615845, ""Complex"": 0.16318612563926524, ""Ensemble"": 0.05324898792499208}",0.635,92,"{""1"": 30, ""0"": 40, ""3"": 5, ""2"": 17}",43124,6.21,148.64,23.93,1.6157,14.81,1,82,83
40,2026-01-25T14:34:48.073278,16.06,"{""Fast"": 0.506746879654554, ""Standard"": 0.2916838563572063, ""Complex"": 0.1508811635601773, ""Ensemble"": 0.05068810042806237}",0.472,100,"{""0"": 56, ""1"": 29, ""2"": 12, ""3"": 3}",43574,5.92,141.4,23.87,1.414,16.88,1,84,85
41,2026-01-25T14:35:00.283523,11.59,"{""Fast"": 0.4567951367236372, ""Standard"": 0.3478463189587679, ""Complex"": 0.14411735927318547, ""Ensemble"": 0.05124118504440943}",0.97,88,"{""0"": 42, ""1"": 28, ""2"": 13, ""3"": 5}",48513,6.21,151.73,24.44,1.7243,14.17,1,86,87
42,2026-01-25T14:35:12.118788,18.79,"{""Fast"": 0.49621605082663867, ""Standard"": 0.31424040554211624, ""Complex"": 0.13556277773406994, ""Ensemble"": 0.053980765897175084}",0.73,91,"{""1"": 24, ""0"": 47, ""2"": 18, ""3"": 2}",48676,5.91,145.38,24.6,1.5975,15.4,1,88,89
43,2026-01-25T14:35:24.355195,20.56,"{""Fast"": 0.477300880408371, ""Standard"": 0.3124930330208994, ""Complex"": 0.1669750170041279, ""Ensemble"": 0.0432310695666017}",0.519,100,"{""0"": 49, ""1"": 30, ""2"": 16, ""3"": 5}",44814,6.23,148.53,23.85,1.4853,16.06,1,90,91
44,2026-01-25T14:35:36.128167,27.14,"{""Fast"": 0.45874172838753063, ""Standard"": 0.34233492226157713, ""Complex"": 0.15259522264652417, ""Ensemble"": 0.046328126704368026}",0.737,100,"{""1"": 37, ""0"": 47, ""2"": 15, ""3"": 1}",39815,5.93,143.43,24.2,1.4343,16.87,1,92,93
45,2026-01-25T14:35:48.366864,26.07,"{""Fast"": 0.4935040787164586, ""Standard"": 0.2941426154168912, ""Complex"": 0.16209436535082752, ""Ensemble"": 0.05025894051582267}",0.44,100,"{""1"": 33, ""0"": 49, ""3"": 7, ""2"": 11}",42507,6.23,147.27,23.63,1.4727,16.05,1,94,95
46,2026-01-25T14:36:00.094302,21.18,"{""Fast"": 0.5239661721510717, ""Standard"": 0.2994403394085371, ""Complex"": 0.13266773649013675, ""Ensemble"": 0.04392575195025439}",0.354,100,"{""1"": 42, ""0"": 44, ""2"": 8, ""3"": 6}",40820,5.92,144.63,24.42,1.4463,16.88,1,96,97
47,2026-01-25T14:36:12.372250,15.09,"{""Fast"": 0.5520916616409554, ""Standard"": 0.2593997495268222, ""Complex"": 0.13894812325425132, ""Ensemble"": 0.04956046557797106}",0.677,100,"{""0"": 51, ""1"": 31, ""2"": 14, ""3"": 4}",44616,6.23,149.32,23.97,1.4932,16.05,1,98,99
48,2026-01-25T14:36:24.291716,7.81,"{""Fast"": 0.5044802369694187, ""Standard"": 0.306819319395396, ""Complex"": 0.13879579371355627, ""Ensemble"": 0.04990464992162895}",0.678,100,"{""0"": 47, ""1"": 31, ""2"": 18, ""3"": 4}",47971,6.23,148.01,23.77,1.4801,16.06,1,100,101
49,2026-01-25T14:36:36.349470,6.21,"{""Fast"": 0.5387811035283797, ""Standard"": 0.2732854396624, ""Complex"": 0.14091935784051948, ""Ensemble"": 0.047014098968700915}",0.59,94,"{""0"": 53, ""3"": 4, ""2"": 15, ""1"": 22}",42727,6.22,150.05,24.14,1.5962,15.12,1,102,103
50,2026-01-25T14:36:48.127462,5.38,"{""Fast"": 0.5087581522739517, ""Standard"": 0.298982166059944, ""Complex"": 0.13987225150264584, ""Ensemble"": 0.05238743016345849}",0.525,94,"{""1"": 32, ""0"": 50, ""2"": 9, ""3"": 3}",40427,5.91,142.52,24.1,1.5162,15.9,1,104,105
51,2026-01-25T14:37:00.302471,22.16,"{""Fast"": 0.500276541534599, ""Standard"": 0.2881275909105185, ""Complex"": 0.15230335816518867, ""Ensemble"": 0.05929250938969378}",0.869,82,"{""0"": 41, ""2"": 23, ""1"": 16, ""3"": 2}",41116,6.2,154.14,24.87,1.8798,13.23,1,106,107
52,2026-01-25T14:37:12.312440,28.55,"{""Fast"": 0.4729342299699664, ""Standard"": 0.30475211228960586, ""Complex"": 0.16795579327010848, ""Ensemble"": 0.05435786447031917}",0.646,100,"{""2"": 14, ""1"": 35, ""0"": 48, ""3"": 3}",45107,6.23,155.61,24.98,1.5561,16.05,1,108,109
53,2026-01-25T14:37:24.300465,23.05,"{""Fast"": 0.5094375759325941, ""Standard"": 0.2836101499588132, ""Complex"": 0.1538892346120198, ""Ensemble"": 0.05306303949657299}",0.697,95,"{""0"": 41, ""1"": 32, ""2"": 17, ""3"": 5}",45158,6.22,146.27,23.51,1.5396,15.27,1,110,111
54,2026-01-25T14:37:36.071486,18.74,"{""Fast"": 0.49604172890412546, ""Standard"": 0.3271563194313271, ""Complex"": 0.129492792488177, ""Ensemble"": 0.04730915917637036}",0.408,96,"{""1"": 30, ""0"": 51, ""3"": 6, ""2"": 9}",40197,5.92,141.5,23.91,1.4739,16.22,1,112,113
55,2026-01-25T14:37:48.305399,14.32,"{""Fast"": 0.5369313458376126, ""Standard"": 0.28553652164241977, ""Complex"": 0.13251362700582575, ""Ensemble"": 0.04501850551414194}",0.51,100,"{""0"": 56, ""2"": 17, ""1"": 24, ""3"": 3}",42102,6.23,147.45,23.68,1.4745,16.06,1,114,115
56,2026-01-25T14:38:00.295468,12.46,"{""Fast"": 0.5093431153829109, ""Standard"": 0.2930542185535143, ""Complex"": 0.1555023405422395, ""Ensemble"": 0.042100325521335434}",0.913,100,"{""1"": 32, ""0"": 53, ""2"": 14, ""3"": 1}",45893,6.23,158.02,25.37,1.5802,16.05,1,116,117
57,2026-01-25T14:38:12.144255,21.3,"{""Fast"": 0.4680136945030336, ""Standard"": 0.2903099603115948, ""Complex"": 0.18416516200809377, ""Ensemble"": 0.05751118317727789}",0.973,100,"{""1"": 21, ""0"": 52, ""2"": 23, ""3"": 4}",47162,5.93,145.28,24.51,1.4528,16.87,1,118,119
58,2026-01-25T14:38:24.085634,24.09,"{""Fast"": 0.5363469867464024, ""Standard"": 0.2741709876173907, ""Complex"": 0.14510166783235584, ""Ensemble"": 0.04438035780385109}",0.966,91,"{""3"": 5, ""0"": 49, ""1"": 21, ""2"": 16}",45401,5.91,142.46,24.09,1.5654,15.39,1,120,121
59,2026-01-25T14:38:36.320861,8.17,"{""Fast"": 0.4671774262020904, ""Standard"": 0.3221912967276986, ""Complex"": 0.16579619095993264, ""Ensemble"": 0.04483508611027842}",0.694,97,"{""1"": 30, ""0"": 46, ""2"": 17, ""3"": 4}",47379,6.22,148.55,23.88,1.5315,15.59,1,122,123
60,2026-01-25T14:38:48.122312,23.18,"{""Fast"": 0.46379028649944215, ""Standard"": 0.33548901004721143, ""Complex"": 0.15195100922637841, ""Ensemble"": 0.04876969422696792}",0.492,100,"{""1"": 31, ""2"": 19, ""0"": 47, ""3"": 3}",45485,5.93,140.62,23.73,1.4062,16.88,1,124,125
61,2026-01-25T14:39:00.112511,11.55,"{""Fast"": 0.5330759405715091, ""Standard"": 0.2607721090642377, ""Complex"": 0.15739088713115573, ""Ensemble"": 0.04876106323309752}",0.321,100,"{""0"": 47, ""1"": 38, ""2"": 10, ""3"": 5}",40883,5.92,149.41,25.22,1.4941,16.88,1,126,127
62,2026-01-25T14:39:12.120020,6.03,"{""Fast"": 0.5180554849420763, ""Standard"": 0.2826989665321794, ""Complex"": 0.1584237045136439, ""Ensemble"": 0.04082184401210024}",0.769,100,"{""0"": 54, ""2"": 12, ""3"": 5, ""1"": 29}",42723,5.92,142.08,23.98,1.4208,16.88,1,128,129
63,2026-01-25T14:39:24.135358,12.98,"{""Fast"": 0.49192571850923444, ""Standard"": 0.3028085254059803, ""Complex"": 0.15369236973616268, ""Ensemble"": 0.05157338634862264}",0.711,100,"{""0"": 47, ""2"": 13, ""1"": 34, ""3"": 6}",47564,5.93,140.7,23.74,1.407,16.87,1,130,131
64,2026-01-25T14:39:36.111182,18.96,"{""Fast"": 0.4694745140184944, ""Standard"": 0.3046919722580924, ""Complex"": 0.180005690960081, ""Ensemble"": 0.04582782276333219}",0.398,88,"{""1"": 30, ""0"": 40, ""2"": 14, ""3"": 4}",41152,5.91,142.0,24.04,1.6136,14.9,1,132,133
65,2026-01-25T14:39:48.349796,20.1,"{""Fast"": 0.5158541331186219, ""Standard"": 0.2900694926852943, ""Complex"": 0.1520928579713052, ""Ensemble"": 0.041983516224778694}",0.578,100,"{""2"": 17, ""0"": 55, ""3"": 2, ""1"": 26}",36429,6.23,149.54,24.0,1.4954,16.05,1,134,135
66,2026-01-25T14:40:00.340356,6.93,"{""Fast"": 0.5104345069743884, ""Standard"": 0.30711716224459173, ""Complex"": 0.13253661365818126, ""Ensemble"": 0.049911717122838546}",0.566,94,"{""0"": 51, ""3"": 4, ""2"": 16, ""1"": 23}",44751,6.22,152.98,24.61,1.6275,15.12,1,136,137
67,2026-01-25T14:40:12.305260,24.21,"{""Fast"": 0.4960612733485825, ""Standard"": 0.3175495066688382, ""Complex"": 0.13836371985004395, ""Ensemble"": 0.048025500132535315}",0.401,100,"{""2"": 18, ""1"": 34, ""0"": 44, ""3"": 4}",46499,6.23,155.27,24.92,1.5527,16.05,1,138,139
68,2026-01-25T14:40:24.302061,11.04,"{""Fast"": 0.5175445671339675, ""Standard"": 0.29120795191690046, ""Complex"": 0.13990329985024225, ""Ensemble"": 0.051344181098889934}",0.533,100,"{""1"": 27, ""3"": 3, ""2"": 19, ""0"": 51}",42526,6.23,148.88,23.9,1.4888,16.05,1,140,141
69,2026-01-25T14:40:36.137669,19.85,"{""Fast"": 0.4911182233255073, ""Standard"": 0.31470117695334865, ""Complex"": 0.13795586024333303, ""Ensemble"": 0.05622473947781113}",0.799,100,"{""1"": 30, ""0"": 50, ""2"": 15, ""3"": 5}",47705,5.93,142.29,24.01,1.4229,16.87,1,142,143
70,2026-01-25T14:40:48.294789,28.1,"{""Fast"": 0.5027339717675193, ""Standard"": 0.27829792458237346, ""Complex"": 0.17375105348055878, ""Ensemble"": 0.04521705016954837}",0.65,100,"{""0"": 49, ""1"": 25, ""2"": 22, ""3"": 4}",53727,6.23,146.9,23.57,1.469,16.05,1,144,145
71,2026-01-25T14:41:00.299919,26.46,"{""Fast"": 0.5108672860352153, ""Standard"": 0.3095359813768686, ""Complex"": 0.13726914418897468, ""Ensemble"": 0.04232758839894128}",0.623,98,"{""0"": 52, ""1"": 29, ""2"": 14, ""3"": 3}",43351,6.22,155.6,25.0,1.5878,15.74,1,146,147
72,2026-01-25T14:41:12.143542,20.49,"{""Fast"": 0.5277950511662184, ""Standard"": 0.2776603291478985, ""Complex"": 0.15079003272475344, ""Ensemble"": 0.04375458696112961}",0.483,100,"{""1"": 24, ""0"": 55, ""2"": 17, ""3"": 4}",45442,5.93,143.56,24.22,1.4356,16.87,1,148,149
73,2026-01-25T14:41:24.287805,9.36,"{""Fast"": 0.49409882194992505, ""Standard"": 0.2921812854925331, ""Complex"": 0.15729987529608933, ""Ensemble"": 0.0564200172614525}",0.636,100,"{""1"": 35, ""0"": 45, ""2"": 10, ""3"": 10}",49711,6.22,147.34,23.68,1.4734,16.07,1,150,151
74,2026-01-25T14:41:36.128902,16.41,"{""Fast"": 0.518857899261741, ""Standard"": 0.28938727462875424, ""Complex"": 0.14951818139079645, ""Ensemble"": 0.042236644718708305}",0.308,100,"{""1"": 26, ""3"": 5, ""2"": 12, ""0"": 57}",38237,5.92,145.6,24.58,1.456,16.88,1,152,153
75,2026-01-25T14:41:48.123773,26.03,"{""Fast"": 0.5306451879326087, ""Standard"": 0.2587539084212643, ""Complex"": 0.15686445907153201, ""Ensemble"": 0.05373644457459515}",0.367,95,"{""0"": 39, ""2"": 24, ""1"": 26, ""3"": 6}",44460,5.92,141.94,23.99,1.4941,16.06,1,154,155
76,2026-01-25T14:42:00.076120,11.74,"{""Fast"": 0.4708187051512605, ""Standard"": 0.32119546006276284, ""Complex"": 0.1629317433954831, ""Ensemble"": 0.045054091390493496}",0.367,85,"{""1"": 34, ""0"": 41, ""3"": 2, ""2"": 8}",29868,5.9,143.7,24.35,1.6906,14.41,1,156,157
77,2026-01-25T14:42:12.140412,21.46,"{""Fast"": 0.5210442907114415, ""Standard"": 0.2872636912852293, ""Complex"": 0.13469594084071979, ""Ensemble"": 0.0569960771626094}",0.428,100,"{""0"": 61, ""2"": 15, ""1"": 18, ""3"": 6}",43709,5.93,142.35,24.02,1.4235,16.87,1,158,159
78,2026-01-25T14:42:24.277634,8.4,"{""Fast"": 0.49667495754581337, ""Standard"": 0.28629972284859095, ""Complex"": 0.1696148287851628, ""Ensemble"": 0.04741049082043298}",0.468,84,"{""0"": 44, ""1"": 23, ""2"": 15, ""3"": 2}",35814,6.21,149.54,24.1,1.7803,13.54,1,160,161
79,2026-01-25T14:42:36.366242,12.51,"{""Fast"": 0.5276510514459949, ""Standard"": 0.272512868729508, ""Complex"": 0.15218228578962806, ""Ensemble"": 0.047653794034868927}",0.532,100,"{""1"": 22, ""2"": 10, ""0"": 62, ""3"": 6}",36501,6.23,151.02,24.22,1.5102,16.04,1,162,163
80,2026-01-25T14:42:48.365323,27.07,"{""Fast"": 0.5109803160938362, ""Standard"": 0.29486749983814475, ""Complex"": 0.15126953812159855, ""Ensemble"": 0.04288264594642044}",0.605,98,"{""1"": 24, ""3"": 5, ""0"": 58, ""2"": 11}",37841,6.23,149.43,23.99,1.5248,15.73,1,164,165
81,2026-01-25T14:43:00.339608,16.9,"{""Fast"": 0.5243930220206753, ""Standard"": 0.2771544151526609, ""Complex"": 0.1431526741964639, ""Ensemble"": 0.05529988863019987}",0.542,92,"{""0"": 39, ""2"": 22, ""1"": 27, ""3"": 4}",46780,6.21,162.07,26.08,1.7616,14.8,1,166,167
82,2026-01-25T14:43:12.131157,28.06,"{""Fast"": 0.4874974761748103, ""Standard"": 0.3158561635912359, ""Complex"": 0.1442999489771289, ""Ensemble"": 0.05234641125682491}",0.308,100,"{""0"": 47, ""1"": 30, ""2"": 11, ""3"": 12}",45708,5.92,147.4,24.88,1.474,16.88,1,168,169
83,2026-01-25T14:43:24.139284,19.91,"{""Fast"": 0.44988538667954836, ""Standard"": 0.33127702062123493, ""Complex"": 0.16413469128278355, ""Ensemble"": 0.05470290141643331}",0.705,98,"{""1"": 34, ""0"": 45, ""3"": 6, ""2"": 13}",45320,5.92,142.17,24.01,1.4507,16.55,1,170,171
84,2026-01-25T14:43:36.145241,27.7,"{""Fast"": 0.49952782190772405, ""Standard"": 0.3100324565333903, ""Complex"": 0.1501143769147877, ""Ensemble"": 0.04032534464409793}",0.85,100,"{""0"": 59, ""2"": 12, ""1"": 27, ""3"": 2}",36487,5.93,140.7,23.73,1.407,16.87,1,172,173
85,2026-01-25T14:43:48.153934,16.63,"{""Fast"": 0.4619715782917877, ""Standard"": 0.3513953095269848, ""Complex"": 0.13357741536812537, ""Ensemble"": 0.05305569681310213}",0.976,100,"{""0"": 43, ""1"": 36, ""3"": 4, ""2"": 17}",54089,5.92,141.63,23.91,1.4163,16.88,1,174,175
86,2026-01-25T14:44:00.290081,14.58,"{""Fast"": 0.526391865179328, ""Standard"": 0.26645156187163305, ""Complex"": 0.15555021104012276, ""Ensemble"": 0.051606361908916314}",0.538,89,"{""2"": 12, ""0"": 44, ""1"": 28, ""3"": 5}",39266,6.21,150.1,24.17,1.6865,14.33,1,176,177
87,2026-01-25T14:44:12.098435,12.6,"{""Fast"": 0.482916705835099, ""Standard"": 0.3248478417517592, ""Complex"": 0.15014378558927843, ""Ensemble"": 0.042091666823863484}",0.779,100,"{""0"": 45, ""2"": 15, ""1"": 38, ""3"": 2}",42011,5.93,140.08,23.64,1.4008,16.88,1,178,179
88,2026-01-25T14:44:24.103796,16.54,"{""Fast"": 0.5393722817813477, ""Standard"": 0.2510954845463352, ""Complex"": 0.1584119494406764, ""Ensemble"": 0.05112028423164074}",0.962,95,"{""0"": 49, ""2"": 15, ""3"": 7, ""1"": 24}",46779,5.92,141.82,23.97,1.4929,16.06,1,180,181
89,2026-01-25T14:44:36.079517,26.94,"{""Fast"": 0.5249042043136183, ""Standard"": 0.2826841027845341, ""Complex"": 0.13409751543822654, ""Ensemble"": 0.05831417746362106}",0.729,100,"{""0"": 60, ""1"": 23, ""3"": 7, ""2"": 10}",40325,5.93,144.77,24.43,1.4477,16.88,1,182,183
90,2026-01-25T14:44:48.075145,12.47,"{""Fast"": 0.5006630861028195, ""Standard"": 0.28251820477984896, ""Complex"": 0.15592512012610096, ""Ensemble"": 0.06089358899123068}",0.775,100,"{""1"": 27, ""0"": 44, ""3"": 11, ""2"": 18}",51308,5.92,144.34,24.37,1.4434,16.88,1,184,185
91,2026-01-25T14:45:00.369226,8.97,"{""Fast"": 0.4756932679294154, ""Standard"": 0.3357671689792796, ""Complex"": 0.13490365866684256, ""Ensemble"": 0.05363590442446256}",0.717,92,"{""0"": 43, ""2"": 16, ""1"": 25, ""3"": 8}",48850,6.21,151.52,24.39,1.647,14.81,1,186,187
92,2026-01-25T14:45:12.323785,7.69,"{""Fast"": 0.5444831283206313, ""Standard"": 0.2682156745087989, ""Complex"": 0.13414301704820003, ""Ensemble"": 0.05315818012236975}",0.327,100,"{""0"": 61, ""1"": 27, ""2"": 9, ""3"": 3}",33412,6.23,153.47,24.63,1.5347,16.05,1,188,189
93,2026-01-25T14:45:24.341290,20.51,"{""Fast"": 0.5380892937149251, ""Standard"": 0.2803998483416187, ""Complex"": 0.13177745283970066, ""Ensemble"": 0.04973340510375548}",0.393,99,"{""0"": 59, ""2"": 10, ""1"": 25, ""3"": 5}",38752,6.23,147.62,23.71,1.4911,15.9,1,190,191
94,2026-01-25T14:45:36.345761,7.36,"{""Fast"": 0.5242281343717743, ""Standard"": 0.28437304284103077, ""Complex"": 0.14503377433906303, ""Ensemble"": 0.04636504844813198}",0.885,100,"{""0"": 54, ""2"": 18, ""1"": 22, ""3"": 6}",51961,6.23,155.57,24.98,1.5557,16.06,1,192,193
95,2026-01-25T14:45:48.084227,22.65,"{""Fast"": 0.5415229841053962, ""Standard"": 0.2579365922438428, ""Complex"": 0.15064074286172707, ""Ensemble"": 0.049899680789033986}",0.572,99,"{""2"": 12, ""0"": 53, ""1"": 28, ""3"": 6}",43781,5.93,139.46,23.53,1.4087,16.7,1,194,195
96,2026-01-25T14:46:00.098454,18.94,"{""Fast"": 0.4902108791771618, ""Standard"": 0.3093616283651942, ""Complex"": 0.15364450741940924, ""Ensemble"": 0.04678298503823473}",0.998,100,"{""0"": 48, ""3"": 7, ""1"": 33, ""2"": 12}",54279,5.92,145.81,24.61,1.4581,16.88,1,196,197
97,2026-01-25T14:46:12.132244,14.78,"{""Fast"": 0.5093908925904524, ""Standard"": 0.2858177903567594, ""Complex"": 0.14871492259215574, ""Ensemble"": 0.05607639446063231}",0.994,93,"{""1"": 31, ""0"": 46, ""2"": 12, ""3"": 4}",39702,5.91,144.65,24.46,1.5554,15.73,1,198,199
98,2026-01-25T14:46:24.113495,27.87,"{""Fast"": 0.4544623110676035, ""Standard"": 0.3603585650541505, ""Complex"": 0.1335732301427836, ""Ensemble"": 0.051605893735462365}",0.703,100,"{""1"": 34, ""0"": 51, ""2"": 11, ""3"": 4}",40875,5.92,143.48,24.22,1.4348,16.88,1,200,201
99,2026-01-25T14:46:36.283489,21.74,"{""Fast"": 0.5159183684011384, ""Standard"": 0.2881900144652278, ""Complex"": 0.14707462794246265, ""Ensemble"": 0.04881698919117115}",0.451,94,"{""1"": 35, ""0"": 36, ""3"": 5, ""2"": 18}",45590,6.22,147.15,23.66,1.5654,15.11,1,202,203
100,2026-01-25T14:46:48.128406,13.81,"{""Fast"": 0.521193795693934, ""Standard"": 0.31266307017614253, ""Complex"": 0.12419750553756481, ""Ensemble"": 0.04194562859235855}",0.365,100,"{""0"": 49, ""1"": 33, ""3"": 4, ""2"": 14}",39457,5.93,140.7,23.72,1.407,16.86,1,204,205
101,2026-01-25T14:47:00.282987,5.27,"{""Fast"": 0.4510722047998043, ""Standard"": 0.33932758663441914, ""Complex"": 0.16440334436715281, ""Ensemble"": 0.0451968641986239}",0.6,95,"{""0"": 56, ""1"": 20, ""2"": 17, ""3"": 2}",38664,6.22,156.76,25.21,1.6501,15.28,1,206,207
102,2026-01-25T14:47:12.307395,22.7,"{""Fast"": 0.5061534152534067, ""Standard"": 0.30211344980870003, ""Complex"": 0.1454591207923361, ""Ensemble"": 0.046274014145557166}",0.819,96,"{""0"": 52, ""3"": 5, ""1"": 23, ""2"": 16}",48256,6.22,146.91,23.62,1.5303,15.43,1,208,209
103,2026-01-25T14:47:24.284535,15.37,"{""Fast"": 0.5099233138376251, ""Standard"": 0.3003327490738359, ""Complex"": 0.13931282848192517, ""Ensemble"": 0.05043110860661388}",0.729,92,"{""1"": 26, ""2"": 13, ""0"": 48, ""3"": 5}",36098,6.22,152.61,24.53,1.6588,14.79,1,210,211
104,2026-01-25T14:47:36.114587,8.88,"{""Fast"": 0.5013285153221037, ""Standard"": 0.3032817044266732, ""Complex"": 0.148019468780355, ""Ensemble"": 0.04737031147086831}",0.446,100,"{""1"": 30, ""0"": 45, ""3"": 8, ""2"": 17}",47974,5.92,143.01,24.14,1.4301,16.88,1,212,213
105,2026-01-25T14:47:48.148658,15.12,"{""Fast"": 0.5222081540843823, ""Standard"": 0.30138283901376145, ""Complex"": 0.12483458485683899, ""Ensemble"": 0.051574422045017304}",0.513,100,"{""1"": 28, ""3"": 2, ""0"": 57, ""2"": 13}",36486,5.93,140.13,23.64,1.4013,16.87,1,214,215
106,2026-01-25T14:48:00.311032,19.48,"{""Fast"": 0.5151169593697894, ""Standard"": 0.2929597754041923, ""Complex"": 0.14784920754061154, ""Ensemble"": 0.044074057685406676}",0.966,100,"{""0"": 50, ""2"": 17, ""1"": 24, ""3"": 9}",57655,6.22,153.02,24.59,1.5302,16.07,1,216,217
107,2026-01-25T14:48:12.074021,5.86,"{""Fast"": 0.5011679918637285, ""Standard"": 0.2793789695256988, ""Complex"": 0.16114793311260037, ""Ensemble"": 0.0583051054979724}",0.345,100,"{""0"": 55, ""2"": 16, ""3"": 4, ""1"": 25}",40209,5.93,141.01,23.79,1.4101,16.87,1,218,219
108,2026-01-25T14:48:24.090343,24.42,"{""Fast"": 0.4955879560034746, ""Standard"": 0.32750891614832944, ""Complex"": 0.12477322193927202, ""Ensemble"": 0.05212990590892399}",0.311,100,"{""1"": 24, ""0"": 51, ""2"": 18, ""3"": 7}",46476,5.92,142.17,24.0,1.4217,16.88,1,220,221
109,2026-01-25T14:48:36.111385,10.48,"{""Fast"": 0.46779046694850185, ""Standard"": 0.33964791740706257, ""Complex"": 0.13685797218572388, ""Ensemble"": 0.055703643458711746}",0.552,85,"{""0"": 32, ""1"": 27, ""2"": 18, ""3"": 8}",49517,5.9,141.78,24.03,1.6681,14.4,1,222,223
110,2026-01-25T14:48:48.345096,5.55,"{""Fast"": 0.4671982518321978, ""Standard"": 0.3122684165719599, ""Complex"": 0.17190679327596603, ""Ensemble"": 0.04862653831987634}",0.359,100,"{""0"": 45, ""1"": 31, ""2"": 20, ""3"": 4}",46306,6.23,148.8,23.88,1.488,16.05,1,224,225
111,2026-01-25T14:49:00.373614,9.36,"{""Fast"": 0.45558701049518285, ""Standard"": 0.35149651108334035, ""Complex"": 0.13460035716107668, ""Ensemble"": 0.058316121260400144}",0.871,100,"{""0"": 45, ""3"": 8, ""1"": 37, ""2"": 10}",45753,6.23,154.37,24.79,1.5437,16.06,1,226,227
112,2026-01-25T14:49:12.075724,21.41,"{""Fast"": 0.4887575628649874, ""Standard"": 0.32932386338771147, ""Complex"": 0.14007514225715093, ""Ensemble"": 0.04184343149015008}",0.51,100,"{""1"": 33, ""2"": 11, ""3"": 3, ""0"": 53}",40054,5.92,143.49,24.22,1.4349,16.88,1,228,229
113,2026-01-25T14:49:24.096152,19.71,"{""Fast"": 0.47552916684531826, ""Standard"": 0.3274514968839027, ""Complex"": 0.14897493956046554, ""Ensemble"": 0.04804439671031359}",0.472,100,"{""0"": 41, ""1"": 43, ""3"": 7, ""2"": 9}",42708,5.92,143.03,24.16,1.4303,16.89,1,230,231
114,2026-01-25T14:49:36.146581,18.59,"{""Fast"": 0.49770942539718793, ""Standard"": 0.2909264335507405, ""Complex"": 0.1586633958339381, ""Ensemble"": 0.052700745218133435}",0.95,100,"{""2"": 24, ""0"": 43, ""1"": 25, ""3"": 8}",59909,5.93,141.13,23.8,1.4113,16.86,1,232,233
115,2026-01-25T14:49:48.300519,9.5,"{""Fast"": 0.48659533250891146, ""Standard"": 0.32641124022918566, ""Complex"": 0.13898317877351174, ""Ensemble"": 0.04801024848839124}",0.859,94,"{""0"": 49, ""1"": 25, ""2"": 15, ""3"": 5}",43941,6.22,155.04,24.94,1.6494,15.12,1,234,235
116,2026-01-25T14:50:00.150742,7.2,"{""Fast"": 0.511894393016898, ""Standard"": 0.29954148672767966, ""Complex"": 0.13666729943010603, ""Ensemble"": 0.05189682082531633}",0.314,100,"{""1"": 33, ""0"": 44, ""2"": 16, ""3"": 7}",46037,5.93,145.72,24.57,1.4572,16.86,1,236,237
117,2026-01-25T14:50:12.309099,11.51,"{""Fast"": 0.5054431310662924, ""Standard"": 0.31236477905088034, ""Complex"": 0.13349034312112967, ""Ensemble"": 0.04870174676169779}",0.62,92,"{""2"": 13, ""0"": 46, ""3"": 5, ""1"": 28}",43385,6.22,145.85,23.45,1.5853,14.79,1,238,239
118,2026-01-25T14:50:24.130911,11.91,"{""Fast"": 0.4624126557647716, ""Standard"": 0.322528277234819, ""Complex"": 0.15839040708311744, ""Ensemble"": 0.05666865991729203}",0.779,100,"{""0"": 43, ""2"": 18, ""1"": 32, ""3"": 7}",52107,5.93,141.82,23.9,1.4182,16.85,1,240,241
119,2026-01-25T14:50:36.324584,13.33,"{""Fast"": 0.5143826317811208, ""Standard"": 0.2882839744538582, ""Complex"": 0.15402301399907992, ""Ensemble"": 0.04331037976594114}",0.668,100,"{""0"": 56, ""1"": 29, ""2"": 9, ""3"": 6}",44864,6.23,148.98,23.91,1.4898,16.05,1,242,243
120,2026-01-25T14:50:48.312770,22.83,"{""Fast"": 0.5282358259903658, ""Standard"": 0.28682515985211515, ""Complex"": 0.13186321507766963, ""Ensemble"": 0.05307579907984946}",0.329,90,"{""0"": 51, ""1"": 23, ""3"": 5, ""2"": 11}",36133,6.21,148.94,23.97,1.6549,14.48,1,244,245
121,2026-01-25T14:51:00.133386,13.26,"{""Fast"": 0.47890769551465434, ""Standard"": 0.3258710468134536, ""Complex"": 0.13888542505756088, ""Ensemble"": 0.05633583261433117}",0.429,99,"{""1"": 28, ""0"": 51, ""2"": 14, ""3"": 6}",43789,5.93,145.26,24.52,1.4673,16.71,1,246,247
122,2026-01-25T14:51:12.279227,26.85,"{""Fast"": 0.4782604477606079, ""Standard"": 0.3252117020932174, ""Complex"": 0.1446495953033881, ""Ensemble"": 0.051878254842786534}",0.346,94,"{""0"": 39, ""1"": 30, ""3"": 6, ""2"": 19}",43063,6.22,149.32,24.02,1.5885,15.12,1,248,249
123,2026-01-25T14:51:24.115902,26.73,"{""Fast"": 0.49383037450099626, ""Standard"": 0.31082668219099113, ""Complex"": 0.13669436446039396, ""Ensemble"": 0.058648578847618676}",0.579,100,"{""2"": 14, ""1"": 33, ""0"": 48, ""3"": 5}",46046,5.93,142.53,24.05,1.4253,16.87,1,250,251
124,2026-01-25T14:51:36.325342,28.85,"{""Fast"": 0.5069079574998109, ""Standard"": 0.29133768778562835, ""Complex"": 0.14408865959666253, ""Ensemble"": 0.05766569511789819}",0.449,100,"{""1"": 23, ""3"": 5, ""0"": 56, ""2"": 16}",43303,6.23,148.55,23.83,1.4855,16.04,1,252,253
125,2026-01-25T14:51:48.321256,6.01,"{""Fast"": 0.5224549275404524, ""Standard"": 0.2999720911332473, ""Complex"": 0.1381315133950473, ""Ensemble"": 0.039441467931253076}",0.506,90,"{""0"": 46, ""1"": 28, ""2"": 13, ""3"": 3}",34582,6.21,148.19,23.85,1.6465,14.49,1,254,255
126,2026-01-25T14:52:00.127683,27.02,"{""Fast"": 0.5022099056072095, ""Standard"": 0.3211884232750688, ""Complex"": 0.13152527176712855, ""Ensemble"": 0.045076399350592926}",0.838,93,"{""0"": 48, ""1"": 34, ""3"": 4, ""2"": 7}",35299,5.91,146.69,24.8,1.5774,15.72,1,256,257
127,2026-01-25T14:52:12.092885,23.15,"{""Fast"": 0.5046815264133122, ""Standard"": 0.2973802442650996, ""Complex"": 0.1535074528915891, ""Ensemble"": 0.044430776429998986}",0.315,86,"{""0"": 56, ""1"": 19, ""2"": 9, ""3"": 2}",28725,5.9,141.51,23.98,1.6454,14.57,1,258,259
128,2026-01-25T14:52:24.330922,28.56,"{""Fast"": 0.5284453799666666, ""Standard"": 0.25780953331596523, ""Complex"": 0.1648381479113673, ""Ensemble"": 0.048906938806000874}",0.865,100,"{""0"": 48, ""1"": 35, ""2"": 13, ""3"": 4}",45684,6.23,150.73,24.19,1.5073,16.05,1,260,261
129,2026-01-25T14:52:36.375097,21.16,"{""Fast"": 0.4788705914008587, ""Standard"": 0.31263995084546664, ""Complex"": 0.1480501435241791, ""Ensemble"": 0.06043931422949556}",0.373,100,"{""0"": 41, ""3"": 8, ""1"": 34, ""2"": 17}",49332,6.23,148.6,23.87,1.486,16.06,1,262,263
130,2026-01-25T14:52:48.343433,29.65,"{""Fast"": 0.5158489164348397, ""Standard"": 0.29445255471722787, ""Complex"": 0.14213030321270131, ""Ensemble"": 0.047568225635231116}",0.927,78,"{""0"": 41, ""2"": 7, ""3"": 6, ""1"": 24}",36525,6.19,149.69,24.18,1.9192,12.6,1,264,265
131,2026-01-25T14:53:00.130199,21.5,"{""Fast"": 0.454333188723967, ""Standard"": 0.3306252739469872, ""Complex"": 0.16010922730703148, ""Ensemble"": 0.05493231002201426}",0.844,100,"{""0"": 48, ""2"": 23, ""1"": 25, ""3"": 4}",49501,5.93,151.2,25.51,1.512,16.87,1,266,267
132,2026-01-25T14:53:12.303707,6.66,"{""Fast"": 0.4579544862329156, ""Standard"": 0.3026301101451328, ""Complex"": 0.18012652320663852, ""Ensemble"": 0.05928888041531299}",0.302,100,"{""1"": 31, ""0"": 43, ""2"": 20, ""3"": 6}",46131,6.23,149.39,23.97,1.4939,16.04,1,268,269
133,2026-01-25T14:53:24.366207,23.06,"{""Fast"": 0.4501946268218378, ""Standard"": 0.3349483939755255, ""Complex"": 0.16873549231230978, ""Ensemble"": 0.04612148689032687}",0.617,100,"{""1"": 30, ""0"": 52, ""2"": 14, ""3"": 4}",43759,6.22,151.79,24.39,1.5179,16.07,1,270,271
134,2026-01-25T14:53:36.075258,17.17,"{""Fast"": 0.5388583405364511, ""Standard"": 0.2593372584907936, ""Complex"": 0.15415374447131777, ""Ensemble"": 0.04765065650143737}",0.477,99,"{""2"": 13, ""3"": 4, ""0"": 57, ""1"": 25}",37178,5.93,143.52,24.22,1.4497,16.71,1,272,273
135,2026-01-25T14:53:48.121098,27.77,"{""Fast"": 0.5187893702299022, ""Standard"": 0.31132402585942354, ""Complex"": 0.12470650613997508, ""Ensemble"": 0.04518009777069913}",0.513,100,"{""0"": 48, ""2"": 15, ""1"": 35, ""3"": 2}",43112,5.93,142.27,24.01,1.4227,16.88,1,274,275
136,2026-01-25T14:54:00.306907,25.34,"{""Fast"": 0.5203456692091136, ""Standard"": 0.2728025168911203, ""Complex"": 0.16068059075201585, ""Ensemble"": 0.04617122314775023}",0.908,100,"{""0"": 48, ""2"": 18, ""1"": 30, ""3"": 4}",49733,6.22,154.87,24.9,1.5487,16.08,1,276,277
137,2026-01-25T14:54:12.308662,22.32,"{""Fast"": 0.469813694074337, ""Standard"": 0.3075732874510647, ""Complex"": 0.17798828905172015, ""Ensemble"": 0.04462472942287815}",0.89,100,"{""0"": 45, ""1"": 33, ""2"": 15, ""3"": 7}",50611,6.22,150.04,24.1,1.5004,16.07,1,278,279
138,2026-01-25T14:54:24.351765,16.22,"{""Fast"": 0.47321808878354865, ""Standard"": 0.3047306680498492, ""Complex"": 0.165899780466599, ""Ensemble"": 0.05615146270000297}",0.818,98,"{""2"": 19, ""1"": 33, ""0"": 46}",46040,6.23,149.43,23.99,1.5247,15.73,1,280,281
139,2026-01-25T14:54:36.354091,16.69,"{""Fast"": 0.561837046158186, ""Standard"": 0.2634111900237948, ""Complex"": 0.13098536158998275, ""Ensemble"": 0.0437664022280365}",0.608,100,"{""0"": 57, ""1"": 31, ""2"": 10, ""3"": 2}",37196,6.23,147.5,23.68,1.475,16.05,1,282,283
140,2026-01-25T14:54:48.085423,26.85,"{""Fast"": 0.46618958294347673, ""Standard"": 0.3362627759276221, ""Complex"": 0.14096507765458158, ""Ensemble"": 0.05658256347431967}",0.671,93,"{""1"": 31, ""2"": 11, ""3"": 7, ""0"": 44}",49161,5.91,143.99,24.36,1.5483,15.73,1,284,285
141,2026-01-25T14:55:00.373816,10.35,"{""Fast"": 0.5237165137783726, ""Standard"": 0.27310831615517167, ""Complex"": 0.15864878734532611, ""Ensemble"": 0.04452638272112961}",0.823,100,"{""1"": 39, ""0"": 48, ""2"": 11, ""3"": 2}",40200,6.23,155.01,24.88,1.5501,16.05,1,286,287
142,2026-01-25T14:55:12.105657,28.22,"{""Fast"": 0.47726625570334613, ""Standard"": 0.3027729662626329, ""Complex"": 0.1712545852389517, ""Ensemble"": 0.04870619279506933}",0.807,100,"{""0"": 40, ""1"": 34, ""2"": 20, ""3"": 6}",60069,5.92,142.13,23.99,1.4213,16.88,1,288,289
143,2026-01-25T14:55:24.125733,27.39,"{""Fast"": 0.51320061993813, ""Standard"": 0.27568081390380317, ""Complex"": 0.15889804515193098, ""Ensemble"": 0.052220521006135744}",0.576,90,"{""1"": 31, ""0"": 40, ""2"": 15, ""3"": 4}",40327,5.91,141.13,23.87,1.5681,15.22,1,290,291
144,2026-01-25T14:55:36.090979,21.34,"{""Fast"": 0.4988291938659145, ""Standard"": 0.3173562654531196, ""Complex"": 0.1342036342088537, ""Ensemble"": 0.04961090647211228}",0.483,100,"{""1"": 31, ""0"": 54, ""2"": 12, ""3"": 3}",38481,5.93,141.09,23.81,1.4109,16.88,1,292,293
145,2026-01-25T14:55:48.295625,17.39,"{""Fast"": 0.5248095677734785, ""Standard"": 0.2933492320384334, ""Complex"": 0.14061375954577437, ""Ensemble"": 0.041227440642313685}",0.478,100,"{""0"": 52, ""1"": 35, ""2"": 10, ""3"": 3}",40734,6.23,148.7,23.86,1.487,16.04,1,294,295
146,2026-01-25T14:56:00.305240,14.09,"{""Fast"": 0.5043925877233557, ""Standard"": 0.2834228422983378, ""Complex"": 0.1563180819512079, ""Ensemble"": 0.055866488027098815}",0.501,100,"{""1"": 28, ""3"": 9, ""0"": 49, ""2"": 14}",46957,6.23,156.81,25.17,1.5681,16.05,1,296,297
147,2026-01-25T14:56:12.349689,25.15,"{""Fast"": 0.512258161528298, ""Standard"": 0.28038207055855147, ""Complex"": 0.15026940239156458, ""Ensemble"": 0.057090365521585945}",0.902,100,"{""0"": 53, ""1"": 24, ""3"": 4, ""2"": 19}",41834,6.23,149.27,23.96,1.4927,16.05,1,298,299
148,2026-01-25T14:56:24.373912,29.24,"{""Fast"": 0.45867556423346284, ""Standard"": 0.3272323449872909, ""Complex"": 0.1609527341768798, ""Ensemble"": 0.05313935660236657}",0.688,100,"{""2"": 18, ""1"": 30, ""0"": 45, ""3"": 7}",42699,6.23,147.65,23.69,1.4765,16.05,1,300,301
149,2026-01-25T14:56:36.077561,13.46,"{""Fast"": 0.4632036859509176, ""Standard"": 0.3329680942716734, ""Complex"": 0.15719282897967785, ""Ensemble"": 0.04663539079773118}",0.612,99,"{""0"": 53, ""1"": 27, ""2"": 12, ""3"": 7}",42083,5.93,141.86,23.94,1.4329,16.71,1,302,303
150,2026-01-25T14:56:48.133728,29.35,"{""Fast"": 0.521068201320762, ""Standard"": 0.30960338126634807, ""Complex"": 0.12722996002278902, ""Ensemble"": 0.04209845739010092}",0.571,100,"{""0"": 47, ""2"": 15, ""3"": 5, ""1"": 33}",45698,5.92,147.08,24.83,1.4708,16.88,1,304,305
151,2026-01-25T14:57:00.300867,11.32,"{""Fast"": 0.4870778581640199, ""Standard"": 0.2765076412983806, ""Complex"": 0.17723388022560627, ""Ensemble"": 0.05918062031199327}",0.507,100,"{""0"": 44, ""1"": 29, ""2"": 23, ""3"": 4}",53143,6.23,152.87,24.54,1.5287,16.05,1,306,307
152,2026-01-25T14:57:12.339379,10.4,"{""Fast"": 0.5320314384324896, ""Standard"": 0.27847643481487855, ""Complex"": 0.13817936288915666, ""Ensemble"": 0.05131276386347511}",0.405,100,"{""2"": 16, ""1"": 37, ""0"": 42, ""3"": 5}",43801,6.23,148.35,23.81,1.4835,16.05,1,308,309
153,2026-01-25T14:57:24.351259,21.97,"{""Fast"": 0.5269243059400697, ""Standard"": 0.28665868570540004, ""Complex"": 0.13870767962120747, ""Ensemble"": 0.047709328733322835}",0.668,100,"{""0"": 50, ""1"": 34, ""2"": 13, ""3"": 3}",45001,6.23,149.34,23.98,1.4934,16.05,1,310,311
154,2026-01-25T14:57:36.363483,21.7,"{""Fast"": 0.5123045158770714, ""Standard"": 0.30988619133596773, ""Complex"": 0.1314514190942487, ""Ensemble"": 0.046357873692712166}",0.444,96,"{""0"": 57, ""2"": 9, ""1"": 24, ""3"": 6}",37317,6.22,149.54,24.04,1.5577,15.43,1,312,313
155,2026-01-25T14:57:48.331827,22.18,"{""Fast"": 0.5020704544064244, ""Standard"": 0.3022567238230129, ""Complex"": 0.14782031794093928, ""Ensemble"": 0.047852503829623465}",0.615,84,"{""0"": 45, ""1"": 24, ""2"": 10, ""3"": 5}",35679,6.2,145.42,23.45,1.7312,13.54,1,314,315
156,2026-01-25T14:58:00.096216,18.98,"{""Fast"": 0.5053735179592153, ""Standard"": 0.3067199804464395, ""Complex"": 0.14668752279249803, ""Ensemble"": 0.04121897880184738}",0.564,99,"{""0"": 51, ""1"": 34, ""2"": 12, ""3"": 2}",42172,5.92,145.75,24.61,1.4722,16.71,1,316,317
157,2026-01-25T14:58:12.284328,18.91,"{""Fast"": 0.5087778724186388, ""Standard"": 0.31449403946074195, ""Complex"": 0.12308639930946572, ""Ensemble"": 0.053641688811153616}",0.708,92,"{""1"": 33, ""0"": 47, ""2"": 9, ""3"": 3}",39621,6.22,150.19,24.16,1.6325,14.8,1,318,319
158,2026-01-25T14:58:24.070187,15.2,"{""Fast"": 0.49908821257722547, ""Standard"": 0.31801538841943805, ""Complex"": 0.1343343888636706, ""Ensemble"": 0.048562010139665844}",0.912,85,"{""0"": 44, ""1"": 26, ""2"": 13, ""3"": 2}",38799,5.9,142.4,24.14,1.6754,14.41,1,320,321
159,2026-01-25T14:58:36.350915,18.28,"{""Fast"": 0.5374629472639525, ""Standard"": 0.2522199572386942, ""Complex"": 0.1618933730344042, ""Ensemble"": 0.04842372246294904}",0.85,96,"{""0"": 56, ""1"": 19, ""2"": 18, ""3"": 3}",38533,6.22,148.72,23.89,1.5491,15.42,1,322,323
160,2026-01-25T14:58:48.342863,10.72,"{""Fast"": 0.5192853265879068, ""Standard"": 0.288264669572947, ""Complex"": 0.14397579557811094, ""Ensemble"": 0.04847420826103539}",0.967,100,"{""1"": 34, ""0"": 43, ""3"": 5, ""2"": 18}",51279,6.23,147.76,23.7,1.4776,16.04,1,324,325
161,2026-01-25T14:59:00.076160,9.47,"{""Fast"": 0.5101799797127551, ""Standard"": 0.3073481876972261, ""Complex"": 0.14159531780906456, ""Ensemble"": 0.04087651478095421}",0.572,100,"{""0"": 41, ""1"": 39, ""2"": 17, ""3"": 3}",43954,5.93,148.88,25.12,1.4888,16.87,1,326,327
162,2026-01-25T14:59:12.086435,24.32,"{""Fast"": 0.5173790737630047, ""Standard"": 0.319648978424129, ""Complex"": 0.1215155652849653, ""Ensemble"": 0.041456382527901146}",0.901,82,"{""1"": 29, ""0"": 41, ""3"": 6, ""2"": 6}",33894,5.9,141.7,24.03,1.728,13.91,1,328,329
163,2026-01-25T14:59:24.301640,23.85,"{""Fast"": 0.4691877590694045, ""Standard"": 0.33044913604909426, ""Complex"": 0.1551779954816642, ""Ensemble"": 0.04518510939983711}",0.906,100,"{""2"": 15, ""0"": 49, ""1"": 30, ""3"": 6}",52299,6.23,149.47,23.99,1.4947,16.05,1,330,331
164,2026-01-25T14:59:36.356367,21.36,"{""Fast"": 0.5080987807759447, ""Standard"": 0.30067343458204526, ""Complex"": 0.14618557012289168, ""Ensemble"": 0.04504221451911823}",0.311,100,"{""0"": 54, ""1"": 28, ""2"": 14, ""3"": 4}",37390,6.23,148.79,23.88,1.4879,16.05,1,332,333
165,2026-01-25T14:59:48.364352,15.61,"{""Fast"": 0.4596686059880477, ""Standard"": 0.3328836394894232, ""Complex"": 0.15797806359647554, ""Ensemble"": 0.04946969092605366}",0.99,91,"{""2"": 11, ""0"": 52, ""1"": 23, ""3"": 5}",39411,6.22,147.85,23.78,1.6248,14.64,1,334,335
166,2026-01-25T15:00:00.089043,21.73,"{""Fast"": 0.4724280815370198, ""Standard"": 0.3043224434392841, ""Complex"": 0.16099730554393757, ""Ensemble"": 0.062252169479758514}",0.318,97,"{""1"": 32, ""0"": 44, ""2"": 15, ""3"": 6}",44394,5.92,147.43,24.91,1.5199,16.39,1,336,337
167,2026-01-25T15:00:12.108358,20.27,"{""Fast"": 0.5077209285219403, ""Standard"": 0.2788426977546004, ""Complex"": 0.16734853056350857, ""Ensemble"": 0.04608784315995065}",0.497,97,"{""1"": 25, ""0"": 50, ""3"": 7, ""2"": 15}",45951,5.92,142.61,24.09,1.4702,16.39,1,338,339
168,2026-01-25T15:00:24.324291,27.21,"{""Fast"": 0.47795865760979367, ""Standard"": 0.31637155556675445, ""Complex"": 0.15331576894219665, ""Ensemble"": 0.05235401788125527}",0.671,90,"{""0"": 44, ""1"": 26, ""2"": 15, ""3"": 5}",42605,6.21,152.74,24.58,1.6971,14.48,1,340,341
169,2026-01-25T15:00:36.147616,11.26,"{""Fast"": 0.5099076067205194, ""Standard"": 0.2982818618098949, ""Complex"": 0.13921896860258678, ""Ensemble"": 0.05259156286699898}",0.777,100,"{""0"": 61, ""2"": 17, ""1"": 18, ""3"": 4}",44798,5.93,142.34,24.01,1.4234,16.87,1,342,343
170,2026-01-25T15:00:48.363931,14.5,"{""Fast"": 0.5144850677700351, ""Standard"": 0.2892353899625061, ""Complex"": 0.1477753116274879, ""Ensemble"": 0.04850423063997086}",0.442,91,"{""0"": 42, ""1"": 22, ""2"": 16, ""3"": 11}",47748,6.22,147.87,23.79,1.6249,14.64,1,344,345
171,2026-01-25T15:01:00.332751,16.65,"{""Fast"": 0.5451855257156666, ""Standard"": 0.27514553458315233, ""Complex"": 0.13370440384843113, ""Ensemble"": 0.04596453585274981}",0.728,100,"{""0"": 69, ""2"": 6, ""3"": 3, ""1"": 22}",34402,6.23,152.95,24.56,1.5295,16.05,1,346,347
172,2026-01-25T15:01:12.108171,7.88,"{""Fast"": 0.49866289899537536, ""Standard"": 0.3053816721072883, ""Complex"": 0.15340665982312474, ""Ensemble"": 0.042548769074211595}",0.651,100,"{""1"": 26, ""0"": 53, ""3"": 5, ""2"": 16}",43543,5.93,145.85,24.6,1.4585,16.87,1,348,349
173,2026-01-25T15:01:24.198154,15.98,"{""Fast"": 0.4825026909549242, ""Standard"": 0.2801808685589943, ""Complex"": 0.17748643510002482, ""Ensemble"": 0.059830005386056706}",0.532,100,"{""0"": 45, ""3"": 9, ""1"": 28, ""2"": 18}",48398,5.99,143.72,24.0,1.4372,16.7,1,350,351
174,2026-01-25T15:01:36.348423,8.24,"{""Fast"": 0.532100278455876, ""Standard"": 0.27782232619143427, ""Complex"": 0.13629191166033516, ""Ensemble"": 0.05378548369235451}",0.454,91,"{""1"": 26, ""2"": 12, ""0"": 43, ""3"": 10}",44557,6.21,148.82,23.95,1.6354,14.64,1,352,353
175,2026-01-25T15:01:48.346092,9.89,"{""Fast"": 0.4671140119494252, ""Standard"": 0.33649586619135013, ""Complex"": 0.14255050242137673, ""Ensemble"": 0.053839619437847944}",0.367,100,"{""0"": 42, ""2"": 17, ""1"": 39, ""3"": 2}",44647,6.23,148.75,23.87,1.4875,16.05,1,354,355
176,2026-01-25T15:02:00.364047,16.37,"{""Fast"": 0.4947989626974332, ""Standard"": 0.30509073797912145, ""Complex"": 0.1585524664935376, ""Ensemble"": 0.041557832829907715}",0.737,96,"{""0"": 47, ""1"": 29, ""3"": 6, ""2"": 14}",46535,6.23,152.99,24.57,1.5937,15.42,1,356,357
177,2026-01-25T15:02:12.129826,29.53,"{""Fast"": 0.5046311580358598, ""Standard"": 0.2999454762357099, ""Complex"": 0.1435701450564563, ""Ensemble"": 0.05185322067197416}",0.992,100,"{""0"": 45, ""2"": 14, ""1"": 34, ""3"": 7}",47161,5.92,141.65,23.91,1.4165,16.88,1,358,359
178,2026-01-25T15:02:24.318950,18.26,"{""Fast"": 0.4790571632780002, ""Standard"": 0.31922269040409923, ""Complex"": 0.15491447534078898, ""Ensemble"": 0.04680567097711152}",0.884,100,"{""0"": 52, ""1"": 32, ""2"": 14, ""3"": 2}",44171,6.24,155.34,24.9,1.5534,16.03,1,360,361
179,2026-01-25T15:02:36.088475,8.19,"{""Fast"": 0.51577867469185, ""Standard"": 0.307715511623777, ""Complex"": 0.1361044369613719, ""Ensemble"": 0.040401376723001016}",0.685,100,"{""1"": 43, ""0"": 41, ""2"": 12, ""3"": 4}",47772,5.92,143.76,24.26,1.4376,16.88,1,362,363
180,2026-01-25T15:02:48.122424,13.35,"{""Fast"": 0.4792410955188443, ""Standard"": 0.315662492472675, ""Complex"": 0.16319106754514254, ""Ensemble"": 0.04190534446333822}",0.632,99,"{""0"": 44, ""1"": 35, ""2"": 16, ""3"": 4}",45080,5.93,141.79,23.93,1.4322,16.71,1,364,365
181,2026-01-25T15:03:00.335951,22.81,"{""Fast"": 0.45761465062005435, ""Standard"": 0.33596679173700145, ""Complex"": 0.15883397866534096, ""Ensemble"": 0.04758457897760333}",0.438,98,"{""0"": 40, ""1"": 43, ""2"": 13, ""3"": 2}",42739,6.23,160.61,25.8,1.6388,15.74,1,366,367
182,2026-01-25T15:03:12.220599,6.64,"{""Fast"": 0.48687659111815174, ""Standard"": 0.3214480691114903, ""Complex"": 0.15086341131532807, ""Ensemble"": 0.04081192845502981}",0.982,90,"{""0"": 42, ""3"": 4, ""2"": 13, ""1"": 31}",40494,5.91,145.21,24.56,1.6135,15.22,1,368,369
183,2026-01-25T15:03:24.340630,21.85,"{""Fast"": 0.46669993089659656, ""Standard"": 0.34531894559673104, ""Complex"": 0.13852736978252267, ""Ensemble"": 0.04945375372414975}",0.99,100,"{""1"": 40, ""3"": 6, ""0"": 44, ""2"": 10}",42033,6.23,151.17,24.25,1.5117,16.04,1,370,371
184,2026-01-25T15:03:36.125803,14.57,"{""Fast"": 0.5402308490779262, ""Standard"": 0.2701426239507276, ""Complex"": 0.14200758049789172, ""Ensemble"": 0.04761894647345446}",0.321,100,"{""1"": 40, ""0"": 44, ""3"": 7, ""2"": 9}",42306,5.93,144.7,24.41,1.447,16.87,1,372,373
185,2026-01-25T15:03:48.303440,11.5,"{""Fast"": 0.4413373078253676, ""Standard"": 0.3405345016003093, ""Complex"": 0.16374250757928777, ""Ensemble"": 0.054385682995035295}",0.686,99,"{""2"": 22, ""1"": 37, ""3"": 6, ""0"": 34}",48585,6.23,150.81,24.21,1.5233,15.89,1,374,375
186,2026-01-25T15:04:00.374754,29.25,"{""Fast"": 0.5294107838987511, ""Standard"": 0.2990047888209118, ""Complex"": 0.12646528552914246, ""Ensemble"": 0.04511914175119472}",0.944,98,"{""0"": 56, ""1"": 30, ""2"": 11, ""3"": 1}",36531,6.23,152.38,24.46,1.5549,15.73,1,376,377
187,2026-01-25T15:04:12.081639,27.47,"{""Fast"": 0.5085887347782613, ""Standard"": 0.2901922251243507, ""Complex"": 0.14790555060208876, ""Ensemble"": 0.05331348949529915}",0.301,100,"{""1"": 36, ""2"": 15, ""0"": 48, ""3"": 1}",40362,5.93,142.39,24.03,1.4239,16.88,1,378,379
188,2026-01-25T15:04:24.329246,18.11,"{""Fast"": 0.5189646563267397, ""Standard"": 0.28399032080142655, ""Complex"": 0.15247506228087832, ""Ensemble"": 0.044569960590955485}",0.83,100,"{""0"": 45, ""1"": 35, ""2"": 17, ""3"": 3}",42636,6.23,150.49,24.17,1.5049,16.06,1,380,381
189,2026-01-25T15:04:36.351649,11.31,"{""Fast"": 0.48479973600740806, ""Standard"": 0.2897770256247261, ""Complex"": 0.17000312797117037, ""Ensemble"": 0.055420110396695546}",0.801,100,"{""0"": 53, ""2"": 14, ""1"": 29, ""3"": 4}",44807,6.23,150.59,24.18,1.5059,16.05,1,382,383
190,2026-01-25T15:04:48.127447,21.62,"{""Fast"": 0.46955460007672606, ""Standard"": 0.30464293828450867, ""Complex"": 0.17863121384670005, ""Ensemble"": 0.04717124779206515}",0.487,100,"{""0"": 54, ""2"": 24, ""3"": 3, ""1"": 19}",44345,5.92,141.81,23.94,1.4181,16.88,1,384,385
191,2026-01-25T15:05:00.276024,23.63,"{""Fast"": 0.48178918791801817, ""Standard"": 0.32504629710094857, ""Complex"": 0.13977222056001054, ""Ensemble"": 0.05339229442102267}",0.376,82,"{""0"": 41, ""1"": 24, ""3"": 6, ""2"": 11}",32841,6.2,152.21,24.56,1.8563,13.23,1,386,387
192,2026-01-25T15:05:12.084436,23.43,"{""Fast"": 0.5258021101785488, ""Standard"": 0.2722167014565164, ""Complex"": 0.15761127116676574, ""Ensemble"": 0.044369917198168914}",0.452,87,"{""0"": 50, ""2"": 15, ""1"": 20, ""3"": 2}",32808,5.91,140.67,23.81,1.6169,14.73,1,388,389
193,2026-01-25T15:05:24.343919,27.01,"{""Fast"": 0.48866921695283355, ""Standard"": 0.3214271518530787, ""Complex"": 0.13731870736950333, ""Ensemble"": 0.05258492382458451}",0.348,99,"{""0"": 49, ""1"": 32, ""3"": 6, ""2"": 12}",41234,6.23,147.68,23.71,1.4917,15.89,1,390,391
194,2026-01-25T15:05:36.101473,27.63,"{""Fast"": 0.5015074949077813, ""Standard"": 0.3163327081035825, ""Complex"": 0.12934954529396697, ""Ensemble"": 0.05281025169466923}",0.723,99,"{""0"": 48, ""1"": 31, ""2"": 16, ""3"": 4}",42297,5.93,142.68,24.07,1.4412,16.7,1,392,393
195,2026-01-25T15:05:48.321282,11.22,"{""Fast"": 0.48323736202449447, ""Standard"": 0.3039217667458758, ""Complex"": 0.15686423481266074, ""Ensemble"": 0.05597663641696896}",0.706,100,"{""0"": 53, ""3"": 5, ""2"": 17, ""1"": 25}",46706,5.92,141.75,23.93,1.4175,16.88,1,394,395
196,2026-01-25T15:06:00.324685,27.69,"{""Fast"": 0.553439797650869, ""Standard"": 0.260113974535916, ""Complex"": 0.13485245198633, ""Ensemble"": 0.05159377582688503}",0.95,94,"{""0"": 46, ""2"": 16, ""1"": 25, ""3"": 7}",50413,6.22,157.57,25.34,1.6763,15.12,1,396,397
197,2026-01-25T15:06:12.370499,7.42,"{""Fast"": 0.4899351353307415, ""Standard"": 0.2985959048992549, ""Complex"": 0.15643922914043754, ""Ensemble"": 0.055029730629565995}",0.671,100,"{""2"": 21, ""0"": 54, ""3"": 5, ""1"": 20}",47638,6.23,152.01,24.39,1.5201,16.05,1,398,399
198,2026-01-25T15:06:24.365606,29.03,"{""Fast"": 0.5239723486881875, ""Standard"": 0.26600522200257154, ""Complex"": 0.15378705139424406, ""Ensemble"": 0.056235377914996935}",0.792,86,"{""2"": 14, ""1"": 20, ""0"": 50, ""3"": 2}",35404,6.2,147.88,23.84,1.7196,13.87,1,400,401
199,2026-01-25T15:06:36.364575,24.75,"{""Fast"": 0.5004799671124756, ""Standard"": 0.28627391825229676, ""Complex"": 0.16040481503850348, ""Ensemble"": 0.05284129959672408}",0.897,100,"{""1"": 31, ""0"": 53, ""2"": 14, ""3"": 2}",43927,6.23,150.76,24.2,1.5076,16.05,1,402,403
200,2026-01-25T15:06:48.078173,7.5,"{""Fast"": 0.49965742767985616, ""Standard"": 0.31172678059438486, ""Complex"": 0.13898877587579486, ""Ensemble"": 0.049627015849964144}",0.641,96,"{""0"": 43, ""1"": 38, ""2"": 13, ""3"": 2}",39024,5.92,142.79,24.11,1.4874,16.21,1,404,405
201,2026-01-25T15:07:00.261300,24.59,"{""Fast"": 0.5045690751609724, ""Standard"": 0.2927494552240636, ""Complex"": 0.15717626748596827, ""Ensemble"": 0.04550520212899572}",0.709,81,"{""0"": 45, ""3"": 3, ""2"": 14, ""1"": 19}",31139,6.19,149.24,24.1,1.8425,13.08,1,406,407
202,2026-01-25T15:07:12.335847,21.99,"{""Fast"": 0.47873436733682184, ""Standard"": 0.2877247196844284, ""Complex"": 0.17980085982846916, ""Ensemble"": 0.05374005315028059}",0.44,100,"{""0"": 56, ""1"": 27, ""3"": 3, ""2"": 14}",39517,6.23,155.12,24.9,1.5512,16.05,1,408,409
203,2026-01-25T15:07:24.123600,25.34,"{""Fast"": 0.50330165404327, ""Standard"": 0.2714831585465236, ""Complex"": 0.1645915516435409, ""Ensemble"": 0.060623635766665594}",0.9,100,"{""0"": 52, ""1"": 26, ""3"": 5, ""2"": 17}",46007,5.93,147.73,24.93,1.4773,16.87,1,410,411
204,2026-01-25T15:07:36.301125,19.2,"{""Fast"": 0.5249451562010148, ""Standard"": 0.3025451458751724, ""Complex"": 0.12524875084967732, ""Ensemble"": 0.04726094707413547}",0.443,96,"{""0"": 44, ""2"": 14, ""1"": 33, ""3"": 5}",42553,6.22,151.41,24.33,1.5772,15.43,1,412,413
205,2026-01-25T15:07:48.079289,18.78,"{""Fast"": 0.5270350826227844, ""Standard"": 0.2896568535653865, ""Complex"": 0.13688176029805293, ""Ensemble"": 0.046426303513776065}",0.546,100,"{""0"": 56, ""1"": 25, ""2"": 15, ""3"": 4}",38432,5.93,142.85,24.1,1.4285,16.87,1,414,415
206,2026-01-25T15:08:00.119053,23.57,"{""Fast"": 0.43565411764095285, ""Standard"": 0.3411418675648838, ""Complex"": 0.17196116494860175, ""Ensemble"": 0.05124284984556153}",0.635,98,"{""1"": 32, ""0"": 39, ""3"": 6, ""2"": 21}",51930,5.93,148.22,25.01,1.5124,16.54,1,416,417
207,2026-01-25T15:08:12.340528,18.38,"{""Fast"": 0.5048940342995104, ""Standard"": 0.3084113951519308, ""Complex"": 0.13804643555523077, ""Ensemble"": 0.04864813499332797}",0.922,91,"{""0"": 59, ""2"": 6, ""1"": 20, ""3"": 6}",34454,6.21,149.94,24.13,1.6477,14.65,1,418,419
208,2026-01-25T15:08:24.314098,25.96,"{""Fast"": 0.4939862351608536, ""Standard"": 0.31766265371024605, ""Complex"": 0.13895767194003408, ""Ensemble"": 0.04939343918886627}",0.615,100,"{""0"": 50, ""1"": 33, ""2"": 10, ""3"": 7}",44628,6.23,153.95,24.7,1.5395,16.05,1,420,421
209,2026-01-25T15:08:36.076318,23.12,"{""Fast"": 0.4957012620290334, ""Standard"": 0.3020149090513936, ""Complex"": 0.1548221572135694, ""Ensemble"": 0.04746167170600357}",0.471,90,"{""0"": 48, ""1"": 28, ""2"": 11, ""3"": 3}",36077,5.92,142.5,24.09,1.5833,15.21,1,422,423
210,2026-01-25T15:08:48.359726,28.75,"{""Fast"": 0.5276933876388745, ""Standard"": 0.27070647630588673, ""Complex"": 0.14669320606992442, ""Ensemble"": 0.054906929985314185}",0.436,100,"{""0"": 56, ""2"": 15, ""1"": 24, ""3"": 5}",38865,6.23,154.03,24.71,1.5403,16.04,1,424,425
211,2026-01-25T15:09:00.083018,12.17,"{""Fast"": 0.502926420581121, ""Standard"": 0.3011367295708952, ""Complex"": 0.14941582181536026, ""Ensemble"": 0.046521028032623514}",0.655,88,"{""0"": 38, ""1"": 33, ""3"": 5, ""2"": 12}",41182,5.91,145.01,24.55,1.6478,14.9,1,426,427
212,2026-01-25T15:09:12.077026,8.8,"{""Fast"": 0.5110969885464646, ""Standard"": 0.28389130700321147, ""Complex"": 0.15580527198199828, ""Ensemble"": 0.049206432468325685}",0.943,98,"{""0"": 45, ""1"": 33, ""2"": 16, ""3"": 4}",45060,5.92,143.18,24.18,1.4611,16.55,1,428,429
213,2026-01-25T15:09:24.078974,23.06,"{""Fast"": 0.4788782860042801, ""Standard"": 0.3373844272757922, ""Complex"": 0.13928531234207267, ""Ensemble"": 0.04445197437785491}",0.815,90,"{""2"": 11, ""0"": 44, ""1"": 27, ""3"": 8}",42306,5.91,145.04,24.55,1.6115,15.23,1,430,431
214,2026-01-25T15:09:36.092485,18.35,"{""Fast"": 0.5135043682867283, ""Standard"": 0.29115868533644856, ""Complex"": 0.14377721453324221, ""Ensemble"": 0.05155973184358087}",0.714,85,"{""1"": 25, ""0"": 43, ""3"": 3, ""2"": 14}",35682,5.9,144.27,24.45,1.6973,14.41,1,432,433
215,2026-01-25T15:09:48.344723,27.57,"{""Fast"": 0.5045213894552792, ""Standard"": 0.2794370523864676, ""Complex"": 0.15603715468789905, ""Ensemble"": 0.060004403470354045}",0.344,99,"{""0"": 45, ""2"": 19, ""3"": 8, ""1"": 27}",47451,6.23,148.21,23.78,1.497,15.89,1,434,435
216,2026-01-25T15:10:00.128701,19.12,"{""Fast"": 0.49939628364285654, ""Standard"": 0.3192897087473734, ""Complex"": 0.1387622808317181, ""Ensemble"": 0.04255172677805206}",0.825,100,"{""0"": 54, ""1"": 24, ""2"": 17, ""3"": 5}",44177,5.93,148.96,25.14,1.4896,16.87,1,436,437
217,2026-01-25T15:10:12.319625,12.0,"{""Fast"": 0.50283862312707, ""Standard"": 0.313702128439517, ""Complex"": 0.136068060794088, ""Ensemble"": 0.04739118763932521}",0.373,100,"{""0"": 45, ""3"": 5, ""1"": 37, ""2"": 13}",40371,6.23,150.22,24.1,1.5022,16.04,1,438,439
218,2026-01-25T15:10:24.101293,13.57,"{""Fast"": 0.4937200566290361, ""Standard"": 0.2865936302638084, ""Complex"": 0.17059639578252894, ""Ensemble"": 0.04908991732462641}",0.446,100,"{""2"": 26, ""0"": 51, ""1"": 19, ""3"": 4}",46190,5.93,145.57,24.55,1.4557,16.87,1,440,441
219,2026-01-25T15:10:36.143730,8.1,"{""Fast"": 0.5412719317978232, ""Standard"": 0.2636250807490751, ""Complex"": 0.13891852275480807, ""Ensemble"": 0.05618446469829362}",0.434,100,"{""0"": 45, ""1"": 34, ""2"": 13, ""3"": 8}",44287,5.93,142.02,23.95,1.4202,16.86,1,442,443
220,2026-01-25T15:10:48.366339,28.35,"{""Fast"": 0.5473720326319733, ""Standard"": 0.2663701336999751, ""Complex"": 0.14031929821799516, ""Ensemble"": 0.04593853545005628}",0.82,93,"{""2"": 13, ""0"": 51, ""3"": 6, ""1"": 23}",44615,6.22,148.31,23.86,1.5948,14.96,1,444,445
221,2026-01-25T15:11:00.355457,21.76,"{""Fast"": 0.5343146377770622, ""Standard"": 0.2877882403856412, ""Complex"": 0.13083539267859173, ""Ensemble"": 0.04706172915870478}",0.745,100,"{""1"": 28, ""0"": 59, ""2"": 8, ""3"": 5}",40016,6.24,182.76,29.28,1.8276,16.02,1,446,447
222,2026-01-25T15:11:12.105238,22.2,"{""Fast"": 0.47923190817191597, ""Standard"": 0.33647475993597153, ""Complex"": 0.13035864619418908, ""Ensemble"": 0.053934685697923444}",0.7,91,"{""0"": 45, ""2"": 9, ""3"": 8, ""1"": 29}",40188,5.91,143.82,24.34,1.5805,15.4,1,448,449
223,2026-01-25T15:11:24.124416,16.92,"{""Fast"": 0.4670778592958245, ""Standard"": 0.30961599345561347, ""Complex"": 0.17016078394175554, ""Ensemble"": 0.053145363306806526}",0.696,100,"{""1"": 27, ""0"": 47, ""3"": 5, ""2"": 21}",51790,5.93,142.66,24.07,1.4266,16.87,1,450,451
224,2026-01-25T15:11:36.304519,10.21,"{""Fast"": 0.5202373341518971, ""Standard"": 0.2892581520085516, ""Complex"": 0.14661321556935994, ""Ensemble"": 0.04389129827019133}",0.825,100,"{""0"": 54, ""1"": 25, ""3"": 3, ""2"": 18}",46849,6.23,150.41,24.15,1.5041,16.05,1,452,453
225,2026-01-25T15:11:48.092063,18.51,"{""Fast"": 0.45321071816690467, ""Standard"": 0.33080363244115185, ""Complex"": 0.16455427267835998, ""Ensemble"": 0.051431376713583415}",0.917,100,"{""1"": 34, ""0"": 44, ""3"": 6, ""2"": 16}",51426,5.93,142.93,24.11,1.4293,16.87,1,454,455
226,2026-01-25T15:12:00.128537,25.97,"{""Fast"": 0.46109103564936404, ""Standard"": 0.35191931137249743, ""Complex"": 0.138073993740963, ""Ensemble"": 0.04891565923717542}",0.348,98,"{""1"": 25, ""2"": 16, ""0"": 52, ""3"": 5}",43672,5.92,148.4,25.05,1.5143,16.54,1,456,457
227,2026-01-25T15:12:12.099160,23.48,"{""Fast"": 0.4914655594472507, ""Standard"": 0.3165570094501189, ""Complex"": 0.13918419449081718, ""Ensemble"": 0.05279323661181337}",0.879,100,"{""1"": 33, ""0"": 50, ""2"": 10, ""3"": 7}",45054,5.93,141.59,23.89,1.4159,16.87,1,458,459
228,2026-01-25T15:12:24.301762,7.54,"{""Fast"": 0.4594715619673699, ""Standard"": 0.3438685606085091, ""Complex"": 0.14036868966889968, ""Ensemble"": 0.056291187755221385}",0.415,100,"{""1"": 33, ""0"": 39, ""2"": 19, ""3"": 9}",54714,6.23,150.17,24.09,1.5017,16.04,1,460,461
229,2026-01-25T15:12:36.327589,8.89,"{""Fast"": 0.45538160196676664, ""Standard"": 0.3376761229723083, ""Complex"": 0.15341180056401005, ""Ensemble"": 0.05353047449691489}",0.506,100,"{""0"": 49, ""2"": 18, ""1"": 27, ""3"": 6}",45971,6.23,154.19,24.75,1.5419,16.05,1,462,463
230,2026-01-25T15:12:48.365910,28.88,"{""Fast"": 0.4843894291887622, ""Standard"": 0.29458171517639614, ""Complex"": 0.16945649823503162, ""Ensemble"": 0.05157235739981014}",0.94,100,"{""0"": 45, ""1"": 30, ""2"": 20, ""3"": 5}",47823,6.23,151.12,24.25,1.5112,16.04,1,464,465
231,2026-01-25T15:13:00.330544,16.21,"{""Fast"": 0.5324652033581021, ""Standard"": 0.25673828428834733, ""Complex"": 0.1553194088619831, ""Ensemble"": 0.0554771034915674}",0.957,95,"{""0"": 55, ""3"": 6, ""2"": 9, ""1"": 25}",32073,6.22,160.09,25.74,1.6851,15.27,1,466,467
232,2026-01-25T15:13:12.329005,20.62,"{""Fast"": 0.5228299160498961, ""Standard"": 0.2779870201650187, ""Complex"": 0.15046315919597048, ""Ensemble"": 0.048719904589114696}",0.726,100,"{""0"": 51, ""1"": 28, ""2"": 14, ""3"": 7}",45118,6.23,150.16,24.1,1.5016,16.05,1,468,469
233,2026-01-25T15:13:24.307904,19.97,"{""Fast"": 0.515396757569237, ""Standard"": 0.277221076865106, ""Complex"": 0.15733806416911614, ""Ensemble"": 0.050044101396540946}",0.992,100,"{""0"": 54, ""1"": 33, ""2"": 10, ""3"": 3}",42730,6.23,154.39,24.78,1.5439,16.05,1,470,471
234,2026-01-25T15:13:36.351243,20.99,"{""Fast"": 0.5286215792539802, ""Standard"": 0.28645887686579996, ""Complex"": 0.1439930777300409, ""Ensemble"": 0.04092646615017876}",0.407,100,"{""1"": 37, ""0"": 51, ""3"": 3, ""2"": 9}",35384,6.23,151.11,24.25,1.5111,16.05,1,472,473
235,2026-01-25T15:13:48.278422,22.46,"{""Fast"": 0.5228973279162209, ""Standard"": 0.29699147731550735, ""Complex"": 0.12760818749829386, ""Ensemble"": 0.052503007269977794}",0.784,90,"{""1"": 26, ""0"": 46, ""2"": 13, ""3"": 5}",40941,6.21,154.54,24.88,1.7171,14.49,1,474,475
236,2026-01-25T15:14:00.106453,12.03,"{""Fast"": 0.5354288057731433, ""Standard"": 0.25927153548833065, ""Complex"": 0.15679881585574204, ""Ensemble"": 0.048500842882784105}",0.98,100,"{""2"": 15, ""0"": 54, ""1"": 27, ""3"": 4}",43952,5.93,149.86,25.28,1.4986,16.87,1,476,477
237,2026-01-25T15:14:12.333749,16.29,"{""Fast"": 0.494716980818389, ""Standard"": 0.2841813255603058, ""Complex"": 0.17143842028589582, ""Ensemble"": 0.04966327333540939}",0.388,76,"{""1"": 18, ""0"": 47, ""2"": 6, ""3"": 5}",29059,6.19,150.73,24.34,1.9833,12.27,1,478,479
238,2026-01-25T15:14:24.372832,24.91,"{""Fast"": 0.4902884359475937, ""Standard"": 0.33837384300820605, ""Complex"": 0.12754117186449315, ""Ensemble"": 0.04379654917970699}",0.71,93,"{""0"": 50, ""1"": 28, ""3"": 6, ""2"": 9}",39813,6.22,148.54,23.87,1.5972,14.95,1,480,481
239,2026-01-25T15:14:36.298830,22.71,"{""Fast"": 0.5365400270071822, ""Standard"": 0.28265955107253604, ""Complex"": 0.13467274266192214, ""Ensemble"": 0.046127679258359554}",0.714,100,"{""0"": 51, ""1"": 34, ""2"": 11, ""3"": 4}",39536,6.23,148.87,23.89,1.4887,16.05,1,482,483
240,2026-01-25T15:14:48.323953,23.46,"{""Fast"": 0.4606211207986779, ""Standard"": 0.3363936276512411, ""Complex"": 0.14636805965595098, ""Ensemble"": 0.056617191894130045}",0.665,93,"{""1"": 35, ""0"": 40, ""3"": 4, ""2"": 14}",41860,6.22,149.01,23.97,1.6023,14.96,1,484,485
241,2026-01-25T15:15:00.110348,13.72,"{""Fast"": 0.504204399672724, ""Standard"": 0.2862085904196505, ""Complex"": 0.1556692985674644, ""Ensemble"": 0.053917711340161184}",0.751,92,"{""3"": 4, ""0"": 50, ""2"": 14, ""1"": 24}",41200,5.91,147.32,24.91,1.6013,15.56,1,486,487
242,2026-01-25T15:15:12.116651,20.03,"{""Fast"": 0.487108216930381, ""Standard"": 0.2961321301499712, ""Complex"": 0.1640111804144048, ""Ensemble"": 0.05274847250524311}",0.577,100,"{""1"": 36, ""2"": 13, ""0"": 46, ""3"": 5}",47993,5.93,148.63,25.08,1.4863,16.87,1,488,489
243,2026-01-25T15:15:24.096651,22.08,"{""Fast"": 0.5043369092612849, ""Standard"": 0.30328513012679503, ""Complex"": 0.14563654477834334, ""Ensemble"": 0.04674141583357663}",0.34,100,"{""1"": 29, ""0"": 49, ""2"": 18, ""3"": 4}",44183,5.93,143.45,24.19,1.4345,16.86,1,490,491
244,2026-01-25T15:15:36.282103,7.68,"{""Fast"": 0.5364589875233193, ""Standard"": 0.2687018173051253, ""Complex"": 0.15236254232124383, ""Ensemble"": 0.042476652850311554}",0.857,91,"{""1"": 25, ""0"": 51, ""2"": 14, ""3"": 1}",37301,6.22,148.34,23.85,1.6301,14.63,1,492,493
245,2026-01-25T15:15:48.329315,8.58,"{""Fast"": 0.5094855530844448, ""Standard"": 0.26552692999619004, ""Complex"": 0.1765956955718129, ""Ensemble"": 0.0483918213475522}",0.552,86,"{""0"": 46, ""2"": 13, ""1"": 22, ""3"": 5}",40762,6.21,150.51,24.24,1.7502,13.85,1,494,495
246,2026-01-25T15:16:00.138857,21.89,"{""Fast"": 0.5223333660556313, ""Standard"": 0.2815053359196098, ""Complex"": 0.14297832272888503, ""Ensemble"": 0.05318297529587376}",0.971,99,"{""0"": 47, ""1"": 33, ""3"": 8, ""2"": 11}",50031,5.93,146.03,24.63,1.4751,16.7,1,496,497
247,2026-01-25T15:16:12.132591,24.44,"{""Fast"": 0.5356712826237882, ""Standard"": 0.27142541580693996, ""Complex"": 0.1481633218942661, ""Ensemble"": 0.044739979675005766}",0.744,100,"{""0"": 49, ""1"": 30, ""3"": 4, ""2"": 17}",49542,5.93,142.86,24.11,1.4286,16.88,1,498,499
248,2026-01-25T15:16:24.314725,17.12,"{""Fast"": 0.4956971019193159, ""Standard"": 0.3060430566457685, ""Complex"": 0.14578856901385803, ""Ensemble"": 0.05247127242105758}",0.432,88,"{""0"": 46, ""1"": 31, ""3"": 3, ""2"": 8}",34962,6.21,158.61,25.53,1.8024,14.16,1,500,501
249,2026-01-25T15:16:36.372615,8.62,"{""Fast"": 0.533387115670739, ""Standard"": 0.2861001886168397, ""Complex"": 0.1326857411767562, ""Ensemble"": 0.04782695453566502}",0.627,100,"{""0"": 51, ""1"": 31, ""3"": 6, ""2"": 12}",50181,6.23,152.85,24.54,1.5285,16.05,1,502,503
250,2026-01-25T15:16:48.111124,27.67,"{""Fast"": 0.504817037746625, ""Standard"": 0.3118293489539692, ""Complex"": 0.14088144694437443, ""Ensemble"": 0.04247216635503139}",0.98,100,"{""0"": 55, ""1"": 27, ""2"": 15, ""3"": 3}",46631,5.93,142.55,24.05,1.4255,16.87,1,504,505
251,2026-01-25T15:17:00.082704,23.97,"{""Fast"": 0.46413550384508134, ""Standard"": 0.3212985176969669, ""Complex"": 0.15653535664095516, ""Ensemble"": 0.05803062181699662}",0.624,88,"{""0"": 45, ""1"": 29, ""2"": 10, ""3"": 4}",36955,5.91,147.99,25.05,1.6817,14.9,1,506,507
252,2026-01-25T15:17:12.359363,21.58,"{""Fast"": 0.5264279057654119, ""Standard"": 0.29142254321177635, ""Complex"": 0.12760161088084893, ""Ensemble"": 0.0545479401419628}",0.336,100,"{""1"": 24, ""2"": 15, ""0"": 58, ""3"": 3}",40166,6.23,150.56,24.16,1.5056,16.05,1,508,509
253,2026-01-25T15:17:24.333916,17.33,"{""Fast"": 0.4873728098644728, ""Standard"": 0.30520726397916814, ""Complex"": 0.16015901808583263, ""Ensemble"": 0.04726090807052643}",0.775,98,"{""0"": 47, ""1"": 26, ""2"": 22, ""3"": 3}",51179,6.23,151.29,24.29,1.5438,15.73,1,510,511
254,2026-01-25T15:17:36.366720,9.02,"{""Fast"": 0.49018607164343103, ""Standard"": 0.30206111442486283, ""Complex"": 0.16356985736651003, ""Ensemble"": 0.044182956565196184}",0.47,100,"{""0"": 50, ""1"": 33, ""2"": 14, ""3"": 3}",39787,6.23,152.21,24.43,1.5221,16.05,1,512,513
255,2026-01-25T15:17:48.321738,21.77,"{""Fast"": 0.43559112527631855, ""Standard"": 0.34025646508501334, ""Complex"": 0.17038958989052683, ""Ensemble"": 0.05376281974814126}",0.9,100,"{""1"": 36, ""0"": 45, ""2"": 15, ""3"": 4}",47748,6.23,152.22,24.43,1.5222,16.05,1,514,515
256,2026-01-25T15:18:00.341812,12.04,"{""Fast"": 0.46610006728549574, ""Standard"": 0.325440598704909, ""Complex"": 0.15596235489116217, ""Ensemble"": 0.052496979118433235}",0.316,91,"{""1"": 39, ""0"": 37, ""3"": 4, ""2"": 11}",35735,6.21,158.29,25.47,1.7394,14.65,1,516,517
257,2026-01-25T15:18:12.096766,16.15,"{""Fast"": 0.5225388907975317, ""Standard"": 0.26044116677656476, ""Complex"": 0.16121770669527416, ""Ensemble"": 0.05580223573062959}",0.485,100,"{""1"": 34, ""2"": 20, ""0"": 42, ""3"": 4}",45288,5.92,143.6,24.24,1.436,16.88,1,518,519
258,2026-01-25T15:18:24.296507,18.26,"{""Fast"": 0.4858743013297417, ""Standard"": 0.31566131646354895, ""Complex"": 0.1459865964292183, ""Ensemble"": 0.05247778577749098}",0.855,100,"{""0"": 43, ""2"": 20, ""3"": 6, ""1"": 31}",53065,6.23,148.72,23.86,1.4872,16.05,1,520,521
259,2026-01-25T15:18:36.364147,17.09,"{""Fast"": 0.4551575608420488, ""Standard"": 0.33862797863841354, ""Complex"": 0.15668605505695662, ""Ensemble"": 0.04952840546258105}",0.672,72,"{""0"": 30, ""1"": 25, ""2"": 14, ""3"": 3}",35037,6.19,147.65,23.87,2.0508,11.64,1,522,523
260,2026-01-25T15:18:48.086369,19.27,"{""Fast"": 0.5401239446411564, ""Standard"": 0.25249210564057234, ""Complex"": 0.1593654128704042, ""Ensemble"": 0.04801853684786704}",0.429,100,"{""0"": 48, ""1"": 28, ""2"": 20, ""3"": 4}",49562,5.93,141.46,23.85,1.4146,16.86,1,524,525
261,2026-01-25T15:19:00.351594,23.4,"{""Fast"": 0.5335618627311147, ""Standard"": 0.27350640310937535, ""Complex"": 0.14205347763829032, ""Ensemble"": 0.05087825652121965}",0.623,100,"{""0"": 57, ""1"": 24, ""2"": 14, ""3"": 5}",43572,6.23,156.89,25.19,1.5689,16.05,1,526,527
262,2026-01-25T15:19:12.354233,10.33,"{""Fast"": 0.4642068623396114, ""Standard"": 0.3263980010057732, ""Complex"": 0.16021129425182012, ""Ensemble"": 0.049183842402795254}",0.537,83,"{""1"": 31, ""0"": 34, ""2"": 13, ""3"": 5}",39976,6.2,161.54,26.06,1.9463,13.39,1,528,529
263,2026-01-25T15:19:24.352278,14.58,"{""Fast"": 0.4926607545060151, ""Standard"": 0.2816715880074406, ""Complex"": 0.1740593139611906, ""Ensemble"": 0.05160834352535365}",0.33,92,"{""1"": 23, ""0"": 53, ""2"": 11, ""3"": 5}",36030,6.22,156.6,25.2,1.7022,14.8,1,530,531
264,2026-01-25T15:19:36.314453,22.17,"{""Fast"": 0.4737722154094655, ""Standard"": 0.30440423545674844, ""Complex"": 0.1702147729178226, ""Ensemble"": 0.05160877621596349}",0.425,91,"{""1"": 39, ""2"": 17, ""0"": 34, ""3"": 1}",46287,6.21,150.04,24.16,1.6488,14.65,1,532,533
265,2026-01-25T15:19:48.080626,6.78,"{""Fast"": 0.5062495746781395, ""Standard"": 0.3118213892197842, ""Complex"": 0.13430112019353127, ""Ensemble"": 0.047627915908545}",0.77,99,"{""1"": 29, ""3"": 6, ""0"": 45, ""2"": 19}",44965,5.93,142.54,24.05,1.4398,16.7,1,534,535
266,2026-01-25T15:20:00.131373,6.78,"{""Fast"": 0.511123827581551, ""Standard"": 0.29280435203877486, ""Complex"": 0.1478504476727259, ""Ensemble"": 0.048221372706948366}",0.442,97,"{""0"": 56, ""3"": 3, ""1"": 28, ""2"": 10}",37647,5.93,145.17,24.49,1.4966,16.36,1,536,537
267,2026-01-25T15:20:12.099637,10.77,"{""Fast"": 0.5366227608714935, ""Standard"": 0.2697285627792339, ""Complex"": 0.14297169340813415, ""Ensemble"": 0.050676982941138426}",0.724,100,"{""1"": 32, ""0"": 51, ""3"": 4, ""2"": 13}",47136,5.93,143.65,24.23,1.4365,16.87,1,538,539
268,2026-01-25T15:20:24.294381,15.97,"{""Fast"": 0.519737248958542, ""Standard"": 0.3174605444440899, ""Complex"": 0.12130819982867869, ""Ensemble"": 0.04149400676868945}",0.854,100,"{""0"": 43, ""2"": 16, ""1"": 37, ""3"": 4}",48054,6.23,147.66,23.7,1.4766,16.05,1,540,541
269,2026-01-25T15:20:36.078410,10.0,"{""Fast"": 0.4801846273011916, ""Standard"": 0.28071760580429056, ""Complex"": 0.18534555894686372, ""Ensemble"": 0.05375220794765418}",0.798,86,"{""0"": 43, ""1"": 25, ""3"": 9, ""2"": 9}",41115,5.9,144.89,24.56,1.6848,14.58,1,542,543
270,2026-01-25T15:20:48.351735,17.65,"{""Fast"": 0.471463233828747, ""Standard"": 0.3280082355824701, ""Complex"": 0.147997042335732, ""Ensemble"": 0.05253148825305107}",0.327,100,"{""1"": 33, ""0"": 48, ""2"": 15, ""3"": 4}",41728,6.23,153.35,24.6,1.5335,16.04,1,544,545
271,2026-01-25T15:21:00.293518,6.4,"{""Fast"": 0.5327767544266294, ""Standard"": 0.287126826851706, ""Complex"": 0.13001864771601782, ""Ensemble"": 0.05007777100564669}",0.348,87,"{""0"": 48, ""2"": 6, ""3"": 4, ""1"": 29}",31700,6.21,150.82,24.29,1.7336,14.01,1,546,547
272,2026-01-25T15:21:12.089508,12.78,"{""Fast"": 0.45724106937664655, ""Standard"": 0.33726984669330756, ""Complex"": 0.1506736892844056, ""Ensemble"": 0.05481539464564031}",0.723,89,"{""0"": 39, ""1"": 40, ""2"": 8, ""3"": 2}",32632,5.91,144.72,24.5,1.6261,15.07,1,548,549
273,2026-01-25T15:21:24.329327,29.55,"{""Fast"": 0.5401774533200823, ""Standard"": 0.2672357882180924, ""Complex"": 0.14588365257785507, ""Ensemble"": 0.04670310588397025}",0.62,100,"{""0"": 53, ""2"": 15, ""3"": 7, ""1"": 25}",45951,6.23,149.65,24.0,1.4965,16.04,1,550,551
274,2026-01-25T15:21:36.364974,6.34,"{""Fast"": 0.49155729319013164, ""Standard"": 0.2886293380615771, ""Complex"": 0.16240346544179823, ""Ensemble"": 0.057409903306493}",0.467,99,"{""1"": 29, ""0"": 49, ""3"": 8, ""2"": 13}",43572,6.23,151.31,24.3,1.5284,15.9,1,552,553
275,2026-01-25T15:21:48.317731,12.26,"{""Fast"": 0.5536666684874729, ""Standard"": 0.251730156508585, ""Complex"": 0.14060216904069486, ""Ensemble"": 0.05400100596324712}",0.533,86,"{""1"": 25, ""0"": 45, ""3"": 7, ""2"": 9}",36755,6.2,153.16,24.68,1.7809,13.86,1,554,555
276,2026-01-25T15:22:00.115755,23.17,"{""Fast"": 0.5009396636007788, ""Standard"": 0.3206816830036415, ""Complex"": 0.1283537707871378, ""Ensemble"": 0.05002488260844179}",0.766,92,"{""1"": 26, ""0"": 51, ""2"": 9, ""3"": 6}",40117,5.92,147.17,24.88,1.5997,15.55,1,556,557
277,2026-01-25T15:22:12.351160,12.66,"{""Fast"": 0.4688949420822213, ""Standard"": 0.29784584520087837, ""Complex"": 0.17702899031370822, ""Ensemble"": 0.05623022240319203}",0.395,93,"{""0"": 40, ""1"": 33, ""3"": 6, ""2"": 14}",46245,6.22,147.94,23.79,1.5907,14.96,1,558,559
278,2026-01-25T15:22:24.358659,22.64,"{""Fast"": 0.4610784031802693, ""Standard"": 0.35047008359458226, ""Complex"": 0.13389902623687552, ""Ensemble"": 0.05455248698827295}",0.611,100,"{""1"": 38, ""0"": 49, ""2"": 11, ""3"": 2}",40493,6.24,154.71,24.79,1.5471,16.03,1,560,561
279,2026-01-25T15:22:36.318858,16.18,"{""Fast"": 0.4560074472076478, ""Standard"": 0.3399268121820822, ""Complex"": 0.15145506115759666, ""Ensemble"": 0.052610679452673385}",0.425,89,"{""0"": 49, ""2"": 14, ""1"": 19, ""3"": 7}",41130,6.21,152.05,24.48,1.7084,14.33,1,562,563
280,2026-01-25T15:22:48.301996,27.79,"{""Fast"": 0.4709825189631785, ""Standard"": 0.3302487772436375, ""Complex"": 0.14620632983262882, ""Ensemble"": 0.05256237396055508}",0.43,100,"{""3"": 3, ""0"": 44, ""2"": 15, ""1"": 38}",44071,6.24,150.57,24.14,1.5057,16.03,1,564,565
281,2026-01-25T15:23:00.138400,25.01,"{""Fast"": 0.5059493773248392, ""Standard"": 0.29251991013212575, ""Complex"": 0.14574320111323238, ""Ensemble"": 0.05578751142980261}",0.933,100,"{""1"": 26, ""0"": 54, ""2"": 13, ""3"": 7}",49212,5.93,153.55,25.91,1.5355,16.87,1,566,567
282,2026-01-25T15:23:12.329637,5.93,"{""Fast"": 0.4993283114142094, ""Standard"": 0.2958944346241192, ""Complex"": 0.156082682481948, ""Ensemble"": 0.04869457147972345}",0.386,93,"{""0"": 50, ""2"": 10, ""3"": 5, ""1"": 28}",38397,6.22,150.29,24.15,1.6161,14.95,1,568,569
283,2026-01-25T15:23:24.108868,14.08,"{""Fast"": 0.5299772302400075, ""Standard"": 0.26734826768168785, ""Complex"": 0.15624073187920592, ""Ensemble"": 0.04643377019909877}",0.334,89,"{""1"": 26, ""0"": 43, ""2"": 18, ""3"": 2}",37973,5.91,140.5,23.77,1.5787,15.06,1,570,571
284,2026-01-25T15:23:36.111712,7.57,"{""Fast"": 0.46723624901140637, ""Standard"": 0.3120782947409568, ""Complex"": 0.16806022272448407, ""Ensemble"": 0.05262523352315282}",0.91,100,"{""0"": 37, ""3"": 5, ""2"": 23, ""1"": 35}",57167,5.93,141.74,23.91,1.4174,16.87,1,572,573
285,2026-01-25T15:23:48.109063,5.66,"{""Fast"": 0.49337878228566706, ""Standard"": 0.30526511076204693, ""Complex"": 0.15831137372437235, ""Ensemble"": 0.04304473322791353}",0.601,99,"{""0"": 50, ""2"": 19, ""3"": 3, ""1"": 27}",44734,5.92,147.02,24.82,1.485,16.71,1,574,575
286,2026-01-25T15:24:00.299220,19.02,"{""Fast"": 0.5207349616482736, ""Standard"": 0.2752524047151969, ""Complex"": 0.14744819569159573, ""Ensemble"": 0.0565644379449338}",0.984,100,"{""1"": 30, ""0"": 51, ""2"": 15, ""3"": 4}",45776,6.23,155.89,25.02,1.5589,16.05,1,576,577
287,2026-01-25T15:24:12.143832,7.07,"{""Fast"": 0.5580415683671556, ""Standard"": 0.2568235643220221, ""Complex"": 0.14089671170086668, ""Ensemble"": 0.044238155609955664}",0.37,100,"{""1"": 28, ""0"": 55, ""2"": 16, ""3"": 1}",40115,5.93,144.92,24.45,1.4492,16.87,1,578,579
288,2026-01-25T15:24:24.343450,26.55,"{""Fast"": 0.5545956724618659, ""Standard"": 0.2520796617523114, ""Complex"": 0.15023146700500306, ""Ensemble"": 0.043093198780819575}",0.709,100,"{""2"": 15, ""1"": 24, ""0"": 55, ""3"": 6}",48274,6.23,148.75,23.87,1.4875,16.05,1,580,581
289,2026-01-25T15:24:36.335790,24.16,"{""Fast"": 0.484190200547215, ""Standard"": 0.3325827698216392, ""Complex"": 0.13386599775914687, ""Ensemble"": 0.049361031871999056}",0.906,99,"{""0"": 47, ""1"": 30, ""3"": 4, ""2"": 18}",45919,6.23,150.07,24.1,1.5159,15.9,1,582,583
290,2026-01-25T15:24:48.348292,26.71,"{""Fast"": 0.5206677726451502, ""Standard"": 0.30275316683897946, ""Complex"": 0.13207283987934304, ""Ensemble"": 0.04450622063652728}",1.0,88,"{""0"": 59, ""3"": 5, ""1"": 20, ""2"": 4}",32038,6.21,150.45,24.22,1.7097,14.17,1,584,585
291,2026-01-25T15:25:00.119781,8.28,"{""Fast"": 0.5370006673208486, ""Standard"": 0.27601679633545656, ""Complex"": 0.14013826015255534, ""Ensemble"": 0.04684427619113943}",0.841,99,"{""0"": 50, ""3"": 7, ""2"": 18, ""1"": 24}",52164,5.93,149.87,25.29,1.5139,16.7,1,586,587
292,2026-01-25T15:25:12.316629,27.65,"{""Fast"": 0.47160213213397945, ""Standard"": 0.3262754321870818, ""Complex"": 0.15247347062459363, ""Ensemble"": 0.049648965054345205}",0.658,100,"{""1"": 35, ""0"": 44, ""3"": 12, ""2"": 9}",50130,6.23,149.74,24.03,1.4974,16.05,1,588,589
293,2026-01-25T15:25:24.304749,25.32,"{""Fast"": 0.5128131684049589, ""Standard"": 0.28650218333059524, ""Complex"": 0.14907301558330216, ""Ensemble"": 0.051611632681143736}",0.306,100,"{""1"": 37, ""3"": 3, ""0"": 49, ""2"": 11}",36718,6.23,154.85,24.86,1.5485,16.05,1,590,591
294,2026-01-25T15:25:36.342374,11.36,"{""Fast"": 0.5548314055183043, ""Standard"": 0.2576692326798635, ""Complex"": 0.13013013874108895, ""Ensemble"": 0.0573692230607431}",0.52,95,"{""0"": 53, ""3"": 5, ""1"": 25, ""2"": 12}",43869,6.22,150.06,24.12,1.5796,15.27,1,592,593
295,2026-01-25T15:25:48.302178,23.01,"{""Fast"": 0.5295730033853125, ""Standard"": 0.26993755110180595, ""Complex"": 0.1579141875870002, ""Ensemble"": 0.0425752579258814}",0.872,100,"{""0"": 60, ""2"": 13, ""1"": 24, ""3"": 3}",37277,6.23,149.55,24.0,1.4955,16.05,1,594,595
296,2026-01-25T15:26:00.321442,27.24,"{""Fast"": 0.5251877536062349, ""Standard"": 0.307266191730434, ""Complex"": 0.12487075207442493, ""Ensemble"": 0.04267530258890623}",0.405,84,"{""0"": 42, ""1"": 23, ""2"": 13, ""3"": 6}",38644,6.21,155.58,25.07,1.8521,13.53,1,596,597
297,2026-01-25T15:26:12.076989,16.59,"{""Fast"": 0.5395187537969195, ""Standard"": 0.28394526835946066, ""Complex"": 0.12731894443935957, ""Ensemble"": 0.04921703340426024}",0.427,100,"{""0"": 57, ""1"": 29, ""3"": 4, ""2"": 10}",37372,5.92,143.79,24.28,1.4379,16.88,1,598,599
298,2026-01-25T15:26:24.132745,27.39,"{""Fast"": 0.4744713805473065, ""Standard"": 0.3148523604350017, ""Complex"": 0.15718615684779413, ""Ensemble"": 0.053490102169897656}",0.752,98,"{""2"": 17, ""0"": 43, ""1"": 34, ""3"": 4}",51435,5.93,142.13,23.99,1.4503,16.54,1,600,601
299,2026-01-25T15:26:36.107943,16.71,"{""Fast"": 0.48979639277610404, ""Standard"": 0.31103348151591936, ""Complex"": 0.15379742860051995, ""Ensemble"": 0.04537269710745658}",0.351,100,"{""0"": 59, ""2"": 8, ""1"": 29, ""3"": 4}",33860,5.92,139.33,23.52,1.3933,16.88,1,602,603
300,2026-01-25T15:26:48.289405,9.5,"{""Fast"": 0.518983807089211, ""Standard"": 0.28135136353928214, ""Complex"": 0.1460124947898574, ""Ensemble"": 0.053652334581649544}",0.545,87,"{""0"": 44, ""2"": 20, ""1"": 19, ""3"": 4}",40864,6.21,147.44,23.74,1.6947,14.01,1,604,605
301,2026-01-25T15:27:00.370086,25.56,"{""Fast"": 0.5303802205376166, ""Standard"": 0.25464086068195335, ""Complex"": 0.16268634189515307, ""Ensemble"": 0.05229257688527686}",0.552,98,"{""0"": 51, ""2"": 21, ""1"": 21, ""3"": 5}",46785,6.23,152.08,24.42,1.5518,15.73,1,606,607
302,2026-01-25T15:27:12.075756,25.6,"{""Fast"": 0.4921339171170658, ""Standard"": 0.2812363213077915, ""Complex"": 0.16798650072273863, ""Ensemble"": 0.05864326085240414}",0.852,89,"{""0"": 42, ""2"": 17, ""1"": 25, ""3"": 5}",42724,5.91,145.12,24.57,1.6306,15.07,1,608,609
303,2026-01-25T15:27:24.282991,29.39,"{""Fast"": 0.4998599103399758, ""Standard"": 0.3207325261333539, ""Complex"": 0.13819281287111418, ""Ensemble"": 0.041214750655556194}",0.657,91,"{""0"": 45, ""1"": 24, ""2"": 16, ""3"": 6}",46620,6.22,150.85,24.27,1.6577,14.64,1,610,611
304,2026-01-25T15:27:36.133294,6.93,"{""Fast"": 0.48593372699985177, ""Standard"": 0.32372419354001686, ""Complex"": 0.14635752826251477, ""Ensemble"": 0.04398455119761661}",0.496,100,"{""0"": 45, ""1"": 31, ""2"": 18, ""3"": 6}",45583,5.93,141.71,23.9,1.4171,16.87,1,612,613
305,2026-01-25T15:27:48.128594,29.93,"{""Fast"": 0.4635904908902316, ""Standard"": 0.3272609728242438, ""Complex"": 0.15527061926429417, ""Ensemble"": 0.05387791702123044}",0.398,95,"{""0"": 43, ""1"": 35, ""2"": 13, ""3"": 4}",44593,5.92,143.29,24.21,1.5083,16.05,1,614,615
306,2026-01-25T15:28:00.301048,10.78,"{""Fast"": 0.4406304029252099, ""Standard"": 0.34873533606237106, ""Complex"": 0.16617230847617726, ""Ensemble"": 0.04446195253624177}",0.348,100,"{""1"": 32, ""2"": 19, ""0"": 44, ""3"": 5}",45115,6.23,154.99,24.87,1.5499,16.05,1,616,617
307,2026-01-25T15:28:12.143021,7.7,"{""Fast"": 0.46281853400151696, ""Standard"": 0.3153534247571299, ""Complex"": 0.17380981982337956, ""Ensemble"": 0.04801822141797366}",0.47,96,"{""0"": 44, ""3"": 6, ""1"": 28, ""2"": 18}",43644,5.92,145.21,24.52,1.5126,16.21,1,618,619
308,2026-01-25T15:28:24.296281,7.07,"{""Fast"": 0.4995993309045605, ""Standard"": 0.30028009265295463, ""Complex"": 0.15430404253090482, ""Ensemble"": 0.045816533911580165}",0.83,87,"{""1"": 27, ""0"": 42, ""3"": 3, ""2"": 15}",37568,6.21,159.82,25.74,1.837,14.01,1,620,621
309,2026-01-25T15:28:36.348604,12.83,"{""Fast"": 0.5021330257085272, ""Standard"": 0.26599116698334235, ""Complex"": 0.17485257376388869, ""Ensemble"": 0.05702323354424182}",0.626,100,"{""1"": 26, ""0"": 50, ""2"": 16, ""3"": 8}",49515,6.23,152.64,24.5,1.5264,16.05,1,622,623
310,2026-01-25T15:28:48.075488,27.46,"{""Fast"": 0.4765435087206619, ""Standard"": 0.3188587157268028, ""Complex"": 0.15483098868957637, ""Ensemble"": 0.049766786862958864}",0.479,94,"{""0"": 41, ""1"": 36, ""2"": 12, ""3"": 5}",40801,5.92,142.85,24.14,1.5197,15.89,1,624,625
311,2026-01-25T15:29:00.317042,24.56,"{""Fast"": 0.4597512176521075, ""Standard"": 0.32197433581581225, ""Complex"": 0.1620494881753412, ""Ensemble"": 0.05622495835673893}",0.907,89,"{""2"": 12, ""1"": 38, ""0"": 30, ""3"": 9}",49206,6.21,156.95,25.27,1.7635,14.33,1,626,627
312,2026-01-25T15:29:12.299657,16.02,"{""Fast"": 0.4836350792336512, ""Standard"": 0.3315158325098372, ""Complex"": 0.13397877174780687, ""Ensemble"": 0.05087031650870474}",0.51,100,"{""1"": 23, ""0"": 53, ""3"": 6, ""2"": 18}",48658,6.23,150.81,24.19,1.5081,16.04,1,628,629
313,2026-01-25T15:29:24.141813,11.9,"{""Fast"": 0.43955102972886645, ""Standard"": 0.34691848933587954, ""Complex"": 0.16171496645378866, ""Ensemble"": 0.05181551448146528}",0.705,100,"{""1"": 31, ""2"": 17, ""0"": 45, ""3"": 7}",52553,5.93,142.35,23.99,1.4235,16.85,1,630,631
314,2026-01-25T15:29:36.337451,12.15,"{""Fast"": 0.4863102394637811, ""Standard"": 0.2990576093349458, ""Complex"": 0.15655605545025, ""Ensemble"": 0.05807609575102307}",0.578,96,"{""0"": 39, ""1"": 34, ""3"": 7, ""2"": 16}",48787,6.23,151.9,24.4,1.5823,15.42,1,632,633
315,2026-01-25T15:29:48.131764,25.74,"{""Fast"": 0.5123384276357262, ""Standard"": 0.3099452507831227, ""Complex"": 0.1309779145221186, ""Ensemble"": 0.04673840705903237}",0.425,100,"{""0"": 56, ""1"": 31, ""2"": 10, ""3"": 3}",35331,5.93,145.73,24.58,1.4573,16.87,1,634,635
316,2026-01-25T15:30:00.331038,23.8,"{""Fast"": 0.4655470894681916, ""Standard"": 0.3266818040649342, ""Complex"": 0.15486443728180888, ""Ensemble"": 0.05290666918506545}",0.823,99,"{""1"": 28, ""3"": 5, ""2"": 18, ""0"": 48}",53728,6.23,153.68,24.67,1.5523,15.89,1,636,637
317,2026-01-25T15:30:12.298089,20.63,"{""Fast"": 0.5148600916427798, ""Standard"": 0.2944954068667556, ""Complex"": 0.1361840460568945, ""Ensemble"": 0.054460455433570094}",0.987,100,"{""2"": 10, ""0"": 50, ""1"": 33, ""3"": 7}",43484,6.23,150.72,24.18,1.5072,16.05,1,638,639
318,2026-01-25T15:30:24.342282,18.65,"{""Fast"": 0.5115666043441174, ""Standard"": 0.30450194446315726, ""Complex"": 0.13352820257285147, ""Ensemble"": 0.050403248619873976}",0.993,100,"{""2"": 14, ""0"": 51, ""1"": 33, ""3"": 2}",42805,6.23,150.21,24.09,1.5021,16.04,1,640,641
319,2026-01-25T15:30:36.300530,8.98,"{""Fast"": 0.5464285767237385, ""Standard"": 0.26703993790048824, ""Complex"": 0.13731576739172693, ""Ensemble"": 0.049215717984046406}",0.965,100,"{""2"": 15, ""0"": 57, ""1"": 21, ""3"": 7}",47584,6.23,149.9,24.06,1.499,16.05,1,642,643
320,2026-01-25T15:30:48.320124,16.16,"{""Fast"": 0.5345712383320635, ""Standard"": 0.26280494554035316, ""Complex"": 0.15487713677730305, ""Ensemble"": 0.04774667935028017}",0.49,91,"{""0"": 49, ""1"": 24, ""2"": 10, ""3"": 8}",39622,6.21,151.72,24.42,1.6673,14.65,1,644,645
321,2026-01-25T15:31:00.355451,28.72,"{""Fast"": 0.4844726220600019, ""Standard"": 0.31235130970394587, ""Complex"": 0.14937690037825233, ""Ensemble"": 0.05379916785779997}",0.747,86,"{""0"": 42, ""1"": 29, ""3"": 8, ""2"": 7}",39784,6.21,155.6,25.08,1.8093,13.86,1,646,647
322,2026-01-25T15:31:12.301529,24.3,"{""Fast"": 0.49534779020194925, ""Standard"": 0.302929476453938, ""Complex"": 0.14437439222934925, ""Ensemble"": 0.05734834111476343}",0.532,97,"{""2"": 14, ""1"": 29, ""0"": 48, ""3"": 6}",44979,6.22,151.07,24.28,1.5574,15.59,1,648,649
323,2026-01-25T15:31:24.073869,23.67,"{""Fast"": 0.45036642807693544, ""Standard"": 0.33603798924944117, ""Complex"": 0.1568199098146604, ""Ensemble"": 0.05677567285896319}",0.839,95,"{""0"": 42, ""1"": 29, ""3"": 6, ""2"": 18}",47496,5.92,146.98,24.83,1.5471,16.05,1,650,651
324,2026-01-25T15:31:36.090494,27.11,"{""Fast"": 0.4859560431621541, ""Standard"": 0.31986122480288565, ""Complex"": 0.1470428730769763, ""Ensemble"": 0.047139858957983866}",0.327,100,"{""2"": 14, ""1"": 27, ""0"": 53, ""3"": 6}",41477,5.93,142.29,24.01,1.4229,16.88,1,652,653
325,2026-01-25T15:31:48.355163,29.33,"{""Fast"": 0.5083508426712005, ""Standard"": 0.307691588220067, ""Complex"": 0.13594230547302769, ""Ensemble"": 0.0480152636357049}",0.567,96,"{""1"": 34, ""0"": 46, ""2"": 12, ""3"": 4}",46775,6.23,151.91,24.4,1.5824,15.42,1,654,655
326,2026-01-25T15:32:00.345498,9.74,"{""Fast"": 0.5144542836491081, ""Standard"": 0.2891170949714414, ""Complex"": 0.14374078323517372, ""Ensemble"": 0.0526878381442767}",0.564,88,"{""3"": 8, ""0"": 40, ""1"": 29, ""2"": 11}",43382,6.21,155.77,25.09,1.7701,14.17,1,656,657
327,2026-01-25T15:32:12.376607,10.34,"{""Fast"": 0.47313001362510065, ""Standard"": 0.30671569607731775, ""Complex"": 0.16158525657664996, ""Ensemble"": 0.0585690337209315}",0.345,100,"{""0"": 55, ""2"": 18, ""1"": 21, ""3"": 6}",43904,6.23,156.06,25.05,1.5606,16.05,1,658,659
328,2026-01-25T15:32:24.370851,19.95,"{""Fast"": 0.48704749455535695, ""Standard"": 0.29147682202143654, ""Complex"": 0.15935569007996012, ""Ensemble"": 0.0621199933432463}",0.813,79,"{""2"": 9, ""1"": 27, ""0"": 40, ""3"": 3}",35529,6.19,149.67,24.17,1.8945,12.76,1,660,661
329,2026-01-25T15:32:36.351582,10.88,"{""Fast"": 0.4672912253991269, ""Standard"": 0.33079510873239965, ""Complex"": 0.1464234762617878, ""Ensemble"": 0.055490189606685524}",0.596,96,"{""0"": 39, ""1"": 33, ""2"": 12, ""3"": 12}",50045,6.22,149.85,24.07,1.5609,15.42,1,662,663
330,2026-01-25T15:32:48.329206,18.89,"{""Fast"": 0.5398607780715272, ""Standard"": 0.26155197538073777, ""Complex"": 0.14381855975180352, ""Ensemble"": 0.054768686795931505}",0.771,84,"{""2"": 15, ""1"": 25, ""0"": 39, ""3"": 5}",42301,6.2,150.71,24.29,1.7942,13.54,1,664,665
331,2026-01-25T15:33:00.340242,13.45,"{""Fast"": 0.4771873873318772, ""Standard"": 0.321936111398143, ""Complex"": 0.14973217260212973, ""Ensemble"": 0.05114432866785016}",0.439,100,"{""0"": 50, ""2"": 16, ""1"": 31, ""3"": 3}",43650,6.23,157.85,25.34,1.5785,16.05,1,666,667
332,2026-01-25T15:33:12.353073,15.09,"{""Fast"": 0.49134521660062386, ""Standard"": 0.30730403981823495, ""Complex"": 0.15447135838278356, ""Ensemble"": 0.04687938519835768}",0.638,89,"{""0"": 49, ""2"": 12, ""1"": 27, ""3"": 1}",36034,6.21,153.45,24.71,1.7242,14.33,1,668,669
333,2026-01-25T15:33:24.091872,10.13,"{""Fast"": 0.47787380181704986, ""Standard"": 0.3232433924526864, ""Complex"": 0.1502232391637389, ""Ensemble"": 0.04865956656652481}",0.659,100,"{""1"": 31, ""2"": 14, ""0"": 52, ""3"": 3}",48339,5.93,144.62,24.38,1.4462,16.86,1,670,671
334,2026-01-25T15:33:36.194727,15.0,"{""Fast"": 0.4951157498822013, ""Standard"": 0.33580132972105886, ""Complex"": 0.12727253589974008, ""Ensemble"": 0.04181038449699978}",0.501,84,"{""0"": 36, ""1"": 28, ""2"": 16, ""3"": 4}",45168,5.6,137.57,24.56,1.6378,15.0,1,672,673
335,2026-01-25T15:33:48.144457,21.56,"{""Fast"": 0.48040077485615085, ""Standard"": 0.3206906672688707, ""Complex"": 0.14504820473510802, ""Ensemble"": 0.05386035313987046}",0.726,99,"{""1"": 34, ""0"": 49, ""2"": 11, ""3"": 5}",39997,5.93,144.18,24.32,1.4564,16.7,1,674,675
336,2026-01-25T15:34:00.324100,10.74,"{""Fast"": 0.4661573392168069, ""Standard"": 0.3214650120626989, ""Complex"": 0.1635983858779478, ""Ensemble"": 0.04877926284254647}",0.399,91,"{""0"": 43, ""2"": 12, ""1"": 32, ""3"": 4}",40630,6.21,156.32,25.16,1.7178,14.64,1,676,677
337,2026-01-25T15:34:12.100862,22.79,"{""Fast"": 0.49808805202654194, ""Standard"": 0.2789584442514575, ""Complex"": 0.1670848929567827, ""Ensemble"": 0.055868610765217805}",0.861,100,"{""1"": 33, ""0"": 50, ""2"": 12, ""3"": 5}",41924,5.93,143.84,24.27,1.4384,16.87,1,678,679
338,2026-01-25T15:34:24.362902,5.0,"{""Fast"": 0.5212672309357318, ""Standard"": 0.27650273152224075, ""Complex"": 0.14285616798944434, ""Ensemble"": 0.059373869552583176}",0.797,100,"{""1"": 39, ""0"": 48, ""2"": 11, ""3"": 2}",38355,6.23,155.71,24.99,1.5571,16.05,1,680,681
339,2026-01-25T15:34:36.371605,24.07,"{""Fast"": 0.5186252946257704, ""Standard"": 0.28617378808347105, ""Complex"": 0.14310960058327585, ""Ensemble"": 0.052091316707482585}",0.856,92,"{""1"": 22, ""0"": 55, ""2"": 14, ""3"": 1}",37525,6.21,154.79,24.91,1.6825,14.81,1,682,683
340,2026-01-25T15:34:48.283478,11.11,"{""Fast"": 0.4878284762860792, ""Standard"": 0.2988696301008805, ""Complex"": 0.16034124537326194, ""Ensemble"": 0.052960648239778405}",0.592,93,"{""0"": 44, ""1"": 28, ""2"": 13, ""3"": 8}",47105,6.22,149.8,24.1,1.6107,14.96,1,684,685
341,2026-01-25T15:35:00.139808,17.25,"{""Fast"": 0.4948786747774113, ""Standard"": 0.29866227563473946, ""Complex"": 0.16285253585177586, ""Ensemble"": 0.04360651373607334}",0.773,100,"{""1"": 30, ""0"": 48, ""2"": 20, ""3"": 2}",42387,5.93,147.59,24.89,1.4759,16.86,1,686,687
342,2026-01-25T15:35:12.126891,16.33,"{""Fast"": 0.5215156550429532, ""Standard"": 0.2804582503391884, ""Complex"": 0.1544565312768784, ""Ensemble"": 0.04356956334098003}",0.587,100,"{""1"": 30, ""2"": 23, ""0"": 42, ""3"": 5}",52827,5.93,142.4,24.03,1.424,16.88,1,688,689
343,2026-01-25T15:35:24.335754,18.61,"{""Fast"": 0.481423715083216, ""Standard"": 0.31742579464310916, ""Complex"": 0.1511572268373736, ""Ensemble"": 0.04999326343630123}",0.656,100,"{""2"": 16, ""0"": 55, ""1"": 27, ""3"": 2}",42568,6.23,152.77,24.51,1.5277,16.04,1,690,691
344,2026-01-25T15:35:36.295466,12.36,"{""Fast"": 0.5260403779568003, ""Standard"": 0.2613311829355402, ""Complex"": 0.16041428605564098, ""Ensemble"": 0.05221415305201873}",0.488,95,"{""2"": 14, ""0"": 47, ""1"": 28, ""3"": 6}",44323,6.22,150.93,24.25,1.5887,15.26,1,692,693
345,2026-01-25T15:35:48.304904,29.13,"{""Fast"": 0.47762477496400585, ""Standard"": 0.299250735496723, ""Complex"": 0.16402258071551587, ""Ensemble"": 0.05910190882375532}",0.965,100,"{""1"": 35, ""2"": 16, ""0"": 42, ""3"": 7}",51335,6.23,153.82,24.68,1.5382,16.04,1,694,695
346,2026-01-25T15:36:00.142589,5.83,"{""Fast"": 0.4928765056747681, ""Standard"": 0.29921656161762616, ""Complex"": 0.14968886596784542, ""Ensemble"": 0.05821806673976023}",0.958,100,"{""0"": 52, ""2"": 15, ""1"": 29, ""3"": 4}",46588,5.93,147.24,24.84,1.4724,16.87,1,696,697
347,2026-01-25T15:36:12.346126,20.53,"{""Fast"": 0.49644200246875375, ""Standard"": 0.30078645936631876, ""Complex"": 0.144087569902851, ""Ensemble"": 0.05868396826207655}",0.451,100,"{""3"": 6, ""0"": 51, ""2"": 19, ""1"": 24}",44471,6.23,149.21,23.94,1.4921,16.04,1,698,699
348,2026-01-25T15:36:24.319983,6.73,"{""Fast"": 0.5368052755357987, ""Standard"": 0.2565171239391076, ""Complex"": 0.15434847095144663, ""Ensemble"": 0.05232912957364709}",0.93,98,"{""0"": 43, ""1"": 32, ""2"": 19, ""3"": 4}",44315,6.23,152.53,24.48,1.5564,15.73,1,700,701
349,2026-01-25T15:36:36.345326,6.98,"{""Fast"": 0.5257328791811026, ""Standard"": 0.2741701165067476, ""Complex"": 0.1510831674521555, ""Ensemble"": 0.04901383685999437}",0.425,95,"{""1"": 28, ""0"": 45, ""3"": 6, ""2"": 16}",45074,6.23,146.57,23.54,1.5428,15.26,1,702,703
350,2026-01-25T15:36:48.300497,7.0,"{""Fast"": 0.4831349304592999, ""Standard"": 0.31418404872228256, ""Complex"": 0.14863443823218794, ""Ensemble"": 0.05404658258622963}",0.828,98,"{""1"": 35, ""0"": 46, ""3"": 6, ""2"": 11}",49065,6.23,151.47,24.31,1.5456,15.73,1,704,705
351,2026-01-25T15:37:00.331248,15.06,"{""Fast"": 0.5065100177291998, ""Standard"": 0.2748983861421122, ""Complex"": 0.16169305216590607, ""Ensemble"": 0.05689854396278193}",0.914,100,"{""0"": 58, ""3"": 8, ""2"": 14, ""1"": 20}",54780,6.23,154.24,24.76,1.5424,16.05,1,706,707
352,2026-01-25T15:37:12.321578,24.83,"{""Fast"": 0.48330789212666403, ""Standard"": 0.31368826407986256, ""Complex"": 0.14682129538669025, ""Ensemble"": 0.05618254840678302}",0.864,100,"{""2"": 16, ""0"": 48, ""1"": 35, ""3"": 1}",47067,6.23,152.6,24.49,1.526,16.05,1,708,709
353,2026-01-25T15:37:24.361816,5.87,"{""Fast"": 0.5219507258070478, ""Standard"": 0.27117652647656276, ""Complex"": 0.1575853095379541, ""Ensemble"": 0.04928743817843517}",0.917,98,"{""0"": 52, ""1"": 28, ""2"": 12, ""3"": 6}",49938,6.23,151.66,24.35,1.5476,15.73,1,710,711
354,2026-01-25T15:37:36.321990,20.11,"{""Fast"": 0.5076149345956529, ""Standard"": 0.30010512077003704, ""Complex"": 0.14212518883235137, ""Ensemble"": 0.05015475580195883}",0.492,94,"{""0"": 54, ""1"": 25, ""2"": 13, ""3"": 2}",36267,6.22,155.83,25.06,1.6578,15.11,1,712,713
355,2026-01-25T15:37:48.313986,17.57,"{""Fast"": 0.507394796192931, ""Standard"": 0.296864013642423, ""Complex"": 0.1448187863279757, ""Ensemble"": 0.050922403836670294}",0.973,96,"{""1"": 31, ""0"": 42, ""2"": 19, ""3"": 4}",45177,6.23,151.29,24.3,1.5759,15.42,1,714,715
356,2026-01-25T15:38:00.127534,7.4,"{""Fast"": 0.4715244043876088, ""Standard"": 0.3189914307921834, ""Complex"": 0.1560891746142839, ""Ensemble"": 0.053394990205923885}",0.712,100,"{""0"": 49, ""1"": 27, ""2"": 16, ""3"": 8}",48470,5.93,150.39,25.37,1.5039,16.87,1,716,717
357,2026-01-25T15:38:12.329964,8.92,"{""Fast"": 0.4696005626574036, ""Standard"": 0.30341895545630804, ""Complex"": 0.17260876759007376, ""Ensemble"": 0.05437171429621467}",0.836,100,"{""0"": 43, ""1"": 39, ""2"": 15, ""3"": 3}",48503,6.23,148.41,23.82,1.4841,16.05,1,718,719
358,2026-01-25T15:38:24.321878,13.15,"{""Fast"": 0.49179311491731503, ""Standard"": 0.29438801123535474, ""Complex"": 0.1567584052396949, ""Ensemble"": 0.05706046860763544}",0.997,100,"{""0"": 48, ""1"": 39, ""2"": 9, ""3"": 4}",45547,6.23,159.31,25.57,1.5931,16.05,1,720,721
359,2026-01-25T15:38:36.349795,20.28,"{""Fast"": 0.5322178863322335, ""Standard"": 0.25929139751606434, ""Complex"": 0.15573782445087292, ""Ensemble"": 0.05275289170082906}",0.956,91,"{""0"": 41, ""1"": 23, ""2"": 21, ""3"": 6}",49434,6.22,153.46,24.68,1.6863,14.64,1,722,723
360,2026-01-25T15:38:48.144717,5.71,"{""Fast"": 0.5344111804767114, ""Standard"": 0.26476778402255363, ""Complex"": 0.15159785541812457, ""Ensemble"": 0.049223180082610285}",0.654,100,"{""2"": 10, ""0"": 50, ""1"": 33, ""3"": 7}",49506,5.93,144.26,24.33,1.4426,16.87,1,724,725
361,2026-01-25T15:39:00.345179,28.06,"{""Fast"": 0.5035393817791013, ""Standard"": 0.2989993195829197, ""Complex"": 0.14681576945926994, ""Ensemble"": 0.05064552917870898}",0.675,99,"{""2"": 14, ""0"": 50, ""1"": 31, ""3"": 4}",43352,6.23,154.83,24.86,1.5639,15.89,1,726,727
362,2026-01-25T15:39:12.318228,19.7,"{""Fast"": 0.5598985764048978, ""Standard"": 0.2537914041663416, ""Complex"": 0.14315675448766874, ""Ensemble"": 0.04315326494109178}",0.941,95,"{""2"": 13, ""0"": 52, ""3"": 8, ""1"": 22}",45428,6.22,151.15,24.3,1.591,15.27,1,728,729
363,2026-01-25T15:39:24.328648,8.69,"{""Fast"": 0.4506936621229452, ""Standard"": 0.3436670494640664, ""Complex"": 0.15238898460405784, ""Ensemble"": 0.05325030380893055}",0.386,98,"{""2"": 16, ""1"": 36, ""0"": 42, ""3"": 4}",42531,6.23,150.56,24.17,1.5363,15.73,1,730,731
364,2026-01-25T15:39:36.304637,7.68,"{""Fast"": 0.4784005917417097, ""Standard"": 0.2969851225401038, ""Complex"": 0.16945192792424932, ""Ensemble"": 0.05516235779393711}",0.317,100,"{""1"": 22, ""2"": 22, ""0"": 52, ""3"": 4}",46360,6.23,151.12,24.25,1.5112,16.05,1,732,733
365,2026-01-25T15:39:48.340198,21.66,"{""Fast"": 0.49205349943260185, ""Standard"": 0.30074287962430846, ""Complex"": 0.14991957653825952, ""Ensemble"": 0.05728404440483025}",0.608,92,"{""1"": 30, ""0"": 49, ""3"": 3, ""2"": 10}",32828,6.22,150.58,24.22,1.6367,14.8,1,734,735
366,2026-01-25T15:40:00.109261,29.84,"{""Fast"": 0.4600766708864649, ""Standard"": 0.3436338296484895, ""Complex"": 0.14044848269741908, ""Ensemble"": 0.05584101676762656}",0.554,82,"{""0"": 36, ""2"": 16, ""1"": 28, ""3"": 2}",37720,5.9,145.17,24.61,1.7704,13.9,1,736,737
367,2026-01-25T15:40:12.360535,25.08,"{""Fast"": 0.5257102125003129, ""Standard"": 0.26340126748635756, ""Complex"": 0.1629376050663032, ""Ensemble"": 0.047950914947026205}",0.316,100,"{""2"": 17, ""0"": 58, ""1"": 20, ""3"": 5}",40752,6.23,151.44,24.29,1.5144,16.04,1,738,739
368,2026-01-25T15:40:24.330542,12.71,"{""Fast"": 0.5238561607811769, ""Standard"": 0.2714761520388406, ""Complex"": 0.15285706077932565, ""Ensemble"": 0.051810626400656805}",0.704,98,"{""2"": 14, ""0"": 49, ""1"": 27, ""3"": 8}",46033,6.22,153.6,24.67,1.5673,15.74,1,740,741
369,2026-01-25T15:40:36.360764,26.31,"{""Fast"": 0.5252248469494507, ""Standard"": 0.29774386233279754, ""Complex"": 0.13046014413202553, ""Ensemble"": 0.046571146585726315}",0.355,100,"{""0"": 61, ""3"": 4, ""1"": 26, ""2"": 9}",36215,6.23,152.42,24.46,1.5242,16.05,1,742,743
370,2026-01-25T15:40:48.342667,27.63,"{""Fast"": 0.44980699187974704, ""Standard"": 0.3362654700274397, ""Complex"": 0.1631333239927101, ""Ensemble"": 0.05079421410010312}",0.841,98,"{""3"": 7, ""2"": 15, ""1"": 27, ""0"": 49}",45958,6.23,152.94,24.54,1.5606,15.73,1,744,745
371,2026-01-25T15:41:00.370529,7.27,"{""Fast"": 0.5301350048030528, ""Standard"": 0.2758288531175077, ""Complex"": 0.14540655220665782, ""Ensemble"": 0.04862958987278181}",0.62,96,"{""2"": 17, ""1"": 18, ""0"": 56, ""3"": 5}",44755,6.23,155.56,24.98,1.6204,15.42,1,746,747
372,2026-01-25T15:41:12.342030,6.61,"{""Fast"": 0.4831510093938372, ""Standard"": 0.323814400126636, ""Complex"": 0.14231103988410712, ""Ensemble"": 0.05072355059541975}",0.381,100,"{""0"": 53, ""1"": 32, ""3"": 4, ""2"": 11}",41213,6.23,152.07,24.39,1.5207,16.04,1,748,749
373,2026-01-25T15:41:24.081052,23.63,"{""Fast"": 0.5082256283417036, ""Standard"": 0.3215808205284831, ""Complex"": 0.1275042249648285, ""Ensemble"": 0.042689326164984824}",0.403,100,"{""0"": 56, ""2"": 16, ""1"": 26, ""3"": 2}",37441,5.93,143.23,24.16,1.4323,16.87,1,750,751
374,2026-01-25T15:41:36.083495,14.79,"{""Fast"": 0.4664525877840998, ""Standard"": 0.32540955774649133, ""Complex"": 0.15691880187713683, ""Ensemble"": 0.05121905259227212}",0.996,100,"{""0"": 44, ""2"": 13, ""1"": 36, ""3"": 7}",48725,5.93,142.37,24.02,1.4237,16.87,1,752,753
375,2026-01-25T15:41:48.139382,20.02,"{""Fast"": 0.5557925265695538, ""Standard"": 0.2576814964380233, ""Complex"": 0.1320480445387824, ""Ensemble"": 0.05447793245364034}",0.483,98,"{""2"": 13, ""0"": 46, ""1"": 32, ""3"": 7}",42673,5.92,143.21,24.18,1.4613,16.54,1,754,755
376,2026-01-25T15:42:00.124024,26.05,"{""Fast"": 0.4947785833626602, ""Standard"": 0.2881449694468958, ""Complex"": 0.1603098000498744, ""Ensemble"": 0.056766647140569594}",0.637,100,"{""1"": 31, ""0"": 52, ""3"": 5, ""2"": 12}",38974,5.92,144.25,24.35,1.4425,16.88,1,756,757
377,2026-01-25T15:42:12.325510,5.5,"{""Fast"": 0.48154491323220067, ""Standard"": 0.28534292420006985, ""Complex"": 0.1742819652323447, ""Ensemble"": 0.05883019733538471}",0.647,95,"{""0"": 59, ""2"": 10, ""1"": 23, ""3"": 3}",34877,6.22,151.37,24.33,1.5934,15.27,1,758,759
378,2026-01-25T15:42:24.125795,23.48,"{""Fast"": 0.46779162772876925, ""Standard"": 0.32287524633169606, ""Complex"": 0.1589999672306197, ""Ensemble"": 0.05033315870891512}",0.723,100,"{""2"": 19, ""0"": 45, ""1"": 29, ""3"": 7}",49327,5.93,147.81,24.94,1.4781,16.87,1,760,761
379,2026-01-25T15:42:36.333072,7.99,"{""Fast"": 0.5128132936210325, ""Standard"": 0.3023509520975448, ""Complex"": 0.13329603933602488, ""Ensemble"": 0.05153971494539779}",0.89,100,"{""0"": 57, ""1"": 22, ""2"": 16, ""3"": 5}",48505,6.23,150.95,24.22,1.5095,16.05,1,762,763
380,2026-01-25T15:42:48.148970,19.77,"{""Fast"": 0.5297038467610956, ""Standard"": 0.25927192148565925, ""Complex"": 0.16074823490021475, ""Ensemble"": 0.05027599685303034}",0.396,100,"{""0"": 53, ""1"": 21, ""3"": 7, ""2"": 19}",39943,5.93,143.01,24.13,1.4301,16.87,1,764,765
381,2026-01-25T15:43:00.316186,13.67,"{""Fast"": 0.5266677511735364, ""Standard"": 0.2879466976407842, ""Complex"": 0.1367626339987189, ""Ensemble"": 0.04862291718696047}",0.626,83,"{""0"": 41, ""1"": 23, ""2"": 14, ""3"": 5}",35382,6.2,160.17,25.82,1.9298,13.38,1,766,767
382,2026-01-25T15:43:12.327752,28.43,"{""Fast"": 0.533727614762576, ""Standard"": 0.24838873835676906, ""Complex"": 0.16649946320735717, ""Ensemble"": 0.051384183673297626}",0.323,100,"{""0"": 46, ""1"": 33, ""2"": 18, ""3"": 3}",42698,6.23,149.35,23.97,1.4935,16.05,1,768,769
383,2026-01-25T15:43:24.075059,10.02,"{""Fast"": 0.5216975740477328, ""Standard"": 0.2815264285496573, ""Complex"": 0.1489057927950002, ""Ensemble"": 0.047870204607609705}",0.356,100,"{""2"": 11, ""1"": 25, ""0"": 56, ""3"": 8}",37896,5.94,147.41,24.82,1.4741,16.84,1,770,771
384,2026-01-25T15:43:36.355250,17.71,"{""Fast"": 0.5209081104825612, ""Standard"": 0.29772556456184635, ""Complex"": 0.13845168368455038, ""Ensemble"": 0.04291464127104213}",0.527,100,"{""1"": 24, ""2"": 21, ""0"": 45, ""3"": 10}",50130,6.23,153.53,24.64,1.5353,16.05,1,772,773
385,2026-01-25T15:43:48.092271,19.91,"{""Fast"": 0.5320397318434593, ""Standard"": 0.2562498133738767, ""Complex"": 0.16718217850608336, ""Ensemble"": 0.04452827627658061}",0.4,100,"{""0"": 61, ""1"": 23, ""2"": 13, ""3"": 3}",38048,5.93,145.51,24.54,1.4551,16.87,1,774,775
386,2026-01-25T15:44:00.374406,29.28,"{""Fast"": 0.4569945829176626, ""Standard"": 0.35243690996151655, ""Complex"": 0.13465379253625495, ""Ensemble"": 0.05591471458456597}",0.363,100,"{""1"": 38, ""0"": 42, ""3"": 7, ""2"": 13}",46927,6.23,156.31,25.08,1.5631,16.04,1,776,777
387,2026-01-25T15:44:12.103701,18.06,"{""Fast"": 0.5447773676437043, ""Standard"": 0.27446113499584945, ""Complex"": 0.13232846503068352, ""Ensemble"": 0.04843303232976282}",0.679,97,"{""2"": 14, ""0"": 49, ""1"": 30, ""3"": 4}",40094,5.92,147.19,24.85,1.5174,16.38,1,778,779
388,2026-01-25T15:44:24.349105,21.02,"{""Fast"": 0.49608768538949033, ""Standard"": 0.3187372163333705, ""Complex"": 0.14111551963513994, ""Ensemble"": 0.044059578641999386}",0.775,99,"{""0"": 44, ""3"": 10, ""1"": 32, ""2"": 13}",47601,6.23,154.99,24.88,1.5656,15.89,1,780,781
389,2026-01-25T15:44:36.129203,6.31,"{""Fast"": 0.5212581106634316, ""Standard"": 0.27075054758875716, ""Complex"": 0.15682986541459026, ""Ensemble"": 0.051161476333221066}",0.629,99,"{""0"": 47, ""2"": 17, ""1"": 29, ""3"": 6}",46543,5.93,142.42,24.01,1.4386,16.69,1,782,783
390,2026-01-25T15:44:48.317713,15.51,"{""Fast"": 0.4829206459116014, ""Standard"": 0.301240186927916, ""Complex"": 0.15806752346193628, ""Ensemble"": 0.05777164369854626}",0.971,97,"{""0"": 54, ""1"": 19, ""2"": 18, ""3"": 6}",46360,6.23,150.18,24.1,1.5482,15.57,1,784,785
391,2026-01-25T15:45:00.109666,21.87,"{""Fast"": 0.5100830463993777, ""Standard"": 0.3018005033001484, ""Complex"": 0.14480522816524968, ""Ensemble"": 0.043311222135223995}",0.381,88,"{""0"": 49, ""2"": 12, ""1"": 23, ""3"": 4}",36586,5.91,148.15,25.08,1.6835,14.9,1,786,787
392,2026-01-25T15:45:12.362992,13.1,"{""Fast"": 0.5212350386617712, ""Standard"": 0.2971791540701091, ""Complex"": 0.13977037046095322, ""Ensemble"": 0.04181543680716642}",0.805,88,"{""3"": 5, ""0"": 45, ""1"": 27, ""2"": 11}",39616,6.21,153.19,24.68,1.7408,14.18,1,788,789
393,2026-01-25T15:45:24.342280,22.1,"{""Fast"": 0.5085787758718168, ""Standard"": 0.2687922122372316, ""Complex"": 0.16686496008645646, ""Ensemble"": 0.05576405180449529}",0.314,100,"{""0"": 48, ""2"": 16, ""3"": 5, ""1"": 31}",45600,6.23,151.28,24.27,1.5128,16.04,1,790,791
394,2026-01-25T15:45:36.325864,8.85,"{""Fast"": 0.5000194142174252, ""Standard"": 0.3139434655497139, ""Complex"": 0.1385468466803417, ""Ensemble"": 0.047490273552519106}",0.734,100,"{""2"": 13, ""3"": 5, ""1"": 25, ""0"": 57}",43236,6.23,150.33,24.13,1.5033,16.05,1,792,793
395,2026-01-25T15:45:48.117769,21.27,"{""Fast"": 0.5271539033029412, ""Standard"": 0.26833089130993026, ""Complex"": 0.15026547445203903, ""Ensemble"": 0.054249730935089543}",0.335,96,"{""1"": 25, ""0"": 52, ""2"": 11, ""3"": 8}",44590,5.92,142.37,24.05,1.483,16.22,1,794,795
396,2026-01-25T15:46:00.128824,22.57,"{""Fast"": 0.4677286030105045, ""Standard"": 0.3434165372494401, ""Complex"": 0.14253544116798986, ""Ensemble"": 0.04631941857206558}",0.633,93,"{""1"": 27, ""0"": 47, ""2"": 15, ""3"": 4}",42673,5.92,145.41,24.58,1.5636,15.72,1,796,797
397,2026-01-25T15:46:12.364100,8.7,"{""Fast"": 0.4846813857647555, ""Standard"": 0.2851352632897203, ""Complex"": 0.17642567414259286, ""Ensemble"": 0.05375767680293121}",0.948,91,"{""0"": 41, ""1"": 27, ""2"": 22, ""3"": 1}",42256,6.22,153.44,24.68,1.6861,14.64,1,798,799
398,2026-01-25T15:46:24.349072,24.11,"{""Fast"": 0.5461313311522437, ""Standard"": 0.26591075800445496, ""Complex"": 0.14220842118645308, ""Ensemble"": 0.0457494896568483}",0.443,100,"{""1"": 28, ""2"": 12, ""0"": 59, ""3"": 1}",38536,6.23,-61086.43,-9800.87,-610.8643,16.04,1,800,801
399,2026-01-25T15:46:36.327090,25.77,"{""Fast"": 0.49776426587539685, ""Standard"": 0.3076649677430891, ""Complex"": 0.14925748794002852, ""Ensemble"": 0.04531327844148551}",0.389,100,"{""0"": 53, ""1"": 29, ""2"": 15, ""3"": 3}",41276,6.23,153.27,24.61,1.5327,16.06,1,802,803
400,2026-01-25T15:46:48.361758,5.8,"{""Fast"": 0.4785514855881108, ""Standard"": 0.34415085196548484, ""Complex"": 0.13123587401000417, ""Ensemble"": 0.046061788436400165}",0.796,94,"{""0"": 38, ""1"": 36, ""2"": 16, ""3"": 4}",41265,6.22,149.42,24.0,1.5895,15.1,1,804,805
401,2026-01-25T15:47:00.289604,23.61,"{""Fast"": 0.4774017399527489, ""Standard"": 0.31174194654582194, ""Complex"": 0.15741945538002552, ""Ensemble"": 0.0534368581214037}",0.369,88,"{""2"": 14, ""0"": 43, ""1"": 27, ""3"": 4}",33779,6.21,153.81,24.76,1.7478,14.16,1,806,807
402,2026-01-25T15:47:12.109091,11.48,"{""Fast"": 0.49953347616868926, ""Standard"": 0.29687795050353527, ""Complex"": 0.14541689039319455, ""Ensemble"": 0.05817168293458084}",0.774,100,"{""0"": 49, ""1"": 27, ""2"": 15, ""3"": 9}",52311,5.93,142.55,24.06,1.4255,16.88,1,808,809
403,2026-01-25T15:47:24.113681,12.88,"{""Fast"": 0.4770267657895939, ""Standard"": 0.3231161337921053, ""Complex"": 0.15135383064718871, ""Ensemble"": 0.04850326977111217}",0.453,100,"{""0"": 43, ""1"": 33, ""2"": 15, ""3"": 9}",51772,5.93,141.61,23.88,1.4161,16.86,1,810,811
404,2026-01-25T15:47:36.317099,29.7,"{""Fast"": 0.5588286951112109, ""Standard"": 0.2600066851371475, ""Complex"": 0.13598861307249457, ""Ensemble"": 0.045176006679147146}",0.85,98,"{""1"": 27, ""2"": 13, ""0"": 50, ""3"": 8}",47178,6.23,153.19,24.6,1.5632,15.73,1,812,813
405,2026-01-25T15:47:48.129370,18.76,"{""Fast"": 0.5080561745142146, ""Standard"": 0.2740341724178513, ""Complex"": 0.17016223602231553, ""Ensemble"": 0.04774741704561848}",0.699,90,"{""0"": 42, ""2"": 19, ""1"": 26, ""3"": 3}",46782,5.91,146.88,24.84,1.632,15.22,1,814,815
406,2026-01-25T15:48:00.136892,17.5,"{""Fast"": 0.5235634796148964, ""Standard"": 0.25666833091935676, ""Complex"": 0.1684553929086199, ""Ensemble"": 0.05131279655712697}",0.578,100,"{""0"": 45, ""1"": 29, ""2"": 23, ""3"": 3}",47442,5.93,150.22,25.34,1.5022,16.87,1,816,817
407,2026-01-25T15:48:12.313481,15.97,"{""Fast"": 0.5065347749181134, ""Standard"": 0.2905673687812506, ""Complex"": 0.15337947029192486, ""Ensemble"": 0.04951838600871105}",0.715,99,"{""0"": 39, ""1"": 41, ""3"": 5, ""2"": 14}",48995,6.23,152.5,24.47,1.5404,15.88,1,818,819
408,2026-01-25T15:48:24.335836,7.52,"{""Fast"": 0.5104495633345728, ""Standard"": 0.30470280499524893, ""Complex"": 0.1396853129227028, ""Ensemble"": 0.04516231874747552}",0.424,85,"{""1"": 26, ""2"": 11, ""0"": 42, ""3"": 6}",36779,6.21,149.01,24.0,1.753,13.69,1,820,821
409,2026-01-25T15:48:36.307970,5.98,"{""Fast"": 0.5381881993190639, ""Standard"": 0.27203904339645646, ""Complex"": 0.13960812588677546, ""Ensemble"": 0.05016463139770409}",0.415,100,"{""0"": 49, ""2"": 18, ""1"": 31, ""3"": 2}",43191,6.23,148.86,23.89,1.4886,16.05,1,822,823
410,2026-01-25T15:48:48.300142,14.26,"{""Fast"": 0.46225608748438035, ""Standard"": 0.3260939362565888, ""Complex"": 0.15677904216492403, ""Ensemble"": 0.05487093409410679}",0.568,87,"{""0"": 41, ""2"": 10, ""1"": 32, ""3"": 4}",37176,6.21,152.57,24.56,1.7537,14.01,1,824,825
411,2026-01-25T15:49:00.130220,8.33,"{""Fast"": 0.5076205276948849, ""Standard"": 0.2861241315613105, ""Complex"": 0.1577073554858482, ""Ensemble"": 0.04854798525795642}",0.306,100,"{""1"": 24, ""0"": 48, ""2"": 18, ""3"": 10}",47919,5.93,148.38,25.02,1.4838,16.86,1,826,827
412,2026-01-25T15:49:12.128373,8.63,"{""Fast"": 0.5066036686144012, ""Standard"": 0.2764462083960741, ""Complex"": 0.16900968902100008, ""Ensemble"": 0.04794043396852456}",0.791,91,"{""0"": 50, ""2"": 10, ""1"": 26, ""3"": 5}",37212,5.91,142.86,24.15,1.5699,15.38,1,828,829
413,2026-01-25T15:49:24.150308,19.41,"{""Fast"": 0.4698539536324163, ""Standard"": 0.3238229266765357, ""Complex"": 0.15619762378626265, ""Ensemble"": 0.05012549590478541}",0.998,100,"{""0"": 52, ""1"": 30, ""2"": 15, ""3"": 3}",41447,5.93,143.17,24.13,1.4317,16.86,1,830,831
414,2026-01-25T15:49:36.271800,14.32,"{""Fast"": 0.538777951376138, ""Standard"": 0.2703040938672841, ""Complex"": 0.1422959256571891, ""Ensemble"": 0.04862202909938876}",0.669,85,"{""0"": 51, ""1"": 23, ""2"": 6, ""3"": 5}",34090,6.21,150.54,24.25,1.7711,13.69,1,832,833
415,2026-01-25T15:49:48.073707,16.46,"{""Fast"": 0.5067465131343407, ""Standard"": 0.29942172319873056, ""Complex"": 0.14908136615860199, ""Ensemble"": 0.04475039750832657}",0.852,94,"{""0"": 49, ""1"": 30, ""2"": 11, ""3"": 4}",37785,5.92,142.01,23.99,1.5108,15.88,1,834,835
416,2026-01-25T15:50:00.331241,11.47,"{""Fast"": 0.5316489989519799, ""Standard"": 0.27540118464920255, ""Complex"": 0.14145563309339465, ""Ensemble"": 0.051494183305422866}",0.962,90,"{""1"": 23, ""0"": 58, ""3"": 4, ""2"": 5}",28537,6.21,157.06,25.27,1.7451,14.48,1,836,837
417,2026-01-25T15:50:12.317615,14.08,"{""Fast"": 0.5369362752214547, ""Standard"": 0.25954139737334486, ""Complex"": 0.1520967435858945, ""Ensemble"": 0.05142558381930604}",0.63,94,"{""2"": 12, ""0"": 52, ""1"": 29, ""3"": 1}",35720,6.22,148.92,23.93,1.5843,15.1,1,838,839
418,2026-01-25T15:50:24.133175,25.81,"{""Fast"": 0.4615447610234204, ""Standard"": 0.33051622446545736, ""Complex"": 0.15424976000530238, ""Ensemble"": 0.05368925450581974}",0.424,98,"{""0"": 48, ""1"": 31, ""2"": 12, ""3"": 7}",45935,5.92,144.44,24.39,1.4739,16.55,1,840,841
419,2026-01-25T15:50:36.308046,26.36,"{""Fast"": 0.5096553290939401, ""Standard"": 0.28708947053419653, ""Complex"": 0.1564782352509153, ""Ensemble"": 0.04677696512094808}",0.765,86,"{""0"": 49, ""1"": 25, ""2"": 8, ""3"": 4}",36865,6.21,148.9,23.99,1.7314,13.85,1,842,843
420,2026-01-25T15:50:48.093222,14.17,"{""Fast"": 0.5220744353536892, ""Standard"": 0.28726622918932054, ""Complex"": 0.14544034749821524, ""Ensemble"": 0.04521898795877503}",0.589,100,"{""3"": 9, ""0"": 41, ""1"": 33, ""2"": 17}",53217,5.93,142.85,24.08,1.4285,16.86,1,844,845
421,2026-01-25T15:51:00.306966,14.79,"{""Fast"": 0.4879907123984763, ""Standard"": 0.32395357405543673, ""Complex"": 0.14282117021895202, ""Ensemble"": 0.04523454332713501}",0.535,97,"{""0"": 46, ""3"": 6, ""2"": 9, ""1"": 36}",41184,6.22,153.97,24.73,1.5873,15.58,1,846,847
422,2026-01-25T15:51:12.307025,24.03,"{""Fast"": 0.490094594121008, ""Standard"": 0.28272346378495683, ""Complex"": 0.16860731198637038, ""Ensemble"": 0.05857463010766484}",0.624,100,"{""0"": 53, ""2"": 21, ""1"": 23, ""3"": 3}",47808,6.23,149.85,24.05,1.4985,16.05,1,848,849
423,2026-01-25T15:51:24.371667,17.94,"{""Fast"": 0.5094572272564476, ""Standard"": 0.3100576448189742, ""Complex"": 0.13495228594723188, ""Ensemble"": 0.04553284197734629}",0.426,100,"{""0"": 59, ""1"": 26, ""3"": 6, ""2"": 9}",37871,6.23,150.86,24.2,1.5086,16.04,1,850,851
424,2026-01-25T15:51:36.084652,7.5,"{""Fast"": 0.5242700151783867, ""Standard"": 0.30273473789836736, ""Complex"": 0.12723282417958742, ""Ensemble"": 0.045762422743658555}",0.969,100,"{""3"": 6, ""0"": 59, ""2"": 10, ""1"": 25}",42254,5.93,149.56,25.22,1.4956,16.86,1,852,853
425,2026-01-25T15:51:48.302165,19.0,"{""Fast"": 0.5279597718968299, ""Standard"": 0.2685439784690002, ""Complex"": 0.14784395868044625, ""Ensemble"": 0.055652290953723746}",0.641,99,"{""1"": 32, ""0"": 57, ""2"": 8, ""3"": 2}",39891,6.23,151.85,24.37,1.5339,15.89,1,854,855
426,2026-01-25T15:52:00.266149,7.12,"{""Fast"": 0.508181201148753, ""Standard"": 0.29920985568146896, ""Complex"": 0.14011184083543243, ""Ensemble"": 0.052497102334345555}",0.617,80,"{""0"": 46, ""2"": 12, ""1"": 19, ""3"": 3}",31945,6.19,153.66,24.81,1.9207,12.92,1,856,857
427,2026-01-25T15:52:12.348168,9.37,"{""Fast"": 0.4882795732093679, ""Standard"": 0.29961340889416627, ""Complex"": 0.15698361261923818, ""Ensemble"": 0.05512340527722767}",0.527,94,"{""1"": 32, ""0"": 48, ""2"": 8, ""3"": 6}",40445,6.22,151.04,24.28,1.6068,15.11,1,858,859
428,2026-01-25T15:52:24.328533,25.75,"{""Fast"": 0.5357024718897787, ""Standard"": 0.2579106944096932, ""Complex"": 0.15886576003591332, ""Ensemble"": 0.04752107366461484}",0.552,100,"{""2"": 23, ""1"": 25, ""0"": 51, ""3"": 1}",42654,6.23,152.16,24.41,1.5216,16.05,1,860,861
429,2026-01-25T15:52:36.080317,7.39,"{""Fast"": 0.45946050601106764, ""Standard"": 0.3487264630662668, ""Complex"": 0.14743617768726786, ""Ensemble"": 0.04437685323539781}",0.632,100,"{""0"": 47, ""2"": 19, ""1"": 28, ""3"": 6}",49381,5.93,145.19,24.48,1.4519,16.86,1,862,863
430,2026-01-25T15:52:48.134485,27.59,"{""Fast"": 0.44688056313073515, ""Standard"": 0.3339883066968801, ""Complex"": 0.16417590185724693, ""Ensemble"": 0.05495522831513789}",0.794,100,"{""1"": 30, ""0"": 51, ""2"": 17, ""3"": 2}",46173,5.63,137.19,24.39,1.3719,17.78,1,864,865
431,2026-01-25T15:53:00.351143,12.35,"{""Fast"": 0.5194412778362175, ""Standard"": 0.2965299380934551, ""Complex"": 0.13406817256923048, ""Ensemble"": 0.04996061150109692}",0.749,100,"{""1"": 29, ""2"": 17, ""0"": 48, ""3"": 6}",53148,6.23,163.49,26.24,1.6349,16.05,1,866,867
432,2026-01-25T15:53:12.110913,13.06,"{""Fast"": 0.5149523948491546, ""Standard"": 0.2905009722955939, ""Complex"": 0.14361101124779949, ""Ensemble"": 0.05093562160745212}",0.401,100,"{""0"": 52, ""1"": 30, ""2"": 17, ""3"": 1}",41320,5.93,143.99,24.29,1.4399,16.87,1,868,869
433,2026-01-25T15:53:24.119855,22.39,"{""Fast"": 0.46762273622474604, ""Standard"": 0.33881654903872566, ""Complex"": 0.1384488794129488, ""Ensemble"": 0.055111835323579474}",0.68,85,"{""1"": 31, ""2"": 14, ""0"": 38, ""3"": 2}",39531,5.9,139.99,23.71,1.647,14.4,1,870,871
434,2026-01-25T15:53:36.094628,5.27,"{""Fast"": 0.5131006380123757, ""Standard"": 0.30184931078815647, ""Complex"": 0.1388926394829551, ""Ensemble"": 0.04615741171651275}",0.611,97,"{""0"": 51, ""3"": 2, ""1"": 35, ""2"": 9}",35986,5.93,143.72,24.25,1.4816,16.37,1,872,873
435,2026-01-25T15:53:48.085133,16.51,"{""Fast"": 0.5050928272176131, ""Standard"": 0.285922907961043, ""Complex"": 0.14555574818971345, ""Ensemble"": 0.06342851663163061}",0.68,100,"{""3"": 7, ""0"": 50, ""1"": 31, ""2"": 12}",45840,5.93,141.84,23.92,1.4184,16.87,1,874,875
436,2026-01-25T15:54:00.315852,7.71,"{""Fast"": 0.4823049096551298, ""Standard"": 0.32921796910048184, ""Complex"": 0.14166970277738863, ""Ensemble"": 0.0468074184669998}",0.837,100,"{""0"": 48, ""1"": 29, ""3"": 3, ""2"": 20}",50113,6.24,157.41,25.24,1.5741,16.04,1,876,877
437,2026-01-25T15:54:12.336535,25.58,"{""Fast"": 0.5228955065438635, ""Standard"": 0.28655553599020234, ""Complex"": 0.14395524647197663, ""Ensemble"": 0.04659371099395745}",0.367,98,"{""2"": 14, ""0"": 51, ""1"": 25, ""3"": 8}",39677,6.23,153.45,24.64,1.5658,15.73,1,878,879
438,2026-01-25T15:54:24.092078,5.74,"{""Fast"": 0.5264403697454321, ""Standard"": 0.2863384475798658, ""Complex"": 0.14224484179021096, ""Ensemble"": 0.044976340884491206}",0.379,100,"{""2"": 15, ""1"": 32, ""0"": 52, ""3"": 1}",37437,5.93,142.46,24.02,1.4246,16.86,1,880,881
439,2026-01-25T15:54:36.095722,6.62,"{""Fast"": 0.4953089141729121, ""Standard"": 0.31041954213459033, ""Complex"": 0.15028015545846263, ""Ensemble"": 0.04399138823403493}",0.321,74,"{""2"": 9, ""0"": 42, ""1"": 22, ""3"": 1}",26392,5.88,141.65,24.08,1.9142,12.58,1,882,883
440,2026-01-25T15:54:48.307038,25.48,"{""Fast"": 0.49295719808696026, ""Standard"": 0.3177277683926322, ""Complex"": 0.14147203240501804, ""Ensemble"": 0.04784300111538949}",0.756,100,"{""1"": 26, ""0"": 44, ""3"": 8, ""2"": 22}",56680,6.23,149.82,24.05,1.4982,16.05,1,884,885
441,2026-01-25T15:55:00.344278,19.91,"{""Fast"": 0.502633296290002, ""Standard"": 0.30472954487146847, ""Complex"": 0.14510573379114744, ""Ensemble"": 0.04753142504738224}",0.67,94,"{""3"": 9, ""1"": 32, ""0"": 46, ""2"": 7}",42033,6.22,153.06,24.6,1.6283,15.11,1,886,887
442,2026-01-25T15:55:12.372260,7.41,"{""Fast"": 0.5091333014289371, ""Standard"": 0.3124030925871135, ""Complex"": 0.13199204897610137, ""Ensemble"": 0.046471557007847976}",0.669,100,"{""0"": 47, ""2"": 16, ""1"": 30, ""3"": 7}",46903,6.24,151.54,24.3,1.5154,16.04,1,888,889
443,2026-01-25T15:55:24.114835,16.16,"{""Fast"": 0.5253246517344152, ""Standard"": 0.26913555474174244, ""Complex"": 0.1535538988573047, ""Ensemble"": 0.05198589466653774}",0.621,100,"{""0"": 57, ""1"": 27, ""2"": 14, ""3"": 2}",38577,5.93,141.42,23.87,1.4142,16.88,1,890,891
444,2026-01-25T15:55:36.323370,23.22,"{""Fast"": 0.47523030566439534, ""Standard"": 0.30098208192168713, ""Complex"": 0.17155304113020645, ""Ensemble"": 0.05223457128371102}",0.507,97,"{""0"": 34, ""2"": 21, ""3"": 6, ""1"": 36}",51589,6.22,151.07,24.27,1.5575,15.58,1,892,893
445,2026-01-25T15:55:48.313462,12.56,"{""Fast"": 0.5514625250793105, ""Standard"": 0.2719453922154147, ""Complex"": 0.1250034594401304, ""Ensemble"": 0.05158862326514451}",0.63,84,"{""1"": 29, ""0"": 39, ""3"": 8, ""2"": 8}",38144,6.2,149.09,24.04,1.7749,13.54,1,894,895
446,2026-01-25T15:56:00.115477,5.23,"{""Fast"": 0.5285013959410937, ""Standard"": 0.2913351581954626, ""Complex"": 0.13855637680175678, ""Ensemble"": 0.041607069061687006}",0.955,95,"{""0"": 42, ""2"": 18, ""1"": 29, ""3"": 6}",52366,5.92,148.44,25.08,1.5625,16.05,1,896,897
447,2026-01-25T15:56:12.304527,6.03,"{""Fast"": 0.5245817785831208, ""Standard"": 0.2855123261177626, ""Complex"": 0.14214135102670444, ""Ensemble"": 0.04776454427241203}",0.907,96,"{""1"": 25, ""0"": 46, ""2"": 17, ""3"": 8}",49019,6.22,150.18,24.13,1.5644,15.42,1,898,899
448,2026-01-25T15:56:24.287788,11.12,"{""Fast"": 0.4983435518662617, ""Standard"": 0.2845052412714173, ""Complex"": 0.16482099050468024, ""Ensemble"": 0.05233021635764069}",0.983,85,"{""0"": 42, ""1"": 24, ""3"": 1, ""2"": 18}",44321,6.21,148.53,23.92,1.7474,13.69,1,900,901
449,2026-01-25T15:56:36.115983,16.06,"{""Fast"": 0.48225730507211445, ""Standard"": 0.3259720420770718, ""Complex"": 0.14193382610526623, ""Ensemble"": 0.04983682674554742}",0.746,100,"{""0"": 47, ""1"": 37, ""2"": 13, ""3"": 3}",48773,5.93,142.48,24.03,1.4248,16.86,1,902,903
450,2026-01-25T15:56:48.093537,20.42,"{""Fast"": 0.5174767446183174, ""Standard"": 0.29907904098770116, ""Complex"": 0.140143629080224, ""Ensemble"": 0.04330058531375739}",0.783,84,"{""0"": 43, ""1"": 25, ""2"": 13, ""3"": 3}",38166,5.9,141.02,23.91,1.6789,14.24,1,904,905
451,2026-01-25T15:57:00.370859,6.42,"{""Fast"": 0.5217372545900167, ""Standard"": 0.3075934488752207, ""Complex"": 0.12021464072382311, ""Ensemble"": 0.0504546558109395}",0.423,100,"{""1"": 29, ""3"": 3, ""0"": 58, ""2"": 10}",37876,6.23,155.91,25.01,1.5591,16.04,1,906,907
452,2026-01-25T15:57:12.324957,26.14,"{""Fast"": 0.5076022208876043, ""Standard"": 0.288445899428001, ""Complex"": 0.15835503587022928, ""Ensemble"": 0.045596843814165455}",0.431,80,"{""0"": 37, ""2"": 14, ""1"": 28, ""3"": 1}",32808,6.2,149.3,24.09,1.8662,12.91,1,908,909
453,2026-01-25T15:57:24.083412,7.73,"{""Fast"": 0.4929545580519037, ""Standard"": 0.3087868953775725, ""Complex"": 0.14074610498586196, ""Ensemble"": 0.05751244158466198}",0.687,81,"{""0"": 51, ""1"": 22, ""3"": 3, ""2"": 5}",28815,5.9,141.72,24.03,1.7496,13.73,1,910,911
454,2026-01-25T15:57:36.302251,21.78,"{""Fast"": 0.5032577503502167, ""Standard"": 0.30383530256617064, ""Complex"": 0.14913195351338268, ""Ensemble"": 0.04377499357023009}",0.674,100,"{""0"": 56, ""1"": 27, ""2"": 16, ""3"": 1}",40385,6.24,149.96,24.05,1.4996,16.04,1,912,913
455,2026-01-25T15:57:48.358730,13.52,"{""Fast"": 0.5336950596927443, ""Standard"": 0.2822273836795501, ""Complex"": 0.14192876366379942, ""Ensemble"": 0.04214879296390619}",0.525,100,"{""2"": 16, ""0"": 49, ""1"": 30, ""3"": 5}",48142,6.24,151.59,24.31,1.5159,16.03,1,914,915
456,2026-01-25T15:58:00.343274,8.11,"{""Fast"": 0.5243817620709255, ""Standard"": 0.29167162800875757, ""Complex"": 0.14105823956023136, ""Ensemble"": 0.042888370360085575}",0.977,83,"{""2"": 11, ""0"": 47, ""1"": 23, ""3"": 2}",29340,6.2,159.15,25.67,1.9175,13.39,1,916,917
457,2026-01-25T15:58:12.305470,27.67,"{""Fast"": 0.5047570737431902, ""Standard"": 0.29568844931211796, ""Complex"": 0.14535808079727253, ""Ensemble"": 0.05419639614741927}",0.868,100,"{""0"": 55, ""2"": 19, ""1"": 22, ""3"": 4}",42829,6.23,149.76,24.02,1.4976,16.04,1,918,919
458,2026-01-25T15:58:24.314518,20.65,"{""Fast"": 0.5118044727243447, ""Standard"": 0.2942535608641618, ""Complex"": 0.1398837935405792, ""Ensemble"": 0.054058172870914294}",0.372,93,"{""0"": 49, ""1"": 27, ""2"": 14, ""3"": 3}",35163,6.22,146.74,23.59,1.5779,14.95,1,920,921
459,2026-01-25T15:58:36.323678,15.17,"{""Fast"": 0.5081723330882506, ""Standard"": 0.3018141742238534, ""Complex"": 0.14494216272558763, ""Ensemble"": 0.04507132996230837}",0.783,95,"{""0"": 51, ""1"": 27, ""2"": 14, ""3"": 3}",41730,6.23,153.23,24.61,1.613,15.26,1,922,923
460,2026-01-25T15:58:48.166918,13.47,"{""Fast"": 0.49849345963188574, ""Standard"": 0.28138508946551366, ""Complex"": 0.1726650975297889, ""Ensemble"": 0.04745635337281168}",0.323,91,"{""2"": 25, ""1"": 24, ""0"": 38, ""3"": 4}",46106,5.61,135.88,24.21,1.4931,16.21,1,924,925
461,2026-01-25T15:59:00.324864,8.32,"{""Fast"": 0.5005842457145051, ""Standard"": 0.2800026180150807, ""Complex"": 0.16995068706090857, ""Ensemble"": 0.04946244920950561}",0.609,100,"{""0"": 50, ""1"": 26, ""2"": 19, ""3"": 5}",45520,6.23,156.6,25.13,1.566,16.04,1,926,927
462,2026-01-25T15:59:12.080977,6.16,"{""Fast"": 0.44569151777336585, ""Standard"": 0.34543253195421425, ""Complex"": 0.15826733167772108, ""Ensemble"": 0.05060861859469882}",0.598,100,"{""0"": 48, ""2"": 8, ""1"": 35, ""3"": 9}",47036,5.93,143.87,24.26,1.4387,16.86,1,928,929
463,2026-01-25T15:59:24.125845,18.01,"{""Fast"": 0.45017061516205414, ""Standard"": 0.334044818067541, ""Complex"": 0.16229351091280697, ""Ensemble"": 0.05349105585759791}",0.676,100,"{""1"": 38, ""0"": 44, ""3"": 3, ""2"": 15}",44206,5.93,140.52,23.71,1.4052,16.87,1,930,931
464,2026-01-25T15:59:36.344886,28.91,"{""Fast"": 0.5159802535424544, ""Standard"": 0.2831188297478931, ""Complex"": 0.14171068312255194, ""Ensemble"": 0.05919023358710059}",0.806,100,"{""0"": 49, ""2"": 17, ""1"": 27, ""3"": 7}",47336,6.23,148.93,23.89,1.4893,16.04,1,932,933
465,2026-01-25T15:59:48.325057,10.82,"{""Fast"": 0.5282177247183775, ""Standard"": 0.2718398323608924, ""Complex"": 0.15697236652587554, ""Ensemble"": 0.042970076394854576}",0.689,100,"{""1"": 29, ""2"": 13, ""3"": 4, ""0"": 54}",46319,6.24,151.64,24.32,1.5164,16.04,1,934,935
466,2026-01-25T16:00:00.180425,14.52,"{""Fast"": 0.49601470467293435, ""Standard"": 0.3007913227184026, ""Complex"": 0.15530458534249572, ""Ensemble"": 0.0478893872661673}",0.508,100,"{""2"": 19, ""0"": 47, ""1"": 29, ""3"": 5}",46138,5.62,140.69,25.03,1.4069,17.79,1,936,937
467,2026-01-25T16:00:12.085093,17.15,"{""Fast"": 0.5028890481468026, ""Standard"": 0.29380731288241424, ""Complex"": 0.15537298799260885, ""Ensemble"": 0.047930650978174325}",0.428,100,"{""1"": 28, ""0"": 48, ""3"": 7, ""2"": 17}",48697,5.93,142.6,24.05,1.426,16.87,1,938,939
468,2026-01-25T16:00:24.106647,9.34,"{""Fast"": 0.4873345397873721, ""Standard"": 0.3035289333763224, ""Complex"": 0.15812967186562618, ""Ensemble"": 0.051006854970679194}",0.432,97,"{""1"": 33, ""0"": 44, ""2"": 19, ""3"": 1}",42883,5.92,141.74,23.93,1.4612,16.38,1,940,941
469,2026-01-25T16:00:36.308143,7.1,"{""Fast"": 0.5196341147138765, ""Standard"": 0.31638072870846484, ""Complex"": 0.12153883502819256, ""Ensemble"": 0.04244632154946593}",0.338,100,"{""1"": 43, ""0"": 48, ""2"": 9}",35224,6.23,151.1,24.24,1.511,16.04,1,942,943
470,2026-01-25T16:00:48.072612,27.44,"{""Fast"": 0.4937038974585784, ""Standard"": 0.3107742198610238, ""Complex"": 0.1455576028506141, ""Ensemble"": 0.04996427982978368}",0.55,98,"{""0"": 50, ""2"": 17, ""3"": 5, ""1"": 26}",47975,5.93,144.0,24.29,1.4694,16.53,1,944,945
471,2026-01-25T16:01:00.087647,21.86,"{""Fast"": 0.5051828789818984, ""Standard"": 0.2744469513377462, ""Complex"": 0.1648480053095385, ""Ensemble"": 0.05552216437081694}",0.671,100,"{""0"": 49, ""1"": 26, ""3"": 7, ""2"": 18}",50397,5.93,146.88,24.79,1.4688,16.88,1,946,947
472,2026-01-25T16:01:12.080442,28.97,"{""Fast"": 0.5078438900558567, ""Standard"": 0.28864948721758954, ""Complex"": 0.1456730174147513, ""Ensemble"": 0.05783360531180258}",0.975,96,"{""1"": 29, ""2"": 13, ""0"": 45, ""3"": 9}",49609,5.92,142.48,24.06,1.4841,16.21,1,948,949
473,2026-01-25T16:01:24.121813,19.91,"{""Fast"": 0.44606251057187063, ""Standard"": 0.3497899396815343, ""Complex"": 0.1544757567434505, ""Ensemble"": 0.04967179300314458}",0.425,100,"{""2"": 21, ""0"": 36, ""1"": 36, ""3"": 7}",48217,5.93,140.71,23.73,1.4071,16.87,1,950,951
474,2026-01-25T16:01:36.182370,7.96,"{""Fast"": 0.5193678615524274, ""Standard"": 0.2791035850671987, ""Complex"": 0.15071763747001576, ""Ensemble"": 0.05081091591035824}",0.33,100,"{""0"": 59, ""1"": 28, ""2"": 8, ""3"": 5}",36177,6.07,150.84,24.84,1.5084,16.47,1,952,953
475,2026-01-25T16:01:48.079982,28.68,"{""Fast"": 0.4544517094291217, ""Standard"": 0.3282275125327699, ""Complex"": 0.17001894667543774, ""Ensemble"": 0.04730183136267062}",0.334,100,"{""1"": 37, ""0"": 50, ""3"": 6, ""2"": 7}",36358,5.93,147.23,24.83,1.4723,16.87,1,954,955
476,2026-01-25T16:02:00.337849,9.5,"{""Fast"": 0.5242893462793712, ""Standard"": 0.26760208663748253, ""Complex"": 0.15740575663584658, ""Ensemble"": 0.05070281044729972}",0.375,75,"{""0"": 34, ""1"": 22, ""2"": 16, ""3"": 3}",38824,6.19,158.21,25.57,2.1094,12.12,1,956,957
477,2026-01-25T16:02:12.093249,10.78,"{""Fast"": 0.4755141243730151, ""Standard"": 0.3156170486012928, ""Complex"": 0.1639799150496188, ""Ensemble"": 0.04488891197607328}",0.602,100,"{""2"": 16, ""0"": 50, ""1"": 30, ""3"": 4}",46436,5.93,141.82,23.92,1.4182,16.87,1,958,959
478,2026-01-25T16:02:24.309900,19.48,"{""Fast"": 0.45949299587427894, ""Standard"": 0.3511805284261716, ""Complex"": 0.1427845244383523, ""Ensemble"": 0.04654195126119714}",0.599,100,"{""2"": 13, ""0"": 40, ""3"": 1, ""1"": 46}",40399,6.23,148.24,23.79,1.4824,16.05,1,960,961
479,2026-01-25T16:02:36.329572,15.83,"{""Fast"": 0.4748635831750322, ""Standard"": 0.31321362842435246, ""Complex"": 0.1536055697978181, ""Ensemble"": 0.058317218602797184}",0.509,100,"{""0"": 43, ""2"": 16, ""1"": 36, ""3"": 5}",45914,6.23,149.82,24.04,1.4982,16.05,1,962,963
480,2026-01-25T16:02:48.356049,28.31,"{""Fast"": 0.5516789360999341, ""Standard"": 0.2685719161858503, ""Complex"": 0.1339860634793981, ""Ensemble"": 0.045763084234817314}",0.716,83,"{""2"": 14, ""1"": 28, ""0"": 39, ""3"": 2}",37150,6.2,149.04,24.03,1.7956,13.38,1,964,965
481,2026-01-25T16:03:00.109935,20.29,"{""Fast"": 0.4920842790818264, ""Standard"": 0.31818140162042535, ""Complex"": 0.13873561510118274, ""Ensemble"": 0.050998704196565485}",0.326,100,"{""1"": 35, ""2"": 12, ""0"": 51, ""3"": 2}",38558,5.93,155.56,26.25,1.5556,16.88,1,966,967
482,2026-01-25T16:03:12.313244,26.35,"{""Fast"": 0.5217321853820043, ""Standard"": 0.2934932518007693, ""Complex"": 0.1428234401780556, ""Ensemble"": 0.04195112263917087}",0.941,100,"{""0"": 56, ""1"": 24, ""2"": 14, ""3"": 6}",45810,6.23,148.65,23.86,1.4865,16.05,1,968,969
483,2026-01-25T16:03:24.313510,12.15,"{""Fast"": 0.4962033292018738, ""Standard"": 0.30274005817215754, ""Complex"": 0.15515581909564452, ""Ensemble"": 0.045900793530324266}",0.988,100,"{""0"": 50, ""1"": 30, ""2"": 14, ""3"": 6}",46749,6.23,150.25,24.11,1.5025,16.04,1,970,971
484,2026-01-25T16:03:36.343038,13.9,"{""Fast"": 0.5173090135557552, ""Standard"": 0.29649562799828727, ""Complex"": 0.14079919209350908, ""Ensemble"": 0.045396166352448426}",0.413,87,"{""0"": 53, ""3"": 4, ""2"": 8, ""1"": 22}",32518,6.21,148.2,23.87,1.7035,14.01,1,972,973
485,2026-01-25T16:03:48.130444,15.23,"{""Fast"": 0.4939947468108534, ""Standard"": 0.3052901089181449, ""Complex"": 0.1495677129400492, ""Ensemble"": 0.051147431330952633}",0.716,94,"{""1"": 23, ""0"": 52, ""2"": 16, ""3"": 3}",42371,5.92,144.11,24.34,1.5331,15.88,1,974,975
486,2026-01-25T16:04:00.301903,20.28,"{""Fast"": 0.49990547557898024, ""Standard"": 0.2913545138620518, ""Complex"": 0.16419041921801508, ""Ensemble"": 0.044549591340952856}",0.896,100,"{""1"": 24, ""0"": 50, ""2"": 25, ""3"": 1}",44543,6.23,155.4,24.94,1.554,16.05,1,976,977
487,2026-01-25T16:04:12.311426,12.54,"{""Fast"": 0.49787371165334743, ""Standard"": 0.32812401174858075, ""Complex"": 0.1295663946490917, ""Ensemble"": 0.044435881948980196}",0.691,100,"{""0"": 39, ""1"": 47, ""2"": 13, ""3"": 1}",41170,6.23,151.05,24.24,1.5105,16.05,1,978,979
488,2026-01-25T16:04:24.359825,16.05,"{""Fast"": 0.5024142299667594, ""Standard"": 0.2676834242144803, ""Complex"": 0.1755686131249668, ""Ensemble"": 0.05433373269379339}",0.632,100,"{""2"": 23, ""0"": 48, ""3"": 5, ""1"": 24}",52255,6.23,148.46,23.82,1.4846,16.04,1,980,981
489,2026-01-25T16:04:36.072029,29.07,"{""Fast"": 0.4826516892162369, ""Standard"": 0.33746871108089443, ""Complex"": 0.12777548656623647, ""Ensemble"": 0.05210411313663218}",0.658,100,"{""1"": 31, ""0"": 46, ""2"": 20, ""3"": 3}",47953,5.93,146.53,24.71,1.4653,16.86,1,982,983
490,2026-01-25T16:04:48.150409,12.88,"{""Fast"": 0.4673098199224789, ""Standard"": 0.3380680371441615, ""Complex"": 0.1427807880983229, ""Ensemble"": 0.051841354835036664}",0.51,100,"{""0"": 46, ""1"": 37, ""2"": 12, ""3"": 5}",44117,5.93,142.6,24.04,1.426,16.86,1,984,985
491,2026-01-25T16:05:00.326400,22.2,"{""Fast"": 0.5350814018823664, ""Standard"": 0.276170144431503, ""Complex"": 0.13740958104730097, ""Ensemble"": 0.05133887263882971}",0.836,100,"{""1"": 29, ""0"": 53, ""3"": 8, ""2"": 10}",40923,6.23,157.89,25.33,1.5789,16.04,1,986,987
492,2026-01-25T16:05:12.374830,9.87,"{""Fast"": 0.5114599994888528, ""Standard"": 0.2835049439612364, ""Complex"": 0.15575286255327953, ""Ensemble"": 0.0492821939966314}",0.509,100,"{""0"": 45, ""1"": 38, ""3"": 5, ""2"": 12}",41161,6.23,149.42,23.98,1.4942,16.05,1,988,989
493,2026-01-25T16:05:24.086006,20.39,"{""Fast"": 0.47211739512101797, ""Standard"": 0.3043610241942537, ""Complex"": 0.16421566174572153, ""Ensemble"": 0.059305918939006844}",0.495,95,"{""0"": 44, ""1"": 24, ""2"": 16, ""3"": 11}",45859,5.92,140.39,23.7,1.4777,16.04,1,990,991
494,2026-01-25T16:05:36.128319,7.84,"{""Fast"": 0.5250183701548765, ""Standard"": 0.2843290536194761, ""Complex"": 0.1411617559891639, ""Ensemble"": 0.04949082023648355}",0.614,100,"{""0"": 51, ""2"": 12, ""3"": 3, ""1"": 34}",39133,5.93,141.66,23.89,1.4166,16.86,1,992,993
495,2026-01-25T16:05:48.302897,11.55,"{""Fast"": 0.4939789793330697, ""Standard"": 0.3084255489662931, ""Complex"": 0.15470608950977913, ""Ensemble"": 0.042889382190858}",0.936,97,"{""2"": 14, ""0"": 50, ""3"": 2, ""1"": 31}",50582,6.23,147.38,23.66,1.5194,15.57,1,994,995
496,2026-01-25T16:06:00.333000,25.22,"{""Fast"": 0.4965563115944084, ""Standard"": 0.306641772271132, ""Complex"": 0.15514975583067084, ""Ensemble"": 0.04165216030378865}",0.341,100,"{""1"": 37, ""0"": 46, ""2"": 14, ""3"": 3}",40243,6.23,155.4,24.94,1.554,16.05,1,996,997
497,2026-01-25T16:06:12.359305,21.7,"{""Fast"": 0.4526110065007397, ""Standard"": 0.3247471072310789, ""Complex"": 0.17451170034889776, ""Ensemble"": 0.04813018591928353}",0.978,100,"{""0"": 47, ""3"": 6, ""2"": 11, ""1"": 36}",48113,6.23,148.36,23.8,1.4836,16.04,1,998,999
498,2026-01-25T16:06:24.081835,23.43,"{""Fast"": 0.46374717417622013, ""Standard"": 0.319971589434118, ""Complex"": 0.17144705617532122, ""Ensemble"": 0.04483418021434066}",0.919,84,"{""0"": 38, ""1"": 30, ""2"": 15, ""3"": 1}",39528,5.9,138.31,23.43,1.6465,14.23,1,1000,1001
499,2026-01-25T16:06:36.361916,18.58,"{""Fast"": 0.438046022671259, ""Standard"": 0.34292410006496815, ""Complex"": 0.16414512019738348, ""Ensemble"": 0.05488475706638942}",0.703,100,"{""1"": 32, ""0"": 42, ""2"": 20, ""3"": 6}",52612,6.24,150.74,24.16,1.5074,16.03,1,1002,1003
500,2026-01-25T16:06:48.351465,10.33,"{""Fast"": 0.5065741226133211, ""Standard"": 0.31786120821875413, ""Complex"": 0.13507377139798227, ""Ensemble"": 0.040490897769942524}",0.613,81,"{""0"": 42, ""1"": 27, ""3"": 4, ""2"": 8}",34518,6.2,148.96,24.03,1.839,13.07,1,1004,1005
501,2026-01-25T16:07:00.143894,12.68,"{""Fast"": 0.4694922657829144, ""Standard"": 0.32109300388803824, ""Complex"": 0.15856966460587227, ""Ensemble"": 0.05084506572317497}",0.881,100,"{""0"": 49, ""1"": 36, ""2"": 13, ""3"": 2}",40442,5.93,142.9,24.1,1.429,16.86,1,1006,1007
502,2026-01-25T16:07:12.300737,5.62,"{""Fast"": 0.4699099846138008, ""Standard"": 0.3347684030580151, ""Complex"": 0.14458911532529528, ""Ensemble"": 0.050732497002888774}",0.936,100,"{""1"": 35, ""0"": 49, ""2"": 14, ""3"": 2}",40807,6.23,150.75,24.2,1.5075,16.05,1,1008,1009
503,2026-01-25T16:07:24.351096,12.24,"{""Fast"": 0.47955146166082874, ""Standard"": 0.29418397324208934, ""Complex"": 0.1749465079405434, ""Ensemble"": 0.05131805715653858}",0.463,95,"{""1"": 23, ""2"": 27, ""0"": 41, ""3"": 4}",46185,6.22,151.21,24.29,1.5917,15.26,1,1010,1011
504,2026-01-25T16:07:36.321786,14.12,"{""Fast"": 0.4733112907480659, ""Standard"": 0.2903700651984153, ""Complex"": 0.18351616725069955, ""Ensemble"": 0.05280247680281932}",0.799,100,"{""2"": 20, ""0"": 41, ""1"": 33, ""3"": 6}",52636,6.23,158.24,25.39,1.5824,16.05,1,1012,1013
505,2026-01-25T16:07:48.376450,17.08,"{""Fast"": 0.47845516073305056, ""Standard"": 0.29874384824449696, ""Complex"": 0.16369596180562196, ""Ensemble"": 0.05910502921683049}",0.904,100,"{""1"": 32, ""0"": 49, ""2"": 15, ""3"": 4}",46419,6.23,148.3,23.8,1.483,16.05,1,1014,1015
506,2026-01-25T16:08:00.361444,5.33,"{""Fast"": 0.5228618431683482, ""Standard"": 0.26345965981972397, ""Complex"": 0.16018571576384796, ""Ensemble"": 0.05349278124807989}",0.882,90,"{""1"": 28, ""2"": 15, ""0"": 38, ""3"": 9}",49818,6.21,156.86,25.25,1.7429,14.49,1,1016,1017
507,2026-01-25T16:08:12.342620,21.25,"{""Fast"": 0.5193025948759098, ""Standard"": 0.28897281136705116, ""Complex"": 0.1452645509425932, ""Ensemble"": 0.04646004281444564}",0.867,91,"{""3"": 6, ""0"": 48, ""2"": 13, ""1"": 24}",39605,6.22,147.91,23.79,1.6254,14.64,1,1018,1019
508,2026-01-25T16:08:24.321780,21.69,"{""Fast"": 0.49080404774664366, ""Standard"": 0.31221145591184685, ""Complex"": 0.15078113809636987, ""Ensemble"": 0.046203358245139624}",0.343,100,"{""0"": 42, ""1"": 40, ""2"": 13, ""3"": 5}",41737,6.23,150.98,24.22,1.5098,16.04,1,1020,1021
509,2026-01-25T16:08:36.073326,19.02,"{""Fast"": 0.4687500964577397, ""Standard"": 0.32562013757169367, ""Complex"": 0.16460491256173201, ""Ensemble"": 0.04102485340883469}",0.466,100,"{""1"": 30, ""0"": 46, ""3"": 5, ""2"": 19}",45814,5.93,143.92,24.27,1.4392,16.87,1,1022,1023
510,2026-01-25T16:08:48.102094,16.86,"{""Fast"": 0.47979950365677215, ""Standard"": 0.28282588934650654, ""Complex"": 0.18408503688583686, ""Ensemble"": 0.05328957011088447}",0.413,93,"{""2"": 22, ""0"": 41, ""1"": 26, ""3"": 4}",45429,5.92,143.71,24.27,1.5452,15.7,1,1024,1025
511,2026-01-25T16:09:00.126501,23.8,"{""Fast"": 0.444516986479739, ""Standard"": 0.34093367308558264, ""Complex"": 0.15976256438851735, ""Ensemble"": 0.05478677604616106}",0.975,100,"{""0"": 38, ""1"": 35, ""3"": 6, ""2"": 21}",46798,5.93,148.23,24.99,1.4823,16.86,1,1026,1027
512,2026-01-25T16:09:12.286111,29.38,"{""Fast"": 0.45194462089022147, ""Standard"": 0.3151584451027136, ""Complex"": 0.1791268563836291, ""Ensemble"": 0.053770077623435684}",0.968,93,"{""0"": 39, ""2"": 16, ""3"": 5, ""1"": 33}",46905,6.22,148.55,23.88,1.5973,14.95,1,1028,1029
513,2026-01-25T16:09:24.294343,27.9,"{""Fast"": 0.4855920278976836, ""Standard"": 0.31595022170485926, ""Complex"": 0.15456500225788558, ""Ensemble"": 0.04389274813957162}",0.502,100,"{""1"": 29, ""0"": 49, ""3"": 4, ""2"": 18}",44035,6.23,149.93,24.06,1.4993,16.05,1,1030,1031
514,2026-01-25T16:09:36.321398,28.96,"{""Fast"": 0.5224639877679865, ""Standard"": 0.2786264633094115, ""Complex"": 0.1461240515259194, ""Ensemble"": 0.05278549739668268}",0.499,100,"{""0"": 53, ""2"": 17, ""1"": 25, ""3"": 5}",40227,6.23,149.8,24.03,1.498,16.04,1,1032,1033
515,2026-01-25T16:09:48.374973,16.27,"{""Fast"": 0.46557083689073553, ""Standard"": 0.33830692959811703, ""Complex"": 0.1485520226738263, ""Ensemble"": 0.047570210837321145}",0.725,100,"{""2"": 12, ""0"": 45, ""1"": 36, ""3"": 7}",48915,6.23,148.69,23.86,1.4869,16.05,1,1034,1035
516,2026-01-25T16:10:00.092426,21.4,"{""Fast"": 0.4869181169939269, ""Standard"": 0.2896230118366822, ""Complex"": 0.1746266207947468, ""Ensemble"": 0.048832250374644046}",0.821,100,"{""2"": 19, ""0"": 49, ""1"": 27, ""3"": 5}",49859,5.93,146.88,24.78,1.4688,16.87,1,1036,1037
517,2026-01-25T16:10:12.283097,22.25,"{""Fast"": 0.513965876716244, ""Standard"": 0.2874305417372418, ""Complex"": 0.14346885116380878, ""Ensemble"": 0.05513473038270532}",0.896,87,"{""0"": 39, ""2"": 13, ""1"": 31, ""3"": 4}",34475,6.21,147.17,23.7,1.6916,14.01,1,1038,1039
518,2026-01-25T16:10:24.095946,28.95,"{""Fast"": 0.4857863539231201, ""Standard"": 0.31290609055254814, ""Complex"": 0.1534206480976598, ""Ensemble"": 0.04788690742667193}",0.69,100,"{""0"": 43, ""3"": 5, ""1"": 35, ""2"": 17}",48459,5.93,141.58,23.89,1.4158,16.87,1,1040,1041
519,2026-01-25T16:10:36.274007,26.24,"{""Fast"": 0.5274841568047601, ""Standard"": 0.2683615444908122, ""Complex"": 0.1519226299335823, ""Ensemble"": 0.05223166877084539}",0.419,81,"{""1"": 26, ""2"": 19, ""0"": 34, ""3"": 2}",37751,6.2,156.5,25.24,1.9321,13.06,1,1042,1043
520,2026-01-25T16:10:48.080417,25.3,"{""Fast"": 0.5262231711627346, ""Standard"": 0.2760511403716416, ""Complex"": 0.1455938729359232, ""Ensemble"": 0.05213181552970059}",0.53,100,"{""0"": 49, ""2"": 24, ""1"": 23, ""3"": 4}",50885,5.93,145.6,24.56,1.456,16.87,1,1044,1045
521,2026-01-25T16:11:00.115846,9.25,"{""Fast"": 0.5008468256376478, ""Standard"": 0.29654645558345616, ""Complex"": 0.15209986411976756, ""Ensemble"": 0.05050685465912841}",0.911,95,"{""0"": 45, ""1"": 38, ""2"": 9, ""3"": 3}",40055,5.92,145.7,24.61,1.5336,16.05,1,1046,1047
522,2026-01-25T16:11:12.296971,13.27,"{""Fast"": 0.484679485739, ""Standard"": 0.3106515803802619, ""Complex"": 0.15547120225120864, ""Ensemble"": 0.04919773162952934}",0.853,98,"{""2"": 18, ""1"": 29, ""0"": 46, ""3"": 5}",55387,6.23,147.95,23.75,1.5097,15.73,1,1048,1049
523,2026-01-25T16:11:24.133638,6.65,"{""Fast"": 0.5493851267506269, ""Standard"": 0.26350295018141634, ""Complex"": 0.1406171417606316, ""Ensemble"": 0.04649478130732525}",0.463,98,"{""0"": 49, ""1"": 28, ""2"": 15, ""3"": 6}",46183,5.93,142.04,23.96,1.4494,16.53,1,1050,1051
524,2026-01-25T16:11:36.342156,20.68,"{""Fast"": 0.4549548919479873, ""Standard"": 0.3441392581180594, ""Complex"": 0.15620943205866877, ""Ensemble"": 0.04469641787528454}",0.834,100,"{""0"": 51, ""1"": 30, ""2"": 18, ""3"": 1}",44746,6.24,150.35,24.11,1.5035,16.04,1,1052,1053
525,2026-01-25T16:11:48.353968,14.62,"{""Fast"": 0.48619563541577887, ""Standard"": 0.3172156606645104, ""Complex"": 0.15500375761134688, ""Ensemble"": 0.04158494630836398}",0.768,100,"{""0"": 59, ""1"": 27, ""2"": 11, ""3"": 3}",43164,6.23,155.21,24.92,1.5521,16.06,1,1054,1055
526,2026-01-25T16:12:00.115334,13.64,"{""Fast"": 0.4634324936559896, ""Standard"": 0.33171155350235265, ""Complex"": 0.16044468705201237, ""Ensemble"": 0.04441126578964532}",0.906,100,"{""1"": 38, ""0"": 37, ""2"": 23, ""3"": 2}",52014,5.93,146.47,24.71,1.4647,16.87,1,1056,1057
527,2026-01-25T16:12:12.142996,19.97,"{""Fast"": 0.47536997087973015, ""Standard"": 0.32359133517677413, ""Complex"": 0.1477713198091456, ""Ensemble"": 0.05326737413435009}",0.815,100,"{""0"": 41, ""3"": 6, ""1"": 43, ""2"": 10}",45362,5.93,144.07,24.31,1.4407,16.87,1,1058,1059
528,2026-01-25T16:12:24.366858,27.82,"{""Fast"": 0.51462323370072, ""Standard"": 0.2809669783680872, ""Complex"": 0.1529910450433129, ""Ensemble"": 0.05141874288787989}",0.906,100,"{""0"": 58, ""1"": 24, ""3"": 4, ""2"": 14}",39116,6.23,149.09,23.92,1.4909,16.05,1,1060,1061
529,2026-01-25T16:12:36.082008,9.25,"{""Fast"": 0.5165751709309441, ""Standard"": 0.2955597879267002, ""Complex"": 0.14351155935824889, ""Ensemble"": 0.04435348178410697}",0.566,95,"{""0"": 47, ""1"": 32, ""2"": 12, ""3"": 4}",40966,5.92,141.01,23.82,1.4843,16.05,1,1062,1063
530,2026-01-25T16:12:48.133002,8.23,"{""Fast"": 0.5135477136102274, ""Standard"": 0.30409475510510015, ""Complex"": 0.13166800021491212, ""Ensemble"": 0.0506895310697604}",0.839,100,"{""3"": 5, ""0"": 51, ""2"": 16, ""1"": 28}",47871,5.93,142.19,23.97,1.4219,16.86,1,1064,1065
531,2026-01-25T16:13:00.350400,10.93,"{""Fast"": 0.4594305282925333, ""Standard"": 0.3318443285314822, ""Complex"": 0.15618707962345518, ""Ensemble"": 0.052538063552529234}",0.762,100,"{""0"": 47, ""3"": 9, ""1"": 29, ""2"": 15}",47825,6.23,161.87,25.98,1.6187,16.05,1,1066,1067
532,2026-01-25T16:13:12.085910,6.36,"{""Fast"": 0.5230152022045965, ""Standard"": 0.2897548951991045, ""Complex"": 0.1411810783521914, ""Ensemble"": 0.04604882424410744}",0.504,88,"{""0"": 43, ""1"": 31, ""2"": 9, ""3"": 5}",35295,5.91,145.66,24.65,1.6552,14.89,1,1068,1069
533,2026-01-25T16:13:24.373748,26.51,"{""Fast"": 0.536576780782584, ""Standard"": 0.2713526918645005, ""Complex"": 0.13828264734380405, ""Ensemble"": 0.053787880009111576}",0.532,97,"{""0"": 59, ""1"": 21, ""3"": 6, ""2"": 11}",36969,6.23,150.2,24.12,1.5484,15.58,1,1070,1071
534,2026-01-25T16:13:36.118606,7.74,"{""Fast"": 0.5142138533436041, ""Standard"": 0.2901261470276366, ""Complex"": 0.14847666200781345, ""Ensemble"": 0.04718333762094564}",0.819,100,"{""0"": 44, ""2"": 15, ""1"": 38, ""3"": 3}",41147,5.92,148.99,25.15,1.4899,16.88,1,1072,1073
535,2026-01-25T16:13:48.328719,28.76,"{""Fast"": 0.44711948299763704, ""Standard"": 0.32675743595642076, ""Complex"": 0.1688134015914068, ""Ensemble"": 0.057309679454535425}",0.69,97,"{""0"": 45, ""1"": 32, ""2"": 15, ""3"": 5}",46941,6.23,150.92,24.21,1.5559,15.56,1,1074,1075
536,2026-01-25T16:14:00.076150,5.13,"{""Fast"": 0.4734992922709258, ""Standard"": 0.3248829894632514, ""Complex"": 0.1516475405300119, ""Ensemble"": 0.049970177735810896}",0.458,100,"{""2"": 19, ""1"": 29, ""3"": 4, ""0"": 48}",47188,5.93,151.04,25.47,1.5104,16.86,1,1076,1077
537,2026-01-25T16:14:12.303472,23.46,"{""Fast"": 0.448787996480053, ""Standard"": 0.33040085517424467, ""Complex"": 0.16603688667977934, ""Ensemble"": 0.05477426166592291}",0.323,96,"{""0"": 41, ""1"": 36, ""2"": 14, ""3"": 5}",41362,6.23,149.39,23.99,1.5561,15.42,1,1078,1079
538,2026-01-25T16:14:24.339243,12.57,"{""Fast"": 0.4985427944381331, ""Standard"": 0.30902801088490106, ""Complex"": 0.14174274772748646, ""Ensemble"": 0.05068644694947935}",0.487,100,"{""2"": 7, ""1"": 34, ""0"": 54, ""3"": 5}",40761,6.23,148.69,23.85,1.4869,16.04,1,1080,1081
539,2026-01-25T16:14:36.094443,20.43,"{""Fast"": 0.5170572867875145, ""Standard"": 0.2739585409733784, ""Complex"": 0.15813065232845358, ""Ensemble"": 0.0508535199106537}",0.852,100,"{""1"": 21, ""0"": 62, ""2"": 13, ""3"": 4}",42434,5.93,142.94,24.12,1.4294,16.88,1,1082,1083
540,2026-01-25T16:14:48.101833,29.01,"{""Fast"": 0.5065797204446651, ""Standard"": 0.2880965957687624, ""Complex"": 0.15976305895970702, ""Ensemble"": 0.04556062482686546}",0.418,85,"{""0"": 43, ""1"": 27, ""2"": 12, ""3"": 3}",35604,5.9,140.01,23.72,1.6472,14.4,1,1084,1085
541,2026-01-25T16:15:00.088162,19.28,"{""Fast"": 0.5122148773693274, ""Standard"": 0.28776634951636765, ""Complex"": 0.14725067351464796, ""Ensemble"": 0.05276809959965697}",0.973,100,"{""1"": 28, ""0"": 57, ""2"": 10, ""3"": 5}",43459,5.93,145.73,24.59,1.4573,16.88,1,1086,1087
542,2026-01-25T16:15:12.113908,14.19,"{""Fast"": 0.5139164155490998, ""Standard"": 0.2744681286756634, ""Complex"": 0.16506995204752853, ""Ensemble"": 0.046545503727708264}",0.496,84,"{""1"": 28, ""2"": 18, ""0"": 37, ""3"": 1}",36517,5.9,142.59,24.15,1.6975,14.23,1,1088,1089
543,2026-01-25T16:15:24.094551,12.41,"{""Fast"": 0.46251249360234276, ""Standard"": 0.3088411501346358, ""Complex"": 0.17410481070096237, ""Ensemble"": 0.05454154556205906}",0.774,100,"{""1"": 31, ""0"": 48, ""2"": 19, ""3"": 2}",47870,5.93,143.48,24.2,1.4348,16.87,1,1090,1091
544,2026-01-25T16:15:36.307290,17.28,"{""Fast"": 0.4642610923381926, ""Standard"": 0.33018632354726113, ""Complex"": 0.15829018079155754, ""Ensemble"": 0.04726240332298883}",0.326,100,"{""2"": 21, ""0"": 47, ""1"": 29, ""3"": 3}",47077,6.24,149.71,24.0,1.4971,16.03,1,1092,1093
545,2026-01-25T16:15:48.368467,26.62,"{""Fast"": 0.5226622791867863, ""Standard"": 0.27949247754775347, ""Complex"": 0.15066089459885398, ""Ensemble"": 0.047184348666606216}",0.707,100,"{""0"": 54, ""3"": 3, ""2"": 13, ""1"": 30}",38306,6.23,154.83,24.85,1.5483,16.05,1,1094,1095
546,2026-01-25T16:16:00.090172,16.93,"{""Fast"": 0.4685825982197522, ""Standard"": 0.3055241403713615, ""Complex"": 0.17453870120227424, ""Ensemble"": 0.051354560206612}",0.78,89,"{""1"": 31, ""0"": 35, ""2"": 19, ""3"": 4}",51942,5.91,145.4,24.61,1.6337,15.07,1,1096,1097
547,2026-01-25T16:16:12.093747,11.06,"{""Fast"": 0.4999808591531627, ""Standard"": 0.31307601846366295, ""Complex"": 0.13887723133754262, ""Ensemble"": 0.04806589104563156}",0.514,96,"{""3"": 4, ""0"": 53, ""2"": 9, ""1"": 30}",36509,5.92,141.13,23.83,1.4701,16.21,1,1098,1099
548,2026-01-25T16:16:24.125506,23.35,"{""Fast"": 0.5162300113765834, ""Standard"": 0.3001953911953047, ""Complex"": 0.14141544124255498, ""Ensemble"": 0.04215915618555686}",0.366,100,"{""0"": 52, ""3"": 5, ""1"": 31, ""2"": 12}",44601,5.93,143.71,24.25,1.4371,16.87,1,1100,1101
549,2026-01-25T16:16:36.347538,10.34,"{""Fast"": 0.4995178040126994, ""Standard"": 0.31609096743627185, ""Complex"": 0.14243162538794918, ""Ensemble"": 0.041959603163079506}",0.904,100,"{""0"": 47, ""2"": 13, ""1"": 37, ""3"": 3}",41551,6.23,153.99,24.71,1.5399,16.05,1,1102,1103
550,2026-01-25T16:16:48.113475,25.44,"{""Fast"": 0.5114978997858568, ""Standard"": 0.2899636762342723, ""Complex"": 0.15819018556264194, ""Ensemble"": 0.04034823841722877}",0.944,98,"{""0"": 55, ""1"": 27, ""2"": 14, ""3"": 2}",38090,5.93,142.19,23.98,1.4509,16.53,1,1104,1105
551,2026-01-25T16:17:00.321330,11.97,"{""Fast"": 0.49791331846087383, ""Standard"": 0.3221165062152853, ""Complex"": 0.1267581725258486, ""Ensemble"": 0.053212002797992215}",0.305,100,"{""1"": 33, ""2"": 15, ""0"": 47, ""3"": 5}",43932,6.23,155.72,24.99,1.5572,16.05,1,1106,1107
552,2026-01-25T16:17:12.085306,17.98,"{""Fast"": 0.5500320916615902, ""Standard"": 0.2715583667122569, ""Complex"": 0.13241008887899097, ""Ensemble"": 0.045999452747161954}",0.487,100,"{""2"": 14, ""0"": 57, ""1"": 28, ""3"": 1}",37441,5.93,142.35,24.01,1.4235,16.87,1,1108,1109
553,2026-01-25T16:17:24.125026,11.91,"{""Fast"": 0.4625583648204391, ""Standard"": 0.32681483559261487, ""Complex"": 0.16418894384108126, ""Ensemble"": 0.04643785574586474}",0.496,100,"{""0"": 38, ""1"": 38, ""2"": 15, ""3"": 9}",50542,5.93,142.53,24.04,1.4253,16.87,1,1110,1111
554,2026-01-25T16:17:36.346134,25.98,"{""Fast"": 0.5157412701797192, ""Standard"": 0.28382479111794773, ""Complex"": 0.15050442787482335, ""Ensemble"": 0.0499295108275095}",0.95,100,"{""0"": 53, ""2"": 14, ""1"": 27, ""3"": 6}",44288,6.23,150.35,24.13,1.5035,16.05,1,1112,1113
555,2026-01-25T16:17:48.329477,28.92,"{""Fast"": 0.4383227515498049, ""Standard"": 0.34670208792023, ""Complex"": 0.16767917103269245, ""Ensemble"": 0.04729598949727268}",0.739,78,"{""0"": 38, ""2"": 14, ""1"": 26}",27649,6.19,149.59,24.15,1.9178,12.59,1,1114,1115
556,2026-01-25T16:18:00.115949,14.94,"{""Fast"": 0.4704892931992895, ""Standard"": 0.30846583191886867, ""Complex"": 0.1704630188275562, ""Ensemble"": 0.05058185605428559}",0.543,100,"{""1"": 34, ""0"": 44, ""2"": 20, ""3"": 2}",46897,5.93,150.15,25.34,1.5015,16.88,1,1116,1117
557,2026-01-25T16:18:12.322119,24.65,"{""Fast"": 0.5578267678138696, ""Standard"": 0.2636453720838424, ""Complex"": 0.13010172980981527, ""Ensemble"": 0.048426130292472794}",0.699,97,"{""0"": 56, ""1"": 26, ""2"": 11, ""3"": 4}",38250,6.23,151.04,24.25,1.5571,15.57,1,1118,1119
558,2026-01-25T16:18:24.074901,18.66,"{""Fast"": 0.5016634342159004, ""Standard"": 0.3025971057803929, ""Complex"": 0.1419024314961971, ""Ensemble"": 0.05383702850750957}",0.609,100,"{""2"": 12, ""0"": 47, ""1"": 35, ""3"": 6}",49362,5.93,144.0,24.28,1.44,16.86,1,1120,1121
559,2026-01-25T16:18:36.130473,11.57,"{""Fast"": 0.44660769887038315, ""Standard"": 0.34050636311801186, ""Complex"": 0.15870960609948537, ""Ensemble"": 0.054176331912119555}",0.354,100,"{""2"": 20, ""0"": 40, ""1"": 36, ""3"": 4}",46898,5.93,143.4,24.19,1.434,16.87,1,1122,1123
560,2026-01-25T16:18:48.358626,14.6,"{""Fast"": 0.5014536918220251, ""Standard"": 0.2726600391202279, ""Complex"": 0.16869637613832728, ""Ensemble"": 0.05718989291941977}",0.355,100,"{""2"": 19, ""0"": 44, ""1"": 34, ""3"": 3}",43899,6.24,151.04,24.21,1.5104,16.03,1,1124,1125
561,2026-01-25T16:19:00.114876,6.82,"{""Fast"": 0.4589400478951041, ""Standard"": 0.315580381069009, ""Complex"": 0.1714105406437488, ""Ensemble"": 0.05406903039213797}",0.903,91,"{""2"": 12, ""0"": 34, ""1"": 36, ""3"": 9}",51450,5.61,142.48,25.41,1.5657,16.23,1,1126,1127
562,2026-01-25T16:19:12.114300,6.44,"{""Fast"": 0.4642995822138707, ""Standard"": 0.32734517020801757, ""Complex"": 0.16018495308359015, ""Ensemble"": 0.048170294494521516}",0.899,89,"{""1"": 22, ""0"": 52, ""2"": 12, ""3"": 3}",37841,5.91,144.52,24.45,1.6238,15.06,1,1128,1129
563,2026-01-25T16:19:24.135081,16.44,"{""Fast"": 0.5337688313954743, ""Standard"": 0.26647951649507773, ""Complex"": 0.15760049850449195, ""Ensemble"": 0.04215115360495593}",0.55,100,"{""0"": 49, ""1"": 31, ""2"": 18, ""3"": 2}",40498,5.93,141.35,23.83,1.4135,16.86,1,1130,1131
564,2026-01-25T16:19:36.316759,19.8,"{""Fast"": 0.5318634281489446, ""Standard"": 0.2738391472908247, ""Complex"": 0.14402429748332318, ""Ensemble"": 0.05027312707690754}",0.427,85,"{""0"": 45, ""1"": 24, ""3"": 5, ""2"": 11}",36098,6.2,154.93,24.97,1.8227,13.7,1,1132,1133
565,2026-01-25T16:19:48.310367,20.13,"{""Fast"": 0.48565413312063727, ""Standard"": 0.28745487233474887, ""Complex"": 0.16680598577160408, ""Ensemble"": 0.06008500877300976}",0.31,100,"{""0"": 51, ""1"": 28, ""3"": 5, ""2"": 16}",42305,6.24,148.77,23.85,1.4877,16.03,1,1134,1135
566,2026-01-25T16:20:00.355620,23.81,"{""Fast"": 0.5276498348661636, ""Standard"": 0.2803035450434591, ""Complex"": 0.14850466284424355, ""Ensemble"": 0.043541957246133856}",0.488,98,"{""2"": 18, ""3"": 5, ""0"": 50, ""1"": 25}",44711,6.23,152.37,24.47,1.5548,15.74,1,1136,1137
567,2026-01-25T16:20:12.086635,7.15,"{""Fast"": 0.4367545588363989, ""Standard"": 0.34374817911595695, ""Complex"": 0.16651514786885224, ""Ensemble"": 0.05298211417879195}",0.788,90,"{""1"": 41, ""2"": 17, ""0"": 26, ""3"": 6}",56002,5.91,142.33,24.08,1.5815,15.23,1,1138,1139
568,2026-01-25T16:20:24.093908,24.29,"{""Fast"": 0.5532752532560433, ""Standard"": 0.252610966529619, ""Complex"": 0.14761366715629595, ""Ensemble"": 0.04650011305804178}",0.333,100,"{""1"": 29, ""0"": 54, ""3"": 6, ""2"": 11}",40908,5.93,143.41,24.18,1.4341,16.86,1,1140,1141
569,2026-01-25T16:20:36.268381,27.19,"{""Fast"": 0.4767529798513664, ""Standard"": 0.32718604389750605, ""Complex"": 0.14793486810790396, ""Ensemble"": 0.04812610814322359}",0.927,80,"{""0"": 36, ""3"": 4, ""1"": 29, ""2"": 11}",39996,6.19,147.94,23.88,1.8492,12.91,1,1142,1143
570,2026-01-25T16:20:48.228704,5.95,"{""Fast"": 0.5107776558099512, ""Standard"": 0.29680507521279414, ""Complex"": 0.14503409661563277, ""Ensemble"": 0.04738317236162204}",0.699,100,"{""1"": 28, ""2"": 17, ""0"": 53, ""3"": 2}",46497,5.62,135.74,24.15,1.3574,17.79,1,1144,1145
571,2026-01-25T16:21:00.143615,24.52,"{""Fast"": 0.4767227039005839, ""Standard"": 0.3375602782392635, ""Complex"": 0.13357687930782297, ""Ensemble"": 0.05214013855232952}",0.581,100,"{""0"": 46, ""1"": 32, ""2"": 20, ""3"": 2}",47104,5.93,147.63,24.91,1.4763,16.87,1,1146,1147
572,2026-01-25T16:21:12.375674,28.08,"{""Fast"": 0.5026587407897174, ""Standard"": 0.30594158748550515, ""Complex"": 0.14731762246908414, ""Ensemble"": 0.04408204925569328}",0.799,100,"{""0"": 52, ""1"": 31, ""2"": 12, ""3"": 5}",48077,6.23,148.62,23.85,1.4862,16.05,1,1148,1149
573,2026-01-25T16:21:24.127555,28.54,"{""Fast"": 0.5112784203493095, ""Standard"": 0.2992848668371314, ""Complex"": 0.14419641415107107, ""Ensemble"": 0.045240298662488056}",0.816,96,"{""0"": 47, ""1"": 31, ""2"": 15, ""3"": 3}",41080,5.92,144.38,24.38,1.5039,16.21,1,1150,1151
574,2026-01-25T16:21:36.310896,16.8,"{""Fast"": 0.48210614935302293, ""Standard"": 0.33027729060328076, ""Complex"": 0.13820698136218107, ""Ensemble"": 0.049409578681515284}",0.955,91,"{""2"": 11, ""0"": 47, ""1"": 30, ""3"": 3}",39582,6.22,151.1,24.29,1.6604,14.63,1,1152,1153
575,2026-01-25T16:21:48.122569,16.54,"{""Fast"": 0.5411579922293736, ""Standard"": 0.25818898996335043, ""Complex"": 0.1557071869826313, ""Ensemble"": 0.044945830824644616}",0.315,85,"{""1"": 24, ""0"": 40, ""3"": 5, ""2"": 16}",37134,5.9,141.25,23.92,1.6617,14.39,1,1154,1155
576,2026-01-25T16:22:00.094768,14.18,"{""Fast"": 0.5580471223559116, ""Standard"": 0.26133585247446256, ""Complex"": 0.13575401805848533, ""Ensemble"": 0.044863007111140475}",0.356,94,"{""0"": 52, ""1"": 22, ""3"": 8, ""2"": 12}",43054,5.92,146.05,24.69,1.5537,15.89,1,1156,1157
577,2026-01-25T16:22:12.080491,5.11,"{""Fast"": 0.5265976958246125, ""Standard"": 0.28193901659029613, ""Complex"": 0.14893011309207482, ""Ensemble"": 0.04253317449301649}",0.744,86,"{""0"": 46, ""1"": 27, ""2"": 12, ""3"": 1}",37342,5.9,141.93,24.04,1.6504,14.56,1,1158,1159
578,2026-01-25T16:22:24.076421,5.09,"{""Fast"": 0.5121138398908757, ""Standard"": 0.28581287235510205, ""Complex"": 0.15850785629009928, ""Ensemble"": 0.043565431463923054}",0.876,100,"{""0"": 50, ""1"": 33, ""2"": 15, ""3"": 2}",45955,5.94,146.32,24.65,1.4632,16.85,1,1160,1161
579,2026-01-25T16:22:36.142165,22.83,"{""Fast"": 0.5450230053336439, ""Standard"": 0.2733362457471778, ""Complex"": 0.13331936266546393, ""Ensemble"": 0.0483213862537144}",0.496,100,"{""0"": 53, ""1"": 25, ""2"": 17, ""3"": 5}",48340,5.93,149.9,25.28,1.499,16.87,1,1162,1163
580,2026-01-25T16:22:48.075140,25.91,"{""Fast"": 0.5322071223957021, ""Standard"": 0.27493635276048206, ""Complex"": 0.14976890998912648, ""Ensemble"": 0.04308761485468938}",0.324,100,"{""0"": 59, ""1"": 24, ""2"": 11, ""3"": 6}",41158,5.94,143.8,24.22,1.438,16.85,1,1164,1165
581,2026-01-25T16:23:00.127342,6.81,"{""Fast"": 0.48340614230785994, ""Standard"": 0.2854566995985752, ""Complex"": 0.17286581175141913, ""Ensemble"": 0.05827134634214578}",0.443,99,"{""2"": 15, ""1"": 29, ""0"": 48, ""3"": 7}",46225,5.93,154.62,26.07,1.5618,16.69,1,1166,1167
582,2026-01-25T16:23:12.318908,11.51,"{""Fast"": 0.4825085035503619, ""Standard"": 0.32367434011732654, ""Complex"": 0.1505498263661677, ""Ensemble"": 0.043267329966143804}",0.904,87,"{""0"": 32, ""1"": 34, ""2"": 18, ""3"": 3}",46830,6.21,148.72,23.96,1.7094,14.01,1,1168,1169
583,2026-01-25T16:23:24.323098,24.8,"{""Fast"": 0.4958468464385097, ""Standard"": 0.3107328656890296, ""Complex"": 0.1442185185468641, ""Ensemble"": 0.04920176932559663}",0.653,100,"{""1"": 33, ""0"": 50, ""2"": 14, ""3"": 3}",41023,6.24,152.58,24.47,1.5258,16.04,1,1170,1171
584,2026-01-25T16:23:36.367211,13.98,"{""Fast"": 0.47481566712481366, ""Standard"": 0.2968583836967355, ""Complex"": 0.17444957869959526, ""Ensemble"": 0.05387637047885563}",0.833,95,"{""0"": 49, ""1"": 26, ""2"": 18, ""3"": 2}",41691,6.22,146.94,23.62,1.5467,15.27,1,1172,1173
585,2026-01-25T16:23:48.096131,10.14,"{""Fast"": 0.5442169134197827, ""Standard"": 0.2891823849311143, ""Complex"": 0.12531968135217567, ""Ensemble"": 0.04128102029692725}",0.707,100,"{""1"": 33, ""0"": 51, ""2"": 14, ""3"": 2}",43847,5.93,146.04,24.63,1.4604,16.87,1,1174,1175
586,2026-01-25T16:24:00.132656,18.21,"{""Fast"": 0.5107388594430335, ""Standard"": 0.27421277896930135, ""Complex"": 0.16092761081779516, ""Ensemble"": 0.054120750769870135}",0.48,100,"{""0"": 48, ""1"": 27, ""2"": 20, ""3"": 5}",47719,5.93,148.39,25.03,1.4839,16.87,1,1176,1177
587,2026-01-25T16:24:12.342402,6.09,"{""Fast"": 0.5244973924406149, ""Standard"": 0.2571350778002034, ""Complex"": 0.16850170200307446, ""Ensemble"": 0.04986582775610719}",0.962,93,"{""0"": 46, ""1"": 28, ""3"": 6, ""2"": 13}",44783,6.22,149.39,24.01,1.6063,14.95,1,1178,1179
588,2026-01-25T16:24:24.328392,27.22,"{""Fast"": 0.46701320890738884, ""Standard"": 0.329039273622079, ""Complex"": 0.14989437556736915, ""Ensemble"": 0.05405314190316303}",0.541,100,"{""0"": 53, ""1"": 25, ""3"": 8, ""2"": 14}",46700,6.23,151.29,24.28,1.5129,16.05,1,1180,1181
589,2026-01-25T16:24:36.075573,24.78,"{""Fast"": 0.5019085544898255, ""Standard"": 0.298417688516906, ""Complex"": 0.15119740650530447, ""Ensemble"": 0.04847635048796403}",0.652,97,"{""1"": 26, ""0"": 55, ""2"": 10, ""3"": 6}",39359,5.92,144.34,24.38,1.4881,16.38,1,1182,1183
590,2026-01-25T16:24:48.100586,5.66,"{""Fast"": 0.49572297649738184, ""Standard"": 0.3030577462826854, ""Complex"": 0.15223557172123886, ""Ensemble"": 0.04898370549869384}",0.594,98,"{""3"": 5, ""0"": 44, ""1"": 31, ""2"": 18}",45273,5.93,142.56,24.06,1.4547,16.54,1,1184,1185
591,2026-01-25T16:25:00.316215,18.18,"{""Fast"": 0.49458811144835124, ""Standard"": 0.3113465623833091, ""Complex"": 0.1439613618796465, ""Ensemble"": 0.05010396428869301}",0.783,100,"{""0"": 52, ""1"": 34, ""3"": 4, ""2"": 10}",41830,6.23,155.68,24.99,1.5568,16.05,1,1186,1187
592,2026-01-25T16:25:12.098396,29.49,"{""Fast"": 0.4671890582223124, ""Standard"": 0.32209014607182007, ""Complex"": 0.1574213772958947, ""Ensemble"": 0.053299418409972814}",0.671,100,"{""1"": 37, ""0"": 45, ""2"": 13, ""3"": 5}",44564,5.93,143.26,24.16,1.4326,16.87,1,1188,1189
593,2026-01-25T16:25:24.316714,19.36,"{""Fast"": 0.5185563192225814, ""Standard"": 0.27243562065102694, ""Complex"": 0.15128842229805392, ""Ensemble"": 0.057719637828337646}",0.484,94,"{""3"": 6, ""2"": 12, ""1"": 30, ""0"": 46}",43135,6.22,147.74,23.75,1.5717,15.11,1,1190,1191
594,2026-01-25T16:25:36.335074,8.73,"{""Fast"": 0.5108262304896328, ""Standard"": 0.2811714977498615, ""Complex"": 0.15804704484910564, ""Ensemble"": 0.049955226911400114}",0.627,100,"{""3"": 4, ""0"": 53, ""2"": 13, ""1"": 30}",42862,6.23,152.99,24.55,1.5299,16.04,1,1192,1193
595,2026-01-25T16:25:48.093459,17.51,"{""Fast"": 0.4976329143176258, ""Standard"": 0.3085178691242966, ""Complex"": 0.15109904147824962, ""Ensemble"": 0.04275017507982804}",0.838,96,"{""0"": 46, ""1"": 32, ""2"": 12, ""3"": 6}",47631,5.92,143.42,24.22,1.494,16.21,1,1194,1195
596,2026-01-25T16:26:00.294681,20.6,"{""Fast"": 0.5303949026312966, ""Standard"": 0.27971635801558337, ""Complex"": 0.13738181964232812, ""Ensemble"": 0.0525069197107919}",0.354,98,"{""0"": 46, ""1"": 33, ""2"": 18, ""3"": 1}",40022,6.23,154.22,24.76,1.5737,15.74,1,1196,1197
597,2026-01-25T16:26:12.309921,26.05,"{""Fast"": 0.4737698328011205, ""Standard"": 0.3021080562484755, ""Complex"": 0.16970800764020125, ""Ensemble"": 0.0544141033102027}",0.65,81,"{""1"": 26, ""3"": 12, ""0"": 31, ""2"": 12}",44266,6.2,149.29,24.08,1.8431,13.07,1,1198,1199
598,2026-01-25T16:26:24.104481,9.48,"{""Fast"": 0.5196449724043158, ""Standard"": 0.2738734230472606, ""Complex"": 0.15907877104283488, ""Ensemble"": 0.047402833505588694}",0.723,96,"{""1"": 24, ""2"": 26, ""0"": 41, ""3"": 5}",53596,5.92,147.61,24.92,1.5376,16.2,1,1200,1201
599,2026-01-25T16:26:36.109812,24.41,"{""Fast"": 0.5088497632967423, ""Standard"": 0.28422793957409215, ""Complex"": 0.16483602193161404, ""Ensemble"": 0.04208627519755166}",0.845,91,"{""1"": 28, ""2"": 14, ""0"": 46, ""3"": 3}",38048,5.91,142.56,24.11,1.5666,15.39,1,1202,1203
600,2026-01-25T16:26:48.140723,22.51,"{""Fast"": 0.4950586050959456, ""Standard"": 0.29762851943140417, ""Complex"": 0.15146543765724918, ""Ensemble"": 0.05584743781540097}",0.737,100,"{""1"": 30, ""2"": 20, ""0"": 46, ""3"": 4}",48434,5.93,141.52,23.85,1.4152,16.86,1,1204,1205
601,2026-01-25T16:27:00.350884,27.83,"{""Fast"": 0.5147284919365487, ""Standard"": 0.2707491069301812, ""Complex"": 0.1695328032587881, ""Ensemble"": 0.044989597874481924}",0.611,98,"{""0"": 64, ""1"": 22, ""2"": 9, ""3"": 3}",35163,6.23,153.54,24.66,1.5667,15.74,1,1206,1207
602,2026-01-25T16:27:12.096411,22.51,"{""Fast"": 0.4608416383070643, ""Standard"": 0.3149513625428626, ""Complex"": 0.17517668741649045, ""Ensemble"": 0.049030311733582646}",0.941,93,"{""1"": 32, ""0"": 43, ""2"": 16, ""3"": 2}",40431,5.92,141.88,23.97,1.5256,15.71,1,1208,1209
603,2026-01-25T16:27:24.127656,23.14,"{""Fast"": 0.4929994788767555, ""Standard"": 0.2954020089693448, ""Complex"": 0.15837097268894582, ""Ensemble"": 0.05322753946495392}",0.997,98,"{""1"": 29, ""0"": 46, ""2"": 17, ""3"": 6}",46311,5.93,144.16,24.31,1.4711,16.52,1,1210,1211
604,2026-01-25T16:27:36.336114,22.84,"{""Fast"": 0.4880254837550195, ""Standard"": 0.3176233080062475, ""Complex"": 0.14658495565275093, ""Ensemble"": 0.0477662525859821}",0.336,97,"{""0"": 50, ""1"": 29, ""2"": 14, ""3"": 4}",40971,6.23,154.28,24.76,1.5906,15.57,1,1212,1213
605,2026-01-25T16:27:48.367288,22.06,"{""Fast"": 0.48895496441364084, ""Standard"": 0.2989270036705714, ""Complex"": 0.16655899851536007, ""Ensemble"": 0.0455590334004277}",0.446,96,"{""0"": 42, ""1"": 31, ""3"": 10, ""2"": 13}",46460,6.23,150.03,24.09,1.5628,15.42,1,1214,1215
606,2026-01-25T16:28:00.092086,25.77,"{""Fast"": 0.48456837676206294, ""Standard"": 0.3034447455984649, ""Complex"": 0.16020328300725162, ""Ensemble"": 0.05178359463222049}",0.702,90,"{""0"": 47, ""2"": 16, ""1"": 23, ""3"": 4}",40807,5.91,148.59,25.15,1.6509,15.23,1,1216,1217
607,2026-01-25T16:28:12.129098,13.74,"{""Fast"": 0.5109411529666646, ""Standard"": 0.2859934886887303, ""Complex"": 0.16044497668209365, ""Ensemble"": 0.04262038166251132}",0.955,100,"{""0"": 53, ""3"": 8, ""1"": 23, ""2"": 16}",48111,5.93,139.83,23.58,1.3983,16.86,1,1218,1219
608,2026-01-25T16:28:24.349852,22.95,"{""Fast"": 0.5128472358005434, ""Standard"": 0.2856400692717406, ""Complex"": 0.14113831703385502, ""Ensemble"": 0.060374377893860944}",0.675,96,"{""2"": 13, ""1"": 28, ""0"": 52, ""3"": 3}",41740,6.23,150.19,24.11,1.5645,15.41,1,1220,1221
609,2026-01-25T16:28:36.089664,24.39,"{""Fast"": 0.5275045680768707, ""Standard"": 0.2751158695805868, ""Complex"": 0.1501309218419036, ""Ensemble"": 0.047248640500638844}",0.442,100,"{""1"": 25, ""0"": 51, ""2"": 18, ""3"": 6}",47967,5.93,143.83,24.24,1.4383,16.85,1,1222,1223
610,2026-01-25T16:28:48.124060,16.61,"{""Fast"": 0.526687937791318, ""Standard"": 0.26668757283612093, ""Complex"": 0.16288099860770133, ""Ensemble"": 0.04374349076485975}",0.956,100,"{""1"": 27, ""0"": 46, ""3"": 4, ""2"": 23}",51992,5.93,144.73,24.4,1.4473,16.86,1,1224,1225
611,2026-01-25T16:29:00.351067,11.0,"{""Fast"": 0.48183988104833453, ""Standard"": 0.3273132834077622, ""Complex"": 0.13997153798122558, ""Ensemble"": 0.05087529756267771}",0.321,97,"{""1"": 32, ""3"": 4, ""0"": 53, ""2"": 8}",36305,6.23,153.2,24.59,1.5794,15.57,1,1226,1227
612,2026-01-25T16:29:12.366779,8.8,"{""Fast"": 0.5252299182502115, ""Standard"": 0.2830357559976179, ""Complex"": 0.1346990982986976, ""Ensemble"": 0.05703522745347315}",0.433,100,"{""1"": 25, ""0"": 53, ""3"": 7, ""2"": 15}",44060,6.23,152.15,24.41,1.5215,16.04,1,1228,1229
613,2026-01-25T16:29:24.126584,16.95,"{""Fast"": 0.5305525863254299, ""Standard"": 0.27582632129122653, ""Complex"": 0.15242316961425567, ""Ensemble"": 0.041197922769087944}",0.454,100,"{""0"": 60, ""2"": 15, ""3"": 5, ""1"": 20}",42828,5.93,142.18,23.98,1.4218,16.87,1,1230,1231
614,2026-01-25T16:29:36.335844,24.33,"{""Fast"": 0.5165860917762353, ""Standard"": 0.3202548946192072, ""Complex"": 0.12248306848816748, ""Ensemble"": 0.04067594511639016}",0.755,100,"{""2"": 14, ""1"": 35, ""0"": 50, ""3"": 1}",45637,6.24,-61087.41,-9792.23,-610.8741,16.03,1,1232,1233
615,2026-01-25T16:29:48.083608,25.06,"{""Fast"": 0.5162506261786204, ""Standard"": 0.2960999339527933, ""Complex"": 0.14280484878296312, ""Ensemble"": 0.04484459108562323}",0.507,91,"{""0"": 47, ""2"": 11, ""1"": 30, ""3"": 3}",35608,5.91,140.77,23.8,1.547,15.39,1,1234,1235
616,2026-01-25T16:30:00.100619,7.87,"{""Fast"": 0.5140242611044762, ""Standard"": 0.3040749763530326, ""Complex"": 0.12958820062784754, ""Ensemble"": 0.05231256191464377}",0.457,100,"{""1"": 32, ""0"": 57, ""2"": 10, ""3"": 1}",36065,5.93,153.49,25.87,1.5349,16.86,1,1236,1237
617,2026-01-25T16:30:12.325590,7.94,"{""Fast"": 0.49477576639042387, ""Standard"": 0.29796080405192477, ""Complex"": 0.1623648020587278, ""Ensemble"": 0.04489862749892352}",0.651,98,"{""0"": 46, ""1"": 37, ""2"": 11, ""3"": 4}",41607,6.23,149.98,24.08,1.5305,15.73,1,1238,1239
618,2026-01-25T16:30:24.330105,22.63,"{""Fast"": 0.48402932125324577, ""Standard"": 0.290374271956829, ""Complex"": 0.17047785013164923, ""Ensemble"": 0.05511855665827606}",0.549,84,"{""2"": 15, ""0"": 44, ""1"": 21, ""3"": 4}",41006,6.2,148.47,23.94,1.7674,13.54,1,1240,1241
619,2026-01-25T16:30:36.288884,22.66,"{""Fast"": 0.47236672518373823, ""Standard"": 0.30880568201086767, ""Complex"": 0.16970423901305562, ""Ensemble"": 0.04912335379233841}",0.521,92,"{""1"": 27, ""0"": 45, ""2"": 12, ""3"": 8}",43194,6.22,149.6,24.06,1.6261,14.79,1,1242,1243
620,2026-01-25T16:30:48.303141,18.53,"{""Fast"": 0.5034642667935878, ""Standard"": 0.31398204996232293, ""Complex"": 0.13888415769877502, ""Ensemble"": 0.04366952554531424}",0.485,92,"{""0"": 46, ""1"": 30, ""2"": 13, ""3"": 3}",38974,6.22,148.26,23.85,1.6116,14.8,1,1244,1245
621,2026-01-25T16:31:00.318362,26.35,"{""Fast"": 0.5216707685989209, ""Standard"": 0.2810668887391441, ""Complex"": 0.14983326541754274, ""Ensemble"": 0.04742907724439239}",0.723,100,"{""2"": 20, ""0"": 43, ""1"": 31, ""3"": 6}",57268,6.23,156.79,25.15,1.5679,16.04,1,1246,1247
622,2026-01-25T16:31:12.370920,15.23,"{""Fast"": 0.5250860655242034, ""Standard"": 0.27708278092630695, ""Complex"": 0.15406636470201682, ""Ensemble"": 0.04376478884747272}",0.905,91,"{""0"": 50, ""2"": 9, ""1"": 31, ""3"": 1}",38254,6.22,150.28,24.17,1.6515,14.63,1,1248,1249
623,2026-01-25T16:31:24.341336,10.87,"{""Fast"": 0.5012021507347109, ""Standard"": 0.3048666933218041, ""Complex"": 0.13975990036062927, ""Ensemble"": 0.05417125558285576}",0.777,100,"{""0"": 52, ""3"": 4, ""1"": 30, ""2"": 14}",40906,6.24,152.14,24.4,1.5214,16.04,1,1250,1251
624,2026-01-25T16:31:36.104701,19.27,"{""Fast"": 0.5152866767226005, ""Standard"": 0.29104524487800987, ""Complex"": 0.14537106401880506, ""Ensemble"": 0.04829701438058464}",0.966,100,"{""1"": 31, ""0"": 51, ""2"": 13, ""3"": 5}",41899,5.93,142.97,24.11,1.4297,16.87,1,1252,1253
625,2026-01-25T16:31:48.294053,21.46,"{""Fast"": 0.53200672111482, ""Standard"": 0.25510429342809543, ""Complex"": 0.1660974884363016, ""Ensemble"": 0.04679149702078315}",0.364,100,"{""0"": 48, ""1"": 27, ""2"": 19, ""3"": 6}",46389,6.23,147.73,23.72,1.4773,16.06,1,1254,1255
626,2026-01-25T16:32:00.367829,24.74,"{""Fast"": 0.5309449798044564, ""Standard"": 0.2963879788829819, ""Complex"": 0.1284986243202054, ""Ensemble"": 0.044168416992356276}",0.995,100,"{""2"": 10, ""1"": 31, ""0"": 54, ""3"": 5}",41758,6.23,152.8,24.51,1.528,16.04,1,1256,1257
627,2026-01-25T16:32:12.110235,6.36,"{""Fast"": 0.5446453829642199, ""Standard"": 0.25684355622984656, ""Complex"": 0.15187138533756653, ""Ensemble"": 0.046639675468366955}",0.993,100,"{""0"": 44, ""1"": 30, ""2"": 21, ""3"": 5}",54381,5.93,144.03,24.29,1.4403,16.87,1,1258,1259
628,2026-01-25T16:32:24.314041,18.69,"{""Fast"": 0.48109150980079973, ""Standard"": 0.3349093081162506, ""Complex"": 0.1287430739058915, ""Ensemble"": 0.05525610817705804}",0.991,90,"{""2"": 8, ""1"": 31, ""0"": 41, ""3"": 10}",50896,6.22,153.18,24.64,1.702,14.48,1,1260,1261
629,2026-01-25T16:32:36.300633,10.31,"{""Fast"": 0.48576443836221306, ""Standard"": 0.29897043556845887, ""Complex"": 0.16845429367397635, ""Ensemble"": 0.04681083239535164}",0.663,100,"{""1"": 36, ""0"": 43, ""2"": 15, ""3"": 6}",50280,6.23,149.36,23.96,1.4936,16.04,1,1262,1263
630,2026-01-25T16:32:48.371054,26.1,"{""Fast"": 0.47109648423824907, ""Standard"": 0.31788126651082915, ""Complex"": 0.15881082770961977, ""Ensemble"": 0.052211421541302136}",0.54,98,"{""1"": 28, ""0"": 51, ""2"": 15, ""3"": 4}",43090,6.23,149.3,23.97,1.5235,15.73,1,1264,1265
631,2026-01-25T16:33:00.095780,22.78,"{""Fast"": 0.5015729990285835, ""Standard"": 0.31025572437744464, ""Complex"": 0.14113296445763357, ""Ensemble"": 0.047038312136338155}",0.882,94,"{""0"": 53, ""1"": 26, ""2"": 13, ""3"": 2}",38761,5.92,149.04,25.19,1.5855,15.89,1,1266,1267
632,2026-01-25T16:33:12.141766,28.9,"{""Fast"": 0.5560660395130534, ""Standard"": 0.26219903592214466, ""Complex"": 0.13153181940774783, ""Ensemble"": 0.050203105157054013}",0.416,100,"{""0"": 54, ""1"": 30, ""2"": 13, ""3"": 3}",41040,5.93,141.75,23.89,1.4175,16.86,1,1268,1269
633,2026-01-25T16:33:24.369131,16.36,"{""Fast"": 0.5298321080005876, ""Standard"": 0.25549972327962595, ""Complex"": 0.15886498537060398, ""Ensemble"": 0.0558031833491825}",0.862,100,"{""2"": 22, ""1"": 22, ""0"": 51, ""3"": 5}",57682,5.93,145.5,24.56,1.455,16.88,1,1270,1271
634,2026-01-25T16:33:36.118355,21.41,"{""Fast"": 0.5055573003951633, ""Standard"": 0.3205241873922561, ""Complex"": 0.12608854080263832, ""Ensemble"": 0.04782997140994223}",0.307,94,"{""2"": 12, ""0"": 38, ""3"": 9, ""1"": 35}",42394,5.92,143.77,24.29,1.5295,15.88,1,1272,1273
635,2026-01-25T16:33:48.315115,9.26,"{""Fast"": 0.5099050402990972, ""Standard"": 0.277437374339997, ""Complex"": 0.15803352123889816, ""Ensemble"": 0.05462406412200769}",0.617,100,"{""2"": 12, ""3"": 3, ""0"": 55, ""1"": 30}",42409,6.23,149.79,24.03,1.4979,16.04,1,1274,1275
636,2026-01-25T16:34:00.373679,5.56,"{""Fast"": 0.469428169033762, ""Standard"": 0.32188976171366945, ""Complex"": 0.15436494970889883, ""Ensemble"": 0.054317119543669704}",0.965,100,"{""0"": 54, ""1"": 27, ""2"": 14, ""3"": 5}",47435,6.23,155.09,24.88,1.5509,16.04,1,1276,1277
637,2026-01-25T16:34:12.137303,27.26,"{""Fast"": 0.4719236982626208, ""Standard"": 0.30814354412724193, ""Complex"": 0.16657883839221344, ""Ensemble"": 0.053353919217923734}",0.708,100,"{""0"": 40, ""2"": 24, ""1"": 31, ""3"": 5}",53264,5.93,143.04,24.13,1.4304,16.87,1,1278,1279
638,2026-01-25T16:34:24.313543,16.64,"{""Fast"": 0.5455287143025599, ""Standard"": 0.2623825960750185, ""Complex"": 0.14909523568616906, ""Ensemble"": 0.042993453936252354}",0.587,96,"{""1"": 24, ""0"": 51, ""2"": 17, ""3"": 4}",40457,6.22,149.27,24.0,1.5549,15.43,1,1280,1281
639,2026-01-25T16:34:36.347339,14.23,"{""Fast"": 0.4576006418184925, ""Standard"": 0.3384633884960582, ""Complex"": 0.16023402124783098, ""Ensemble"": 0.0437019484376183}",0.806,95,"{""0"": 51, ""1"": 28, ""2"": 15, ""3"": 1}",37668,6.22,152.1,24.44,1.6011,15.27,1,1282,1283
640,2026-01-25T16:34:48.349582,15.99,"{""Fast"": 0.5473146151598874, ""Standard"": 0.26328342390651066, ""Complex"": 0.1366165358457555, ""Ensemble"": 0.05278542508784628}",0.789,94,"{""2"": 10, ""0"": 47, ""1"": 31, ""3"": 6}",33943,6.22,150.5,24.18,1.601,15.1,1,1284,1285
641,2026-01-25T16:35:00.363945,27.63,"{""Fast"": 0.4980127363124419, ""Standard"": 0.2753115600770102, ""Complex"": 0.17677601595620512, ""Ensemble"": 0.04989968765434281}",0.622,92,"{""2"": 17, ""0"": 40, ""1"": 29, ""3"": 6}",43658,6.22,153.64,24.69,1.67,14.79,1,1286,1287
642,2026-01-25T16:35:12.363591,28.22,"{""Fast"": 0.5280431145870121, ""Standard"": 0.2992472794937881, ""Complex"": 0.12736074697760208, ""Ensemble"": 0.0453488589415977}",0.883,96,"{""0"": 51, ""3"": 7, ""1"": 29, ""2"": 9}",49348,6.23,148.18,23.8,1.5436,15.42,1,1288,1289
643,2026-01-25T16:35:24.109342,12.22,"{""Fast"": 0.5427567534990669, ""Standard"": 0.2695241288007841, ""Complex"": 0.14445757011933671, ""Ensemble"": 0.04326154758081224}",0.817,100,"{""2"": 26, ""0"": 51, ""1"": 20, ""3"": 3}",49314,5.93,142.38,24.01,1.4238,16.87,1,1290,1291
644,2026-01-25T16:35:36.312223,15.34,"{""Fast"": 0.5291073634112954, ""Standard"": 0.27807264889642314, ""Complex"": 0.1430963550403338, ""Ensemble"": 0.04972363265194752}",0.523,97,"{""2"": 19, ""0"": 49, ""1"": 21, ""3"": 8}",46771,6.22,149.57,24.04,1.542,15.59,1,1292,1293
645,2026-01-25T16:35:48.373211,23.71,"{""Fast"": 0.49251531282693545, ""Standard"": 0.31125603640652016, ""Complex"": 0.14879531121358933, ""Ensemble"": 0.0474333395529551}",0.307,100,"{""3"": 2, ""0"": 54, ""1"": 29, ""2"": 15}",40616,6.23,151.84,24.36,1.5184,16.05,1,1294,1295
646,2026-01-25T16:36:00.130544,23.65,"{""Fast"": 0.4738394116932027, ""Standard"": 0.33140268207924106, ""Complex"": 0.1453339377169332, ""Ensemble"": 0.04942396851062312}",0.98,100,"{""1"": 34, ""2"": 14, ""0"": 48, ""3"": 4}",41953,5.93,148.25,25.01,1.4825,16.87,1,1296,1297
647,2026-01-25T16:36:12.339519,9.95,"{""Fast"": 0.47088176419702876, ""Standard"": 0.31706993919034393, ""Complex"": 0.16925269034876747, ""Ensemble"": 0.042795606263859705}",0.534,94,"{""0"": 42, ""2"": 17, ""3"": 3, ""1"": 32}",40692,6.22,150.26,24.16,1.5985,15.11,1,1298,1299
648,2026-01-25T16:36:24.374893,7.11,"{""Fast"": 0.5169986270961555, ""Standard"": 0.30899860880051394, ""Complex"": 0.1318239643069317, ""Ensemble"": 0.04217879979639881}",0.72,100,"{""0"": 54, ""1"": 34, ""2"": 7, ""3"": 5}",44467,6.23,151.09,24.25,1.5109,16.05,1,1300,1301
649,2026-01-25T16:36:36.129020,22.21,"{""Fast"": 0.5053394272946947, ""Standard"": 0.30221075175642836, ""Complex"": 0.1414189258304286, ""Ensemble"": 0.05103089511844825}",0.817,100,"{""1"": 42, ""0"": 45, ""2"": 11, ""3"": 2}",42040,5.93,142.53,24.04,1.4253,16.86,1,1302,1303
650,2026-01-25T16:36:48.332067,22.14,"{""Fast"": 0.5013550909019209, ""Standard"": 0.3055921424008544, ""Complex"": 0.14735543494521958, ""Ensemble"": 0.0456973317520052}",0.516,88,"{""1"": 30, ""2"": 13, ""0"": 41, ""3"": 4}",39955,6.21,147.11,23.68,1.6717,14.16,1,1304,1305
651,2026-01-25T16:37:00.151112,23.51,"{""Fast"": 0.48903179673049985, ""Standard"": 0.2819204424515518, ""Complex"": 0.17433343913953, ""Ensemble"": 0.05471432167841831}",0.974,100,"{""1"": 25, ""0"": 51, ""2"": 18, ""3"": 6}",52656,5.93,149.13,25.13,1.4913,16.85,1,1306,1307
652,2026-01-25T16:37:12.338334,12.28,"{""Fast"": 0.5253854162902998, ""Standard"": 0.2583585411349804, ""Complex"": 0.16744506288341365, ""Ensemble"": 0.048810979691306225}",0.582,81,"{""1"": 19, ""2"": 19, ""0"": 38, ""3"": 5}",40044,6.2,151.83,24.5,1.8744,13.07,1,1308,1309
653,2026-01-25T16:37:24.141986,18.02,"{""Fast"": 0.49667034303346874, ""Standard"": 0.3204397372725248, ""Complex"": 0.138102467442804, ""Ensemble"": 0.044787452251202384}",0.57,100,"{""2"": 20, ""1"": 36, ""0"": 40, ""3"": 4}",50446,5.94,145.6,24.51,1.456,16.83,1,1310,1311
654,2026-01-25T16:37:36.356961,26.7,"{""Fast"": 0.5129778116011834, ""Standard"": 0.31259535259826027, ""Complex"": 0.12375358998804317, ""Ensemble"": 0.050673245812513326}",0.528,100,"{""3"": 12, ""1"": 24, ""2"": 14, ""0"": 50}",46017,6.23,149.77,24.04,1.4977,16.05,1,1312,1313
655,2026-01-25T16:37:48.105993,23.8,"{""Fast"": 0.48723958510295473, ""Standard"": 0.31648807170136684, ""Complex"": 0.14739280117287418, ""Ensemble"": 0.048879542022804416}",0.973,100,"{""0"": 56, ""2"": 9, ""1"": 29, ""3"": 6}",47324,5.93,143.54,24.19,1.4354,16.85,1,1314,1315
656,2026-01-25T16:38:00.333596,28.76,"{""Fast"": 0.4996920046893178, ""Standard"": 0.3158714109616522, ""Complex"": 0.1411724150771077, ""Ensemble"": 0.04326416927192239}",0.365,100,"{""0"": 60, ""1"": 24, ""2"": 12, ""3"": 4}",36302,6.24,156.43,25.08,1.5643,16.03,1,1316,1317
657,2026-01-25T16:38:12.089978,26.0,"{""Fast"": 0.47531835833984676, ""Standard"": 0.3065485379748004, ""Complex"": 0.16680207431267616, ""Ensemble"": 0.051331029372676584}",0.978,100,"{""1"": 38, ""0"": 50, ""2"": 9, ""3"": 3}",42861,5.93,146.01,24.63,1.4601,16.87,1,1318,1319
658,2026-01-25T16:38:24.312371,29.16,"{""Fast"": 0.49445663292732456, ""Standard"": 0.313650231523746, ""Complex"": 0.14393538306877676, ""Ensemble"": 0.04795775248015286}",0.507,100,"{""0"": 52, ""1"": 33, ""3"": 3, ""2"": 12}",39628,6.23,156.68,25.14,1.5668,16.05,1,1320,1321
659,2026-01-25T16:38:36.095375,13.44,"{""Fast"": 0.499386514025205, ""Standard"": 0.31244109018454613, ""Complex"": 0.14028040816765608, ""Ensemble"": 0.04789198762259292}",0.597,100,"{""0"": 50, ""1"": 30, ""2"": 15, ""3"": 5}",49169,5.94,145.52,24.52,1.4552,16.85,1,1322,1323
660,2026-01-25T16:38:48.308323,8.02,"{""Fast"": 0.5179843096281018, ""Standard"": 0.30687211703816164, ""Complex"": 0.1297797162557546, ""Ensemble"": 0.04536385707798186}",0.905,100,"{""0"": 47, ""2"": 13, ""1"": 35, ""3"": 5}",45572,6.23,151.49,24.3,1.5149,16.04,1,1324,1325
661,2026-01-25T16:39:00.346151,7.01,"{""Fast"": 0.4696407740689673, ""Standard"": 0.3311416933929614, ""Complex"": 0.14537754266714742, ""Ensemble"": 0.05383998987092383}",0.412,86,"{""0"": 39, ""1"": 32, ""2"": 10, ""3"": 5}",34083,6.2,154.14,24.84,1.7923,13.86,1,1326,1327
662,2026-01-25T16:39:12.263470,18.2,"{""Fast"": 0.4805009244548559, ""Standard"": 0.31158571861873213, ""Complex"": 0.15111984475650456, ""Ensemble"": 0.056793512169907426}",0.849,84,"{""0"": 36, ""2"": 14, ""1"": 31, ""3"": 3}",41141,6.2,147.22,23.73,1.7527,13.54,1,1328,1329
663,2026-01-25T16:39:24.373292,5.38,"{""Fast"": 0.44947320976927935, ""Standard"": 0.3209084266585339, ""Complex"": 0.17042425421131982, ""Ensemble"": 0.05919410936086698}",0.794,94,"{""0"": 40, ""2"": 22, ""3"": 6, ""1"": 26}",53465,6.22,152.72,24.54,1.6247,15.1,1,1330,1331
664,2026-01-25T16:39:36.087100,8.86,"{""Fast"": 0.4813711266157461, ""Standard"": 0.28280970236247127, ""Complex"": 0.17921123800375663, ""Ensemble"": 0.05660793301802598}",0.752,100,"{""1"": 32, ""2"": 15, ""0"": 50, ""3"": 3}",44299,5.93,144.05,24.3,1.4405,16.87,1,1332,1333
665,2026-01-25T16:39:48.316142,20.24,"{""Fast"": 0.5219032091057213, ""Standard"": 0.2907841739901774, ""Complex"": 0.13920163587471415, ""Ensemble"": 0.04811098102938709}",0.655,100,"{""1"": 31, ""0"": 51, ""2"": 15, ""3"": 3}",41812,6.23,151.67,24.34,1.5167,16.05,1,1334,1335
666,2026-01-25T16:40:00.376958,12.47,"{""Fast"": 0.5083256626929329, ""Standard"": 0.2768264786309984, ""Complex"": 0.16622729634578237, ""Ensemble"": 0.048620562330286284}",0.729,100,"{""2"": 8, ""0"": 58, ""1"": 29, ""3"": 5}",39960,6.23,156.8,25.16,1.568,16.04,1,1336,1337
667,2026-01-25T16:40:12.127653,27.68,"{""Fast"": 0.5238190337231264, ""Standard"": 0.26029509444449256, ""Complex"": 0.16782013688085387, ""Ensemble"": 0.048065734951527196}",0.667,92,"{""1"": 31, ""0"": 43, ""2"": 15, ""3"": 3}",45185,5.92,140.52,23.75,1.5274,15.55,1,1338,1339
668,2026-01-25T16:40:24.293653,10.68,"{""Fast"": 0.4844458669474622, ""Standard"": 0.2961458280766154, ""Complex"": 0.16774139017655956, ""Ensemble"": 0.05166691479936287}",0.803,100,"{""1"": 29, ""3"": 10, ""0"": 41, ""2"": 20}",57613,6.23,150.26,24.12,1.5026,16.05,1,1340,1341
669,2026-01-25T16:40:36.366891,29.46,"{""Fast"": 0.4941399370178605, ""Standard"": 0.2887014096328978, ""Complex"": 0.17219350615757822, ""Ensemble"": 0.044965147191663495}",0.317,100,"{""3"": 5, ""0"": 52, ""2"": 17, ""1"": 26}",47246,6.24,152.37,24.43,1.5237,16.04,1,1342,1343
670,2026-01-25T16:40:48.122601,9.99,"{""Fast"": 0.5081602870885585, ""Standard"": 0.3029053082744716, ""Complex"": 0.14416271433766145, ""Ensemble"": 0.04477169029930842}",0.67,99,"{""1"": 27, ""0"": 50, ""2"": 17, ""3"": 5}",47644,5.93,143.59,24.23,1.4504,16.7,1,1344,1345
671,2026-01-25T16:41:00.343504,9.53,"{""Fast"": 0.49614851428797024, ""Standard"": 0.3054577259945797, ""Complex"": 0.150560924162393, ""Ensemble"": 0.04783283555505711}",0.683,100,"{""0"": 58, ""2"": 11, ""1"": 28, ""3"": 3}",39855,6.23,153.52,24.64,1.5352,16.05,1,1346,1347
672,2026-01-25T16:41:12.101152,15.5,"{""Fast"": 0.5173146646922147, ""Standard"": 0.2917704740884678, ""Complex"": 0.14065085434635705, ""Ensemble"": 0.0502640068729604}",0.713,93,"{""1"": 22, ""0"": 52, ""2"": 13, ""3"": 6}",40424,5.92,141.94,23.99,1.5263,15.72,1,1348,1349
673,2026-01-25T16:41:24.123532,7.28,"{""Fast"": 0.5240247612165913, ""Standard"": 0.27779163143698143, ""Complex"": 0.15548791680080915, ""Ensemble"": 0.04269569054561825}",0.777,92,"{""2"": 14, ""1"": 21, ""0"": 52, ""3"": 5}",39390,5.92,141.65,23.95,1.5397,15.55,1,1350,1351
674,2026-01-25T16:41:36.301896,14.02,"{""Fast"": 0.5125696401302182, ""Standard"": 0.31178601557433666, ""Complex"": 0.1299391064921739, ""Ensemble"": 0.04570523780327105}",0.472,100,"{""1"": 33, ""3"": 2, ""0"": 51, ""2"": 14}",41119,6.23,151.55,24.32,1.5155,16.05,1,1352,1353
675,2026-01-25T16:41:48.330834,16.79,"{""Fast"": 0.4923969951721604, ""Standard"": 0.32901159630208227, ""Complex"": 0.12737350865165314, ""Ensemble"": 0.05121789987410427}",0.747,99,"{""0"": 53, ""2"": 9, ""1"": 32, ""3"": 5}",42533,6.23,148.85,23.89,1.5035,15.89,1,1354,1355
676,2026-01-25T16:42:00.076313,18.02,"{""Fast"": 0.4699679347828421, ""Standard"": 0.30013225360811324, ""Complex"": 0.17440610185397154, ""Ensemble"": 0.05549370975507307}",0.503,95,"{""2"": 12, ""1"": 41, ""0"": 36, ""3"": 6}",43966,5.92,147.04,24.84,1.5478,16.05,1,1356,1357
677,2026-01-25T16:42:12.087512,24.71,"{""Fast"": 0.5372950610887753, ""Standard"": 0.27172029395617286, ""Complex"": 0.1410133033238405, ""Ensemble"": 0.04997134163121133}",0.683,96,"{""1"": 33, ""0"": 45, ""2"": 14, ""3"": 4}",37388,5.92,142.22,24.01,1.4815,16.21,1,1358,1359
678,2026-01-25T16:42:24.118929,23.11,"{""Fast"": 0.4957283886140348, ""Standard"": 0.29802848928521986, ""Complex"": 0.15830375913776423, ""Ensemble"": 0.04793936296298105}",0.316,86,"{""1"": 37, ""2"": 11, ""0"": 34, ""3"": 4}",37324,5.91,143.81,24.35,1.6722,14.56,1,1360,1361
679,2026-01-25T16:42:36.067622,29.18,"{""Fast"": 0.47968362988327495, ""Standard"": 0.2981511445851392, ""Complex"": 0.16362280334266166, ""Ensemble"": 0.05854242218892425}",0.36,79,"{""2"": 13, ""0"": 43, ""3"": 6, ""1"": 17}",34804,5.89,140.03,23.77,1.7726,13.41,1,1362,1363
680,2026-01-25T16:42:48.324708,14.82,"{""Fast"": 0.48085266905479596, ""Standard"": 0.333628044616746, ""Complex"": 0.13739348980717683, ""Ensemble"": 0.04812579652128119}",0.844,99,"{""0"": 46, ""1"": 35, ""2"": 14, ""3"": 4}",41839,6.23,149.5,23.99,1.5101,15.89,1,1364,1365
681,2026-01-25T16:43:00.075932,9.63,"{""Fast"": 0.46066595937299426, ""Standard"": 0.3395894880287057, ""Complex"": 0.14577587288631116, ""Ensemble"": 0.05396867971198882}",0.729,100,"{""1"": 31, ""0"": 44, ""2"": 19, ""3"": 6}",53401,5.62,147.5,26.24,1.475,17.79,1,1366,1367
682,2026-01-25T16:43:12.304531,27.8,"{""Fast"": 0.4977877539447178, ""Standard"": 0.29238484187514635, ""Complex"": 0.16675262971618732, ""Ensemble"": 0.04307477446394861}",0.66,100,"{""0"": 52, ""1"": 29, ""2"": 13, ""3"": 6}",46274,6.23,156.91,25.18,1.5691,16.05,1,1368,1369
683,2026-01-25T16:43:24.374156,18.04,"{""Fast"": 0.4457121014545114, ""Standard"": 0.32967793290683894, ""Complex"": 0.16746162438592244, ""Ensemble"": 0.057148341252727296}",0.302,99,"{""1"": 39, ""0"": 44, ""2"": 12, ""3"": 4}",40957,6.23,155.26,24.92,1.5683,15.89,1,1370,1371
684,2026-01-25T16:43:36.123079,9.0,"{""Fast"": 0.4753924178492254, ""Standard"": 0.32594999914222583, ""Complex"": 0.1512139338322294, ""Ensemble"": 0.0474436491763193}",0.301,100,"{""0"": 51, ""1"": 31, ""2"": 15, ""3"": 3}",44210,5.93,143.74,24.23,1.4374,16.86,1,1372,1373
685,2026-01-25T16:43:48.339704,18.84,"{""Fast"": 0.47512050956257623, ""Standard"": 0.32718265407724706, ""Complex"": 0.15223921196847212, ""Ensemble"": 0.045457624391704636}",0.761,95,"{""1"": 33, ""0"": 47, ""2"": 11, ""3"": 4}",42183,6.22,151.98,24.42,1.5998,15.26,1,1374,1375
686,2026-01-25T16:44:00.331979,14.26,"{""Fast"": 0.4934406229429285, ""Standard"": 0.32353158244450486, ""Complex"": 0.13261460631547303, ""Ensemble"": 0.05041318829709358}",0.797,97,"{""1"": 25, ""0"": 59, ""2"": 8, ""3"": 5}",41000,6.23,154.07,24.73,1.5883,15.57,1,1376,1377
687,2026-01-25T16:44:12.077120,17.66,"{""Fast"": 0.4875336057236892, ""Standard"": 0.31301164404295045, ""Complex"": 0.14384125175694912, ""Ensemble"": 0.05561349847641129}",0.968,100,"{""0"": 48, ""2"": 11, ""1"": 36, ""3"": 5}",45347,5.93,143.04,24.12,1.4304,16.86,1,1378,1379
688,2026-01-25T16:44:24.115936,27.39,"{""Fast"": 0.4772921426965478, ""Standard"": 0.32672511358284473, ""Complex"": 0.13744046327229312, ""Ensemble"": 0.05854228044831435}",0.577,100,"{""0"": 46, ""2"": 13, ""1"": 34, ""3"": 7}",43504,5.93,146.78,24.76,1.4678,16.87,1,1380,1381
689,2026-01-25T16:44:36.344519,28.08,"{""Fast"": 0.5335150383012799, ""Standard"": 0.2901376582766709, ""Complex"": 0.13319643877527135, ""Ensemble"": 0.04315086464677784}",0.53,100,"{""1"": 29, ""0"": 53, ""2"": 15, ""3"": 3}",42276,6.23,152.63,24.48,1.5263,16.04,1,1382,1383
690,2026-01-25T16:44:48.074448,9.05,"{""Fast"": 0.5191728614653591, ""Standard"": 0.2779499176964657, ""Complex"": 0.16102402863329307, ""Ensemble"": 0.04185319220488198}",0.481,100,"{""2"": 19, ""0"": 48, ""1"": 28, ""3"": 5}",46351,5.93,145.88,24.61,1.4588,16.87,1,1384,1385
691,2026-01-25T16:45:00.292204,7.34,"{""Fast"": 0.49493790030885715, ""Standard"": 0.2922387874999057, ""Complex"": 0.16195146006639727, ""Ensemble"": 0.05087185212483983}",0.99,94,"{""3"": 7, ""0"": 36, ""2"": 18, ""1"": 33}",52654,6.23,153.85,24.71,1.6367,15.1,1,1386,1387
692,2026-01-25T16:45:12.318010,15.67,"{""Fast"": 0.5199305699179073, ""Standard"": 0.28503217467782815, ""Complex"": 0.14369805670383792, ""Ensemble"": 0.051339198700426546}",0.491,100,"{""0"": 54, ""2"": 15, ""3"": 6, ""1"": 25}",43456,6.23,152.66,24.48,1.5266,16.04,1,1388,1389
693,2026-01-25T16:45:24.079563,16.34,"{""Fast"": 0.4886646322961834, ""Standard"": 0.304694086190609, ""Complex"": 0.1584858370695183, ""Ensemble"": 0.04815544444368927}",0.676,100,"{""0"": 48, ""2"": 14, ""3"": 7, ""1"": 31}",50448,5.93,145.0,24.45,1.45,16.86,1,1390,1391
694,2026-01-25T16:45:36.123365,16.83,"{""Fast"": 0.4909761228108369, ""Standard"": 0.3181229540058815, ""Complex"": 0.14065172075741345, ""Ensemble"": 0.05024920242586826}",0.693,91,"{""0"": 51, ""2"": 12, ""1"": 26, ""3"": 2}",37992,5.91,144.16,24.38,1.5842,15.39,1,1392,1393
695,2026-01-25T16:45:48.283280,21.05,"{""Fast"": 0.45862155887850486, ""Standard"": 0.3421436123961272, ""Complex"": 0.14850401101160213, ""Ensemble"": 0.05073081771376586}",0.384,88,"{""1"": 28, ""0"": 42, ""2"": 12, ""3"": 6}",37474,6.21,150.65,24.24,1.712,14.16,1,1394,1395
696,2026-01-25T16:46:00.141543,20.94,"{""Fast"": 0.49574299590634346, ""Standard"": 0.3120216543431535, ""Complex"": 0.1507223417740684, ""Ensemble"": 0.04151300797643463}",0.88,100,"{""2"": 14, ""0"": 52, ""1"": 32, ""3"": 2}",42358,5.93,145.27,24.5,1.4527,16.87,1,1396,1397
697,2026-01-25T16:46:12.071853,17.26,"{""Fast"": 0.49164440773809537, ""Standard"": 0.3066845343049781, ""Complex"": 0.1555436136702259, ""Ensemble"": 0.046127444286700583}",0.929,93,"{""0"": 50, ""1"": 29, ""2"": 11, ""3"": 3}",34760,5.92,144.36,24.4,1.5523,15.72,1,1398,1399
698,2026-01-25T16:46:24.097769,25.0,"{""Fast"": 0.4968150532813282, ""Standard"": 0.29069867901436347, ""Complex"": 0.16287648627477053, ""Ensemble"": 0.04960978142953789}",0.381,92,"{""0"": 46, ""2"": 16, ""1"": 21, ""3"": 9}",44388,5.92,144.37,24.4,1.5692,15.55,1,1400,1401
699,2026-01-25T16:46:36.091953,20.59,"{""Fast"": 0.4752138449544435, ""Standard"": 0.31687331107970257, ""Complex"": 0.1512459248791088, ""Ensemble"": 0.05666691908674512}",0.499,100,"{""1"": 31, ""0"": 47, ""2"": 16, ""3"": 6}",42950,5.93,146.09,24.64,1.4609,16.87,1,1402,1403
700,2026-01-25T16:46:48.306154,8.35,"{""Fast"": 0.5107473829408602, ""Standard"": 0.3033223187720787, ""Complex"": 0.14314168298829985, ""Ensemble"": 0.0427886152987613}",0.47,95,"{""0"": 48, ""3"": 6, ""1"": 29, ""2"": 12}",43509,6.22,153.03,24.59,1.6108,15.26,1,1404,1405
701,2026-01-25T16:47:00.294356,13.47,"{""Fast"": 0.5011705547855028, ""Standard"": 0.29480741772799957, ""Complex"": 0.14504628687222432, ""Ensemble"": 0.058975740614273325}",0.326,99,"{""2"": 11, ""1"": 36, ""0"": 49, ""3"": 3}",39754,6.23,152.92,24.55,1.5446,15.89,1,1406,1407
702,2026-01-25T16:47:12.352073,22.45,"{""Fast"": 0.5296006076758192, ""Standard"": 0.28162381362567424, ""Complex"": 0.1376307477455116, ""Ensemble"": 0.051144830952995095}",0.447,100,"{""1"": 26, ""3"": 8, ""0"": 52, ""2"": 14}",44087,6.23,149.37,23.97,1.4937,16.04,1,1408,1409
703,2026-01-25T16:47:24.083572,21.99,"{""Fast"": 0.44592717548988803, ""Standard"": 0.35138050378733754, ""Complex"": 0.15805573863878897, ""Ensemble"": 0.0446365820839854}",0.648,100,"{""0"": 46, ""1"": 37, ""2"": 13, ""3"": 4}",48280,5.93,144.4,24.35,1.444,16.87,1,1410,1411
704,2026-01-25T16:47:36.316702,10.62,"{""Fast"": 0.5071082488104334, ""Standard"": 0.2803300631778305, ""Complex"": 0.15237472384226086, ""Ensemble"": 0.060186964169475284}",0.866,100,"{""0"": 51, ""1"": 34, ""2"": 9, ""3"": 6}",50037,6.23,150.72,24.17,1.5072,16.04,1,1412,1413
705,2026-01-25T16:47:48.356124,28.65,"{""Fast"": 0.43789076884030853, ""Standard"": 0.3413085849256178, ""Complex"": 0.16790376580609848, ""Ensemble"": 0.05289688042797525}",0.519,93,"{""0"": 38, ""1"": 40, ""3"": 4, ""2"": 11}",42231,6.22,149.7,24.07,1.6097,14.95,1,1414,1415
706,2026-01-25T16:48:00.076099,10.85,"{""Fast"": 0.48425346536882274, ""Standard"": 0.3143967326275664, ""Complex"": 0.15469892229108706, ""Ensemble"": 0.04665087971252383}",0.537,100,"{""2"": 21, ""0"": 43, ""1"": 33, ""3"": 3}",44840,5.93,151.41,25.54,1.5141,16.87,1,1416,1417
707,2026-01-25T16:48:12.137838,10.16,"{""Fast"": 0.4977816289998597, ""Standard"": 0.27926279088199096, ""Complex"": 0.16829256482744132, ""Ensemble"": 0.054663015290707946}",0.495,100,"{""1"": 34, ""0"": 45, ""3"": 4, ""2"": 17}",40929,5.93,148.35,25.02,1.4835,16.87,1,1418,1419
708,2026-01-25T16:48:24.354762,25.64,"{""Fast"": 0.5271406761508276, ""Standard"": 0.29767840108939103, ""Complex"": 0.13089404139791827, ""Ensemble"": 0.04428688136186303}",0.414,94,"{""1"": 24, ""0"": 57, ""2"": 7, ""3"": 6}",34410,6.22,152.11,24.44,1.6182,15.1,1,1420,1421
709,2026-01-25T16:48:36.361061,11.33,"{""Fast"": 0.5217578965219459, ""Standard"": 0.26902280482253876, ""Complex"": 0.15362199167759769, ""Ensemble"": 0.05559730697791764}",0.676,95,"{""1"": 27, ""0"": 42, ""2"": 20, ""3"": 6}",53538,6.22,149.16,23.98,1.5701,15.27,1,1422,1423
710,2026-01-25T16:48:48.095888,20.49,"{""Fast"": 0.5384446291227544, ""Standard"": 0.25440325396155994, ""Complex"": 0.15358465176319966, ""Ensemble"": 0.05356746515248616}",0.959,99,"{""0"": 54, ""2"": 9, ""1"": 31, ""3"": 5}",42052,5.93,145.32,24.51,1.4678,16.7,1,1424,1425
711,2026-01-25T16:49:00.320021,15.49,"{""Fast"": 0.502247530834177, ""Standard"": 0.294798145017284, ""Complex"": 0.15104364674321127, ""Ensemble"": 0.05191067740532785}",0.635,100,"{""1"": 27, ""0"": 52, ""3"": 5, ""2"": 16}",44438,6.23,156.22,25.06,1.5622,16.04,1,1426,1427
712,2026-01-25T16:49:12.374221,29.99,"{""Fast"": 0.5164117358632435, ""Standard"": 0.30781067134540074, ""Complex"": 0.1272339790043293, ""Ensemble"": 0.04854361378702644}",0.977,100,"{""3"": 7, ""0"": 53, ""1"": 25, ""2"": 15}",48647,6.23,156.06,25.04,1.5606,16.05,1,1428,1429
713,2026-01-25T16:49:24.131306,16.61,"{""Fast"": 0.49604014529588364, ""Standard"": 0.3170755791849452, ""Complex"": 0.13902855236727432, ""Ensemble"": 0.047855723151896866}",0.658,100,"{""0"": 47, ""2"": 15, ""3"": 8, ""1"": 30}",50591,5.93,146.12,24.64,1.4612,16.87,1,1430,1431
714,2026-01-25T16:49:36.328148,13.47,"{""Fast"": 0.5442382250461851, ""Standard"": 0.2764101778846465, ""Complex"": 0.13099672233732995, ""Ensemble"": 0.04835487473183831}",0.894,100,"{""0"": 62, ""2"": 15, ""1"": 23}",37930,6.23,150.02,24.07,1.5002,16.05,1,1432,1433
715,2026-01-25T16:49:48.089080,13.85,"{""Fast"": 0.5101935061466998, ""Standard"": 0.279815517997318, ""Complex"": 0.15949105630067922, ""Ensemble"": 0.050499919555303065}",0.342,100,"{""0"": 49, ""1"": 24, ""2"": 21, ""3"": 6}",46810,5.93,146.42,24.7,1.4642,16.87,1,1434,1435
716,2026-01-25T16:50:00.325259,11.83,"{""Fast"": 0.522541127733929, ""Standard"": 0.29155813787770624, ""Complex"": 0.13980387970747635, ""Ensemble"": 0.04609685468088848}",0.909,100,"{""2"": 15, ""0"": 50, ""1"": 31, ""3"": 4}",43343,6.25,161.76,25.89,1.6176,16.01,1,1436,1437
717,2026-01-25T16:50:12.082885,14.03,"{""Fast"": 0.5070430566912819, ""Standard"": 0.3016222051714958, ""Complex"": 0.15122076000089696, ""Ensemble"": 0.04011397813632533}",0.471,91,"{""1"": 25, ""0"": 48, ""2"": 15, ""3"": 3}",37536,5.91,142.33,24.08,1.5641,15.4,1,1438,1439
718,2026-01-25T16:50:24.132008,12.84,"{""Fast"": 0.5229051212059069, ""Standard"": 0.2712736711115639, ""Complex"": 0.151195602411599, ""Ensemble"": 0.05462560527093022}",0.434,99,"{""0"": 55, ""1"": 29, ""2"": 10, ""3"": 5}",35896,5.93,142.93,24.11,1.4438,16.7,1,1440,1441
719,2026-01-25T16:50:36.331595,8.01,"{""Fast"": 0.49642114384411284, ""Standard"": 0.2917710448854245, ""Complex"": 0.16092439529529537, ""Ensemble"": 0.05088341597516721}",0.39,91,"{""0"": 51, ""1"": 27, ""2"": 12, ""3"": 1}",34003,6.22,148.68,23.91,1.6339,14.64,1,1442,1443
720,2026-01-25T16:50:48.327581,24.43,"{""Fast"": 0.4659249812323974, ""Standard"": 0.3284413156141914, ""Complex"": 0.16273986396417797, ""Ensemble"": 0.042893839189233327}",0.413,100,"{""2"": 22, ""1"": 27, ""0"": 44, ""3"": 7}",47603,6.23,149.78,24.05,1.4978,16.06,1,1444,1445
721,2026-01-25T16:51:00.086238,24.55,"{""Fast"": 0.47926005152487805, ""Standard"": 0.30838907878208816, ""Complex"": 0.1633150393546361, ""Ensemble"": 0.04903583033839771}",0.639,100,"{""0"": 52, ""1"": 32, ""2"": 15, ""3"": 1}",40617,5.93,147.94,24.95,1.4794,16.86,1,1446,1447
722,2026-01-25T16:51:12.165371,20.86,"{""Fast"": 0.5420011199526413, ""Standard"": 0.253771452158885, ""Complex"": 0.1531703931745074, ""Ensemble"": 0.05105703471396628}",0.974,100,"{""0"": 56, ""1"": 23, ""3"": 6, ""2"": 15}",45598,5.93,143.11,24.12,1.4311,16.86,1,1448,1449
723,2026-01-25T16:51:24.084795,15.68,"{""Fast"": 0.5059791991601387, ""Standard"": 0.30623575105300693, ""Complex"": 0.13303223847573192, ""Ensemble"": 0.054752811311122584}",0.633,100,"{""2"": 22, ""1"": 25, ""3"": 8, ""0"": 45}",50675,5.93,144.22,24.32,1.4422,16.86,1,1450,1451
724,2026-01-25T16:51:36.283352,7.29,"{""Fast"": 0.5174880768352169, ""Standard"": 0.309687483769784, ""Complex"": 0.1281782811767808, ""Ensemble"": 0.04464615821821819}",0.361,83,"{""0"": 47, ""1"": 27, ""2"": 7, ""3"": 2}",28734,6.2,149.73,24.13,1.804,13.38,1,1452,1453
725,2026-01-25T16:51:48.106382,25.15,"{""Fast"": 0.4410421380830543, ""Standard"": 0.3328037706245292, ""Complex"": 0.16692874817976633, ""Ensemble"": 0.059225343112650174}",0.515,100,"{""2"": 20, ""1"": 29, ""0"": 48, ""3"": 3}",46864,5.93,143.33,24.16,1.4333,16.86,1,1454,1455
726,2026-01-25T16:52:00.339715,22.68,"{""Fast"": 0.5367446000614234, ""Standard"": 0.2525529542013034, ""Complex"": 0.16138424210330507, ""Ensemble"": 0.04931820363396808}",0.665,99,"{""0"": 53, ""1"": 29, ""2"": 9, ""3"": 8}",43216,6.23,157.11,25.22,1.587,15.89,1,1456,1457
727,2026-01-25T16:52:12.353749,9.47,"{""Fast"": 0.5073618604483873, ""Standard"": 0.28875826150671063, ""Complex"": 0.15009698598521298, ""Ensemble"": 0.05378289205968927}",0.713,97,"{""1"": 30, ""0"": 47, ""2"": 16, ""3"": 4}",47354,6.23,147.04,23.61,1.5159,15.58,1,1458,1459
728,2026-01-25T16:52:24.367911,16.34,"{""Fast"": 0.4905394856274602, ""Standard"": 0.3144599753462272, ""Complex"": 0.139229713631194, ""Ensemble"": 0.05577082539511864}",0.392,84,"{""0"": 46, ""1"": 26, ""2"": 11, ""3"": 1}",30243,6.2,147.03,23.7,1.7503,13.54,1,1460,1461
729,2026-01-25T16:52:36.314092,12.69,"{""Fast"": 0.5059255827996978, ""Standard"": 0.3154763564246664, ""Complex"": 0.1292698046758601, ""Ensemble"": 0.04932825609977567}",0.388,88,"{""1"": 26, ""0"": 46, ""2"": 12, ""3"": 4}",36128,6.21,148.03,23.82,1.6822,14.16,1,1462,1463
730,2026-01-25T16:52:48.309819,7.66,"{""Fast"": 0.44401870947287464, ""Standard"": 0.3348807992827898, ""Complex"": 0.16906829390697456, ""Ensemble"": 0.05203219733736112}",0.448,100,"{""1"": 31, ""2"": 22, ""0"": 43, ""3"": 4}",50138,6.23,152.68,24.5,1.5268,16.05,1,1464,1465
731,2026-01-25T16:53:00.355688,12.85,"{""Fast"": 0.5178019667309279, ""Standard"": 0.2664707012799116, ""Complex"": 0.16983215371116442, ""Ensemble"": 0.04589517827799596}",0.684,100,"{""0"": 51, ""1"": 24, ""3"": 7, ""2"": 18}",53839,6.23,159.42,25.6,1.5942,16.06,1,1466,1467
732,2026-01-25T16:53:12.113773,14.48,"{""Fast"": 0.5046081358302117, ""Standard"": 0.29683529661326225, ""Complex"": 0.14874387395597904, ""Ensemble"": 0.049812693600547076}",0.484,100,"{""1"": 29, ""2"": 14, ""0"": 53, ""3"": 4}",42523,5.93,146.9,24.77,1.469,16.86,1,1468,1469
733,2026-01-25T16:53:24.331012,22.19,"{""Fast"": 0.4632026747913074, ""Standard"": 0.32138216078066256, ""Complex"": 0.15907133755030103, ""Ensemble"": 0.05634382687772898}",0.889,92,"{""2"": 14, ""0"": 39, ""1"": 32, ""3"": 7}",43853,6.22,151.93,24.42,1.6515,14.79,1,1470,1471
734,2026-01-25T16:53:36.357139,7.27,"{""Fast"": 0.4900453346153548, ""Standard"": 0.31300789808616925, ""Complex"": 0.14933721708613812, ""Ensemble"": 0.04760955021233774}",0.695,100,"{""2"": 11, ""3"": 6, ""1"": 28, ""0"": 55}",40798,6.23,149.26,23.95,1.4926,16.04,1,1472,1473
735,2026-01-25T16:53:48.125907,16.34,"{""Fast"": 0.5049559801411764, ""Standard"": 0.2855111289878558, ""Complex"": 0.16064096247797555, ""Ensemble"": 0.048891928392992196}",0.878,88,"{""1"": 22, ""0"": 50, ""3"": 4, ""2"": 12}",33378,5.91,139.46,23.61,1.5848,14.9,1,1474,1475
736,2026-01-25T16:54:00.349669,22.46,"{""Fast"": 0.4747443275380081, ""Standard"": 0.3064722579667654, ""Complex"": 0.16596936926217673, ""Ensemble"": 0.05281404523304971}",0.679,92,"{""0"": 41, ""1"": 24, ""2"": 21, ""3"": 6}",50165,6.21,155.85,25.08,1.694,14.8,1,1476,1477
737,2026-01-25T16:54:12.347149,23.36,"{""Fast"": 0.5045562896413338, ""Standard"": 0.29609232345504105, ""Complex"": 0.1421444956347509, ""Ensemble"": 0.057206891268874155}",0.984,93,"{""0"": 53, ""1"": 26, ""2"": 7, ""3"": 7}",42499,6.22,151.63,24.39,1.6304,14.96,1,1478,1479
738,2026-01-25T16:54:24.363428,24.53,"{""Fast"": 0.46541975726261836, ""Standard"": 0.33145227293977647, ""Complex"": 0.1446273148105198, ""Ensemble"": 0.058500654987085475}",0.709,100,"{""2"": 15, ""1"": 40, ""0"": 39, ""3"": 6}",51857,6.23,151.87,24.37,1.5187,16.05,1,1480,1481
739,2026-01-25T16:54:36.083874,21.89,"{""Fast"": 0.5217989656059828, ""Standard"": 0.2617569361309985, ""Complex"": 0.1682951922734668, ""Ensemble"": 0.04814890598955182}",0.827,79,"{""1"": 14, ""0"": 47, ""2"": 17, ""3"": 1}",35613,5.9,140.84,23.88,1.7828,13.4,1,1482,1483
740,2026-01-25T16:54:48.799800,21.74,"{""Fast"": 0.46213743721980777, ""Standard"": 0.32418364339538835, ""Complex"": 0.16532205568087677, ""Ensemble"": 0.04835686370392722}",0.461,100,"{""0"": 40, ""1"": 39, ""3"": 7, ""2"": 14}",45164,6.23,148.46,23.82,1.4846,16.04,1,1484,1485
741,2026-01-25T16:55:00.367319,23.43,"{""Fast"": 0.5067672153151415, ""Standard"": 0.2773484202954113, ""Complex"": 0.16223629819464241, ""Ensemble"": 0.053648066194804875}",0.556,97,"{""1"": 30, ""2"": 13, ""3"": 6, ""0"": 48}",46244,6.23,154.94,24.88,1.5973,15.57,1,1486,1487
742,2026-01-25T16:55:12.079649,6.44,"{""Fast"": 0.4969396533422375, ""Standard"": 0.28042094390716515, ""Complex"": 0.1672462569011615, ""Ensemble"": 0.05539314584943582}",0.822,87,"{""1"": 28, ""2"": 11, ""0"": 43, ""3"": 5}",43545,5.91,139.23,23.58,1.6003,14.73,1,1488,1489
743,2026-01-25T16:55:24.346368,25.88,"{""Fast"": 0.4852497628332111, ""Standard"": 0.32229400786152995, ""Complex"": 0.14041489469892235, ""Ensemble"": 0.052041334606336545}",0.546,100,"{""1"": 31, ""3"": 7, ""0"": 43, ""2"": 19}",51106,6.23,154.54,24.8,1.5454,16.05,1,1490,1491
744,2026-01-25T16:55:36.106183,6.83,"{""Fast"": 0.5044400904300005, ""Standard"": 0.2741164388701009, ""Complex"": 0.1634593951778282, ""Ensemble"": 0.05798407552207049}",0.543,100,"{""2"": 19, ""0"": 44, ""1"": 36, ""3"": 1}",45205,5.93,143.59,24.21,1.4359,16.86,1,1492,1493
745,2026-01-25T16:55:48.299928,17.01,"{""Fast"": 0.45052545924007764, ""Standard"": 0.33896240706058534, ""Complex"": 0.16556766421489838, ""Ensemble"": 0.04494446948443858}",0.415,100,"{""1"": 32, ""0"": 49, ""2"": 14, ""3"": 5}",42868,6.23,151.59,24.33,1.5159,16.05,1,1494,1495
746,2026-01-25T16:56:00.366421,23.95,"{""Fast"": 0.5194576343866133, ""Standard"": 0.29890444171789193, ""Complex"": 0.13228695472869745, ""Ensemble"": 0.04935096916679734}",0.578,100,"{""1"": 30, ""0"": 46, ""2"": 21, ""3"": 3}",50246,6.23,154.79,24.83,1.5479,16.04,1,1496,1497
747,2026-01-25T16:56:12.108148,15.15,"{""Fast"": 0.5003783153620881, ""Standard"": 0.2994758466050437, ""Complex"": 0.1469420826289885, ""Ensemble"": 0.053203755403879796}",0.499,100,"{""2"": 18, ""0"": 54, ""1"": 27, ""3"": 1}",40587,5.93,143.4,24.18,1.434,16.86,1,1498,1499
748,2026-01-25T16:56:24.326985,29.67,"{""Fast"": 0.46576975850013186, ""Standard"": 0.3345313858708774, ""Complex"": 0.15480517581586384, ""Ensemble"": 0.04489367981312692}",0.445,96,"{""0"": 39, ""2"": 12, ""1"": 41, ""3"": 4}",43084,6.23,148.95,23.92,1.5515,15.42,1,1500,1501
749,2026-01-25T16:56:36.347497,23.31,"{""Fast"": 0.5192990656112285, ""Standard"": 0.2800755762488259, ""Complex"": 0.1561571003394017, ""Ensemble"": 0.04446825780054392}",0.694,93,"{""1"": 29, ""0"": 47, ""3"": 5, ""2"": 12}",43489,6.22,152.01,24.45,1.6345,14.96,1,1502,1503
750,2026-01-25T16:56:48.374415,7.48,"{""Fast"": 0.526576368724333, ""Standard"": 0.27640951033780886, ""Complex"": 0.15502385211199712, ""Ensemble"": 0.041990268825860905}",0.758,100,"{""0"": 57, ""1"": 28, ""2"": 12, ""3"": 3}",41284,6.23,148.64,23.86,1.4864,16.05,1,1504,1505
751,2026-01-25T16:57:00.123276,6.6,"{""Fast"": 0.4493110584986425, ""Standard"": 0.3381948986885861, ""Complex"": 0.15821985879681508, ""Ensemble"": 0.05427418401595637}",0.904,100,"{""0"": 40, ""1"": 39, ""3"": 5, ""2"": 16}",55426,5.92,148.14,25.0,1.4814,16.88,1,1506,1507
752,2026-01-25T16:57:12.335830,8.4,"{""Fast"": 0.47322522874489964, ""Standard"": 0.32608681401985185, ""Complex"": 0.15501688759240406, ""Ensemble"": 0.045671069642844495}",0.6,95,"{""3"": 2, ""1"": 34, ""0"": 48, ""2"": 11}",40816,6.22,149.33,23.99,1.5719,15.26,1,1508,1509
753,2026-01-25T16:57:24.206331,10.28,"{""Fast"": 0.4748617834920122, ""Standard"": 0.3377453343731284, ""Complex"": 0.14051136340060974, ""Ensemble"": 0.04688151873424967}",0.893,98,"{""0"": 48, ""1"": 29, ""2"": 12, ""3"": 9}",48152,5.92,145.73,24.61,1.4871,16.55,1,1510,1511
754,2026-01-25T16:57:36.097346,24.52,"{""Fast"": 0.4750051386958667, ""Standard"": 0.33233526263032065, ""Complex"": 0.13769128009501877, ""Ensemble"": 0.05496831857879384}",0.917,91,"{""1"": 21, ""0"": 38, ""3"": 8, ""2"": 24}",56275,5.91,142.98,24.19,1.5713,15.39,1,1512,1513
755,2026-01-25T16:57:48.132106,27.47,"{""Fast"": 0.51455126296446, ""Standard"": 0.2919848284415991, ""Complex"": 0.14771979323324985, ""Ensemble"": 0.04574411536069092}",0.663,99,"{""0"": 57, ""1"": 20, ""3"": 4, ""2"": 18}",46180,5.93,142.94,24.1,1.4438,16.69,1,1514,1515
756,2026-01-25T16:58:00.335027,24.37,"{""Fast"": 0.45794146696707455, ""Standard"": 0.34815556556501476, ""Complex"": 0.13687341907133904, ""Ensemble"": 0.057029548396571685}",0.801,95,"{""0"": 48, ""1"": 34, ""3"": 3, ""2"": 10}",41390,6.22,160.79,25.84,1.6926,15.27,1,1516,1517
757,2026-01-25T16:58:12.369506,20.52,"{""Fast"": 0.48214272918243867, ""Standard"": 0.28355662711340573, ""Complex"": 0.18065637552065186, ""Ensemble"": 0.05364426818350385}",0.685,100,"{""2"": 14, ""0"": 51, ""1"": 28, ""3"": 7}",43580,6.23,150.75,24.2,1.5075,16.05,1,1518,1519
758,2026-01-25T16:58:24.069940,14.16,"{""Fast"": 0.5266214980916847, ""Standard"": 0.26805413259512856, ""Complex"": 0.16256797306319315, ""Ensemble"": 0.04275639624999355}",0.58,85,"{""0"": 49, ""1"": 24, ""2"": 10, ""3"": 2}",31804,5.9,141.29,23.94,1.6622,14.4,1,1520,1521
759,2026-01-25T16:58:36.361405,21.16,"{""Fast"": 0.5247102404057821, ""Standard"": 0.26767188296087585, ""Complex"": 0.14794978727500604, ""Ensemble"": 0.059668089358336}",0.979,100,"{""0"": 53, ""1"": 32, ""3"": 8, ""2"": 7}",46119,6.23,150.21,24.11,1.5021,16.05,1,1522,1523
760,2026-01-25T16:58:48.105445,7.21,"{""Fast"": 0.5235951872097215, ""Standard"": 0.29787923996460697, ""Complex"": 0.13350786924928823, ""Ensemble"": 0.04501770357638325}",0.691,100,"{""0"": 54, ""3"": 4, ""2"": 9, ""1"": 33}",37960,5.93,146.02,24.63,1.4602,16.87,1,1524,1525
761,2026-01-25T16:59:00.339582,15.18,"{""Fast"": 0.5309260670644685, ""Standard"": 0.2768528522539782, ""Complex"": 0.14350637654271298, ""Ensemble"": 0.048714704138840416}",0.662,100,"{""0"": 56, ""1"": 26, ""2"": 14, ""3"": 4}",42753,6.23,155.19,24.91,1.5519,16.05,1,1526,1527
762,2026-01-25T16:59:12.362497,6.21,"{""Fast"": 0.44817818582069624, ""Standard"": 0.3601183276044426, ""Complex"": 0.14319359961912298, ""Ensemble"": 0.048509886955738164}",0.987,80,"{""1"": 28, ""0"": 30, ""2"": 14, ""3"": 8}",46306,6.2,148.77,24.0,1.8597,12.9,1,1528,1529
763,2026-01-25T16:59:24.304859,16.21,"{""Fast"": 0.5134713677514305, ""Standard"": 0.2724057150945605, ""Complex"": 0.16503575104918436, ""Ensemble"": 0.04908716610482451}",0.885,98,"{""2"": 12, ""0"": 51, ""3"": 7, ""1"": 28}",45407,6.23,149.03,23.92,1.5207,15.73,1,1530,1531
764,2026-01-25T16:59:36.359912,27.97,"{""Fast"": 0.4776718219182494, ""Standard"": 0.3266027951573549, ""Complex"": 0.15031737541352946, ""Ensemble"": 0.04540800751086607}",0.578,99,"{""0"": 38, ""2"": 20, ""1"": 38, ""3"": 3}",53457,6.23,149.27,23.96,1.5078,15.89,1,1532,1533
765,2026-01-25T16:59:48.111732,19.3,"{""Fast"": 0.4726572379281742, ""Standard"": 0.32254939733069105, ""Complex"": 0.14935556378674678, ""Ensemble"": 0.055437800954388015}",0.872,100,"{""1"": 39, ""0"": 46, ""2"": 13, ""3"": 2}",40147,5.93,143.52,24.21,1.4352,16.87,1,1534,1535
766,2026-01-25T17:00:00.317751,5.98,"{""Fast"": 0.4968840550286604, ""Standard"": 0.306264525431086, ""Complex"": 0.14961906285477355, ""Ensemble"": 0.047232356685480203}",0.991,90,"{""3"": 6, ""0"": 48, ""1"": 23, ""2"": 13}",45027,6.21,154.14,24.81,1.7126,14.48,1,1536,1537
767,2026-01-25T17:00:12.275067,29.27,"{""Fast"": 0.4701875369451045, ""Standard"": 0.33841859501873933, ""Complex"": 0.14522983884795046, ""Ensemble"": 0.04616402918820563}",0.606,77,"{""2"": 14, ""1"": 28, ""0"": 32, ""3"": 3}",38567,6.19,146.36,23.64,1.9008,12.44,1,1538,1539
768,2026-01-25T17:00:24.329196,10.72,"{""Fast"": 0.480281120607762, ""Standard"": 0.33738962972393427, ""Complex"": 0.12941507736007066, ""Ensemble"": 0.05291417230823312}",0.397,90,"{""0"": 36, ""1"": 30, ""3"": 4, ""2"": 20}",43954,6.21,150.9,24.28,1.6767,14.48,1,1540,1541
769,2026-01-25T17:00:36.326337,29.37,"{""Fast"": 0.5130954425017202, ""Standard"": 0.30103421168018724, ""Complex"": 0.1359374109585976, ""Ensemble"": 0.04993293485949499}",0.817,97,"{""0"": 53, ""2"": 10, ""1"": 28, ""3"": 6}",46102,6.23,153.59,24.66,1.5834,15.58,1,1542,1543
770,2026-01-25T17:00:48.348127,14.7,"{""Fast"": 0.47265194176877157, ""Standard"": 0.3042601502796393, ""Complex"": 0.16581613552697605, ""Ensemble"": 0.057271772424613065}",0.377,88,"{""1"": 32, ""2"": 16, ""0"": 38, ""3"": 2}",38160,6.21,147.86,23.81,1.6802,14.17,1,1544,1545
771,2026-01-25T17:01:00.337362,11.31,"{""Fast"": 0.49726665491130567, ""Standard"": 0.3043711774577636, ""Complex"": 0.15041336556481588, ""Ensemble"": 0.04794880206611483}",0.546,93,"{""0"": 46, ""2"": 15, ""1"": 29, ""3"": 3}",37068,6.22,150.63,24.22,1.6197,14.95,1,1546,1547
772,2026-01-25T17:01:12.360031,9.98,"{""Fast"": 0.5179963812375142, ""Standard"": 0.30347696901109594, ""Complex"": 0.12884145540686584, ""Ensemble"": 0.04968519434452394}",0.342,100,"{""0"": 53, ""3"": 6, ""1"": 31, ""2"": 10}",41753,6.23,149.93,24.06,1.4993,16.05,1,1548,1549
773,2026-01-25T17:01:24.118423,23.47,"{""Fast"": 0.49454339642049483, ""Standard"": 0.31809916329814686, ""Complex"": 0.14664507054898088, ""Ensemble"": 0.04071236973237734}",0.425,97,"{""0"": 48, ""1"": 28, ""2"": 18, ""3"": 3}",46635,5.92,141.16,23.83,1.4552,16.38,1,1550,1551
774,2026-01-25T17:01:36.298796,23.28,"{""Fast"": 0.512873433235629, ""Standard"": 0.3050124675374267, ""Complex"": 0.1305593526690012, ""Ensemble"": 0.05155474655794315}",0.948,100,"{""0"": 55, ""1"": 30, ""2"": 10, ""3"": 5}",41709,6.23,155.68,24.98,1.5568,16.04,1,1552,1553
775,2026-01-25T17:01:48.362064,14.78,"{""Fast"": 0.5120431462667258, ""Standard"": 0.2963335990761144, ""Complex"": 0.14883093431745903, ""Ensemble"": 0.04279232033970092}",0.306,100,"{""1"": 29, ""2"": 15, ""0"": 50, ""3"": 6}",42175,6.23,154.61,24.81,1.5461,16.05,1,1554,1555
776,2026-01-25T17:02:00.101274,20.18,"{""Fast"": 0.4785731280803932, ""Standard"": 0.32450294684432995, ""Complex"": 0.15096639310406532, ""Ensemble"": 0.04595753197121154}",0.34,95,"{""0"": 46, ""1"": 27, ""3"": 6, ""2"": 16}",40601,5.92,145.98,24.66,1.5366,16.05,1,1556,1557
777,2026-01-25T17:02:12.143160,25.0,"{""Fast"": 0.49778083528269024, ""Standard"": 0.3074957581663993, ""Complex"": 0.13905790165567974, ""Ensemble"": 0.05566550489523063}",0.617,100,"{""0"": 44, ""1"": 35, ""2"": 13, ""3"": 8}",45746,5.93,141.17,23.81,1.4117,16.87,1,1558,1559
778,2026-01-25T17:02:24.354443,18.74,"{""Fast"": 0.47972694929284515, ""Standard"": 0.30694220435188563, ""Complex"": 0.15000581180162062, ""Ensemble"": 0.06332503455364856}",0.676,100,"{""0"": 52, ""1"": 26, ""2"": 17, ""3"": 5}",44335,6.23,150.78,24.19,1.5078,16.04,1,1560,1561
779,2026-01-25T17:02:36.114378,21.22,"{""Fast"": 0.4682989787647489, ""Standard"": 0.33571910268346633, ""Complex"": 0.15016270156078973, ""Ensemble"": 0.04581921699099495}",0.547,100,"{""1"": 39, ""0"": 46, ""2"": 13, ""3"": 2}",41728,5.93,140.76,23.74,1.4076,16.87,1,1562,1563
780,2026-01-25T17:02:48.314234,27.88,"{""Fast"": 0.4404326566245971, ""Standard"": 0.34120825646674663, ""Complex"": 0.16262295307905278, ""Ensemble"": 0.05573613382960341}",0.982,96,"{""2"": 19, ""0"": 40, ""1"": 30, ""3"": 7}",50206,6.23,149.51,24.01,1.5574,15.42,1,1564,1565
781,2026-01-25T17:03:00.356292,8.39,"{""Fast"": 0.4672549226746528, ""Standard"": 0.32420412098363105, ""Complex"": 0.15566584107606976, ""Ensemble"": 0.05287511526564632}",0.358,100,"{""0"": 52, ""1"": 31, ""2"": 11, ""3"": 6}",41087,6.23,162.96,26.14,1.6296,16.04,1,1566,1567
782,2026-01-25T17:03:12.129977,8.84,"{""Fast"": 0.5044421722838748, ""Standard"": 0.3028103048074744, ""Complex"": 0.1397786057246536, ""Ensemble"": 0.05296891718399714}",0.33,100,"{""2"": 11, ""0"": 61, ""1"": 24, ""3"": 4}",39284,5.93,147.42,24.86,1.4742,16.87,1,1568,1569
783,2026-01-25T17:03:24.344784,23.06,"{""Fast"": 0.49163914426233213, ""Standard"": 0.29256079041552435, ""Complex"": 0.16014651239059396, ""Ensemble"": 0.055653552931549444}",0.566,100,"{""1"": 29, ""0"": 43, ""2"": 19, ""3"": 9}",54217,6.23,150.22,24.11,1.5022,16.05,1,1570,1571
784,2026-01-25T17:03:36.107154,29.12,"{""Fast"": 0.4872747410308701, ""Standard"": 0.30346641458919704, ""Complex"": 0.1631074404130562, ""Ensemble"": 0.04615140396687672}",0.664,100,"{""0"": 53, ""1"": 24, ""2"": 17, ""3"": 6}",44332,5.93,143.01,24.11,1.4301,16.86,1,1572,1573
785,2026-01-25T17:03:48.135415,27.54,"{""Fast"": 0.5145459920441071, ""Standard"": 0.2966108051680353, ""Complex"": 0.13581896550866493, ""Ensemble"": 0.0530242372791926}",0.371,95,"{""1"": 34, ""3"": 8, ""2"": 10, ""0"": 43}",38278,5.92,142.56,24.08,1.5006,16.05,1,1574,1575
786,2026-01-25T17:04:00.329986,19.21,"{""Fast"": 0.47663621695403524, ""Standard"": 0.3070070156834139, ""Complex"": 0.15566897431518442, ""Ensemble"": 0.06068779304736651}",0.946,93,"{""0"": 40, ""1"": 37, ""2"": 13, ""3"": 3}",44496,6.22,154.73,24.87,1.6638,14.95,1,1576,1577
787,2026-01-25T17:04:12.319533,11.87,"{""Fast"": 0.47259682125406005, ""Standard"": 0.3260689156578019, ""Complex"": 0.1572400370998699, ""Ensemble"": 0.04409422598826827}",0.379,94,"{""1"": 28, ""2"": 14, ""0"": 47, ""3"": 5}",43131,6.22,149.83,24.08,1.5939,15.11,1,1578,1579
788,2026-01-25T17:04:24.347388,17.85,"{""Fast"": 0.4999416582115373, ""Standard"": 0.3015148513362816, ""Complex"": 0.15200486758608622, ""Ensemble"": 0.04653862286609479}",0.739,100,"{""0"": 58, ""1"": 18, ""2"": 18, ""3"": 6}",48598,6.23,150.27,24.12,1.5027,16.05,1,1580,1581
789,2026-01-25T17:04:36.089638,16.82,"{""Fast"": 0.4453117767526206, ""Standard"": 0.3374110997074074, ""Complex"": 0.1717737019501659, ""Ensemble"": 0.045503421589806116}",0.361,100,"{""1"": 34, ""0"": 43, ""2"": 18, ""3"": 5}",49387,5.93,143.63,24.24,1.4363,16.87,1,1582,1583
790,2026-01-25T17:04:48.285248,28.61,"{""Fast"": 0.48374195469726455, ""Standard"": 0.3074085116719239, ""Complex"": 0.15905836267307585, ""Ensemble"": 0.04979117095773562}",0.727,82,"{""0"": 49, ""2"": 12, ""1"": 21}",28650,6.2,155.45,25.06,1.8957,13.22,1,1584,1585
791,2026-01-25T17:05:00.369683,27.19,"{""Fast"": 0.5487502503275007, ""Standard"": 0.2768286776919959, ""Complex"": 0.1293989696068811, ""Ensemble"": 0.045022102373622454}",0.586,87,"{""2"": 10, ""0"": 49, ""1"": 25, ""3"": 3}",32602,6.21,154.34,24.86,1.774,14.01,1,1586,1587
792,2026-01-25T17:05:12.353859,8.89,"{""Fast"": 0.49201768651678196, ""Standard"": 0.2981098191627839, ""Complex"": 0.16411480074218546, ""Ensemble"": 0.04575769357824865}",0.995,100,"{""2"": 21, ""1"": 27, ""0"": 50, ""3"": 2}",48414,6.23,150.6,24.16,1.506,16.05,1,1588,1589
793,2026-01-25T17:05:24.115971,11.96,"{""Fast"": 0.4892983600031413, ""Standard"": 0.28464952110996883, ""Complex"": 0.166557041918927, ""Ensemble"": 0.05949507696796269}",0.91,100,"{""0"": 56, ""1"": 28, ""2"": 10, ""3"": 6}",47111,5.93,144.84,24.44,1.4484,16.87,1,1590,1591
794,2026-01-25T17:05:36.331127,22.97,"{""Fast"": 0.4819594524641441, ""Standard"": 0.29265874711639606, ""Complex"": 0.17712556312027036, ""Ensemble"": 0.048256237299189375}",0.57,100,"{""1"": 35, ""0"": 45, ""3"": 4, ""2"": 16}",44041,6.23,150.26,24.11,1.5026,16.05,1,1592,1593
795,2026-01-25T17:05:48.086927,10.98,"{""Fast"": 0.5598263262141665, ""Standard"": 0.2547543135927272, ""Complex"": 0.13163930288294712, ""Ensemble"": 0.05378005731015902}",0.656,95,"{""3"": 6, ""0"": 57, ""1"": 19, ""2"": 13}",44506,5.92,143.43,24.23,1.5098,16.05,1,1594,1595
796,2026-01-25T17:06:00.101390,26.77,"{""Fast"": 0.47524109563515127, ""Standard"": 0.3141550398189178, ""Complex"": 0.16595612694546036, ""Ensemble"": 0.04464773760047057}",0.856,100,"{""2"": 18, ""0"": 50, ""1"": 26, ""3"": 6}",50616,5.93,148.55,25.07,1.4855,16.87,1,1596,1597
797,2026-01-25T17:06:12.303718,25.06,"{""Fast"": 0.48516122617373275, ""Standard"": 0.3077833629072397, ""Complex"": 0.1620848082063881, ""Ensemble"": 0.04497060271263944}",0.844,88,"{""0"": 44, ""1"": 29, ""3"": 1, ""2"": 14}",37783,6.21,148.68,23.94,1.6895,14.17,1,1598,1599
798,2026-01-25T17:06:24.144307,25.98,"{""Fast"": 0.5171431835575511, ""Standard"": 0.28472761313990896, ""Complex"": 0.14478674905517572, ""Ensemble"": 0.053342454247364376}",0.775,100,"{""0"": 51, ""2"": 17, ""1"": 26, ""3"": 6}",48256,5.93,143.74,24.24,1.4374,16.86,1,1600,1601
799,2026-01-25T17:06:36.369260,7.72,"{""Fast"": 0.47976207489566786, ""Standard"": 0.28604850334984744, ""Complex"": 0.18171725918117704, ""Ensemble"": 0.052472162573307744}",0.855,96,"{""0"": 44, ""2"": 24, ""1"": 25, ""3"": 3}",45938,6.23,147.83,23.74,1.5399,15.42,1,1602,1603
800,2026-01-25T17:06:48.104918,5.33,"{""Fast"": 0.49664347635121414, ""Standard"": 0.2971113147956017, ""Complex"": 0.15265983837793776, ""Ensemble"": 0.05358537047524635}",0.84,100,"{""0"": 45, ""1"": 32, ""3"": 5, ""2"": 18}",49789,5.93,141.92,23.94,1.4192,16.87,1,1604,1605
801,2026-01-25T17:07:00.336158,13.24,"{""Fast"": 0.5256699597666994, ""Standard"": 0.29558462264603896, ""Complex"": 0.13658981988761562, ""Ensemble"": 0.04215559769964613}",0.3,100,"{""1"": 20, ""2"": 19, ""3"": 7, ""0"": 54}",44938,6.23,154.12,24.73,1.5412,16.05,1,1606,1607
802,2026-01-25T17:07:12.080128,22.6,"{""Fast"": 0.464772367848016, ""Standard"": 0.32722835678707785, ""Complex"": 0.15209046139679333, ""Ensemble"": 0.05590881396811288}",0.547,97,"{""2"": 17, ""1"": 25, ""0"": 53, ""3"": 2}",39807,5.92,149.15,25.19,1.5376,16.38,1,1608,1609
803,2026-01-25T17:07:24.130207,13.67,"{""Fast"": 0.48403655426318576, ""Standard"": 0.31882389278450907, ""Complex"": 0.1495467817549221, ""Ensemble"": 0.04759277119738288}",0.986,93,"{""1"": 32, ""0"": 45, ""2"": 13, ""3"": 3}",37936,5.92,143.53,24.26,1.5433,15.72,1,1610,1611
804,2026-01-25T17:07:36.320307,10.48,"{""Fast"": 0.5037002730754517, ""Standard"": 0.31090443064811496, ""Complex"": 0.1439850943720286, ""Ensemble"": 0.041410201904404725}",0.588,100,"{""0"": 60, ""2"": 13, ""1"": 20, ""3"": 7}",43479,6.23,150.16,24.1,1.5016,16.05,1,1612,1613
805,2026-01-25T17:07:48.361548,20.02,"{""Fast"": 0.5246650939103334, ""Standard"": 0.28853703843183953, ""Complex"": 0.13216020924460406, ""Ensemble"": 0.05463765841322304}",0.646,98,"{""0"": 48, ""2"": 15, ""3"": 5, ""1"": 30}",48363,6.23,154.02,24.74,1.5716,15.74,1,1614,1615
806,2026-01-25T17:08:00.111611,6.7,"{""Fast"": 0.5282492787430997, ""Standard"": 0.2829658313370618, ""Complex"": 0.13770845773104382, ""Ensemble"": 0.05107643218879476}",0.474,100,"{""2"": 11, ""1"": 24, ""0"": 56, ""3"": 9}",41797,5.93,150.29,25.35,1.5029,16.87,1,1616,1617
807,2026-01-25T17:08:12.299336,22.78,"{""Fast"": 0.4986386615782128, ""Standard"": 0.2925446636672194, ""Complex"": 0.1538826772774688, ""Ensemble"": 0.054933997477099004}",0.719,100,"{""0"": 52, ""2"": 16, ""1"": 30, ""3"": 2}",42390,6.23,149.66,24.01,1.4966,16.04,1,1618,1619
808,2026-01-25T17:08:24.345206,7.6,"{""Fast"": 0.46915493230514, ""Standard"": 0.31264461342054806, ""Complex"": 0.16458396249237228, ""Ensemble"": 0.05361649178193976}",0.378,90,"{""0"": 42, ""2"": 14, ""1"": 30, ""3"": 4}",39562,6.21,150.18,24.17,1.6687,14.48,1,1620,1621
809,2026-01-25T17:08:36.321867,25.5,"{""Fast"": 0.5120784659095015, ""Standard"": 0.2858723649841492, ""Complex"": 0.1521457523034109, ""Ensemble"": 0.04990341680293845}",0.544,100,"{""1"": 25, ""2"": 18, ""3"": 6, ""0"": 51}",45174,6.23,150.57,24.16,1.5057,16.05,1,1622,1623
810,2026-01-25T17:08:48.075410,5.62,"{""Fast"": 0.46511459284090517, ""Standard"": 0.3403833093672129, ""Complex"": 0.13947552270882588, ""Ensemble"": 0.05502657508305609}",0.379,94,"{""1"": 42, ""3"": 8, ""0"": 35, ""2"": 9}",42211,5.92,143.15,24.18,1.5228,15.88,1,1624,1625
811,2026-01-25T17:09:00.112056,22.61,"{""Fast"": 0.5345278785303487, ""Standard"": 0.24931720323558354, ""Complex"": 0.16337296064564563, ""Ensemble"": 0.05278195758842221}",0.943,100,"{""0"": 58, ""1"": 19, ""2"": 16, ""3"": 7}",51806,5.93,146.12,24.64,1.4612,16.87,1,1626,1627
812,2026-01-25T17:09:12.344932,22.92,"{""Fast"": 0.4944761015125599, ""Standard"": 0.29463517060384853, ""Complex"": 0.15137061797859036, ""Ensemble"": 0.059518109905001275}",0.309,100,"{""0"": 47, ""1"": 32, ""3"": 8, ""2"": 13}",42671,6.23,149.61,24.0,1.4961,16.04,1,1628,1629
813,2026-01-25T17:09:24.087980,16.44,"{""Fast"": 0.5116735075766025, ""Standard"": 0.29082212487864123, ""Complex"": 0.1460103846190898, ""Ensemble"": 0.05149398292566662}",0.644,92,"{""1"": 33, ""2"": 11, ""0"": 45, ""3"": 3}",38866,5.91,144.79,24.49,1.5738,15.56,1,1630,1631
814,2026-01-25T17:09:36.100125,26.11,"{""Fast"": 0.44993984186870045, ""Standard"": 0.3454744282684975, ""Complex"": 0.15548279808417154, ""Ensemble"": 0.04910293177863048}",0.594,92,"{""0"": 49, ""3"": 4, ""1"": 31, ""2"": 8}",34288,5.92,147.49,24.93,1.6032,15.55,1,1632,1633
815,2026-01-25T17:09:48.127979,25.27,"{""Fast"": 0.4540567662670033, ""Standard"": 0.34517751460520746, ""Complex"": 0.142829141373683, ""Ensemble"": 0.057936577754106336}",0.643,98,"{""0"": 41, ""2"": 16, ""1"": 39, ""3"": 2}",43635,5.93,147.41,24.87,1.5042,16.54,1,1634,1635
816,2026-01-25T17:10:00.340366,25.37,"{""Fast"": 0.49812695290199516, ""Standard"": 0.3163279326938307, ""Complex"": 0.13541540678572167, ""Ensemble"": 0.05012970761845251}",0.412,100,"{""1"": 36, ""0"": 41, ""2"": 13, ""3"": 10}",47440,6.23,154.76,24.83,1.5476,16.05,1,1636,1637
817,2026-01-25T17:10:12.109509,28.76,"{""Fast"": 0.5270509748964051, ""Standard"": 0.27104100273324594, ""Complex"": 0.15822525641593477, ""Ensemble"": 0.04368276595441434}",0.338,100,"{""0"": 56, ""1"": 27, ""2"": 14, ""3"": 3}",37299,5.93,141.47,23.86,1.4147,16.87,1,1638,1639
818,2026-01-25T17:10:24.327969,10.31,"{""Fast"": 0.46996896791507664, ""Standard"": 0.3137598731875471, ""Complex"": 0.1620126286465252, ""Ensemble"": 0.05425853025085102}",0.527,99,"{""0"": 48, ""3"": 7, ""2"": 15, ""1"": 29}",47917,6.23,151.76,24.36,1.533,15.89,1,1640,1641
819,2026-01-25T17:10:36.375258,26.77,"{""Fast"": 0.48938072632606977, ""Standard"": 0.2915928271777433, ""Complex"": 0.166261212490222, ""Ensemble"": 0.05276523400596499}",0.843,96,"{""1"": 25, ""0"": 46, ""2"": 18, ""3"": 7}",51369,6.22,153.57,24.68,1.5997,15.43,1,1642,1643
820,2026-01-25T17:10:48.073765,14.42,"{""Fast"": 0.5052227356668078, ""Standard"": 0.287051732637881, ""Complex"": 0.15489490190352626, ""Ensemble"": 0.05283062979178499}",0.919,100,"{""0"": 51, ""1"": 33, ""2"": 11, ""3"": 5}",46767,5.93,148.35,25.02,1.4835,16.87,1,1644,1645
821,2026-01-25T17:11:00.300312,12.31,"{""Fast"": 0.5232869162958595, ""Standard"": 0.2908032766210977, ""Complex"": 0.140304964391546, ""Ensemble"": 0.04560484269149682}",0.72,100,"{""1"": 27, ""0"": 60, ""2"": 9, ""3"": 4}",41220,6.23,159.31,25.56,1.5931,16.04,1,1646,1647
822,2026-01-25T17:11:12.329713,14.04,"{""Fast"": 0.5007980718802948, ""Standard"": 0.29085539123627996, ""Complex"": 0.1592393340671268, ""Ensemble"": 0.049107202816298365}",0.736,100,"{""0"": 52, ""1"": 37, ""2"": 9, ""3"": 2}",38212,6.23,154.18,24.75,1.5418,16.05,1,1648,1649
823,2026-01-25T17:11:24.089510,21.96,"{""Fast"": 0.4444986106362509, ""Standard"": 0.34589442838315027, ""Complex"": 0.15980052285814683, ""Ensemble"": 0.04980643812245194}",0.934,100,"{""2"": 16, ""1"": 40, ""0"": 39, ""3"": 5}",49166,5.93,143.39,24.19,1.4339,16.87,1,1650,1651
824,2026-01-25T17:11:36.287874,12.91,"{""Fast"": 0.47410250716676944, ""Standard"": 0.326782675245663, ""Complex"": 0.14561332021962664, ""Ensemble"": 0.05350149736794097}",0.94,93,"{""0"": 45, ""1"": 30, ""2"": 12, ""3"": 6}",44179,6.22,151.1,24.3,1.6248,14.96,1,1652,1653
825,2026-01-25T17:11:48.307420,19.13,"{""Fast"": 0.507396365592936, ""Standard"": 0.297801976023014, ""Complex"": 0.13851776073074856, ""Ensemble"": 0.05628389765330132}",0.419,95,"{""3"": 8, ""1"": 21, ""0"": 56, ""2"": 10}",39978,6.22,155.11,24.92,1.6327,15.26,1,1654,1655
826,2026-01-25T17:12:00.327813,24.94,"{""Fast"": 0.4798935689311583, ""Standard"": 0.32695567975767575, ""Complex"": 0.1492975170795758, ""Ensemble"": 0.04385323423159014}",0.783,100,"{""2"": 15, ""0"": 37, ""1"": 47, ""3"": 1}",46580,6.23,154.58,24.8,1.5458,16.04,1,1656,1657
827,2026-01-25T17:12:12.358558,29.58,"{""Fast"": 0.4796431754996605, ""Standard"": 0.3109068833990065, ""Complex"": 0.16657365877993352, ""Ensemble"": 0.04287628232139955}",0.377,86,"{""0"": 41, ""1"": 29, ""2"": 9, ""3"": 7}",35269,6.21,150.02,24.18,1.7445,13.86,1,1658,1659
828,2026-01-25T17:12:24.341866,17.48,"{""Fast"": 0.5241547388415132, ""Standard"": 0.28236234133607685, ""Complex"": 0.15380720302324652, ""Ensemble"": 0.03967571679916331}",0.893,100,"{""0"": 59, ""1"": 20, ""2"": 18, ""3"": 3}",45006,6.23,152.36,24.45,1.5236,16.05,1,1660,1661
829,2026-01-25T17:12:36.098614,7.8,"{""Fast"": 0.49597224468938605, ""Standard"": 0.3055498001305711, ""Complex"": 0.15280327402267763, ""Ensemble"": 0.04567468115736522}",0.63,100,"{""0"": 43, ""2"": 24, ""1"": 31, ""3"": 2}",47623,5.93,-61094.7,-10307.27,-610.947,16.87,1,1662,1663
830,2026-01-25T17:12:48.344693,23.14,"{""Fast"": 0.4889370751949434, ""Standard"": 0.29229654182337733, ""Complex"": 0.16860530012494107, ""Ensemble"": 0.05016108285673828}",0.363,100,"{""2"": 17, ""0"": 55, ""1"": 24, ""3"": 4}",42486,6.24,151.84,24.35,1.5184,16.04,1,1664,1665
831,2026-01-25T17:13:00.083402,15.55,"{""Fast"": 0.538159971805321, ""Standard"": 0.24934075191315996, ""Complex"": 0.1616811845913195, ""Ensemble"": 0.05081809169019938}",0.617,91,"{""0"": 43, ""1"": 30, ""2"": 15, ""3"": 3}",41634,5.91,152.98,25.87,1.6811,15.39,1,1666,1667
832,2026-01-25T17:13:12.118976,25.1,"{""Fast"": 0.52971430207405, ""Standard"": 0.2627855750707069, ""Complex"": 0.1533992717207604, ""Ensemble"": 0.054100851134482715}",0.82,100,"{""0"": 47, ""3"": 2, ""1"": 38, ""2"": 13}",42201,5.93,145.99,24.62,1.4599,16.86,1,1668,1669
833,2026-01-25T17:13:24.308407,13.67,"{""Fast"": 0.5398305777220406, ""Standard"": 0.27160652450873995, ""Complex"": 0.14744185625688974, ""Ensemble"": 0.041121041512329815}",0.596,100,"{""0"": 57, ""1"": 26, ""2"": 13, ""3"": 4}",38866,6.23,150.89,24.2,1.5089,16.04,1,1670,1671
834,2026-01-25T17:13:36.354821,8.23,"{""Fast"": 0.5398812120967038, ""Standard"": 0.25351534311844565, ""Complex"": 0.16069476023148427, ""Ensemble"": 0.0459086845533663}",0.991,87,"{""0"": 60, ""3"": 2, ""1"": 17, ""2"": 8}",29302,6.21,148.99,23.99,1.7125,14.01,1,1672,1673
835,2026-01-25T17:13:48.307715,26.96,"{""Fast"": 0.502407834509155, ""Standard"": 0.30764130427098035, ""Complex"": 0.13964205808984384, ""Ensemble"": 0.05030880313002066}",0.958,97,"{""0"": 38, ""2"": 14, ""1"": 40, ""3"": 5}",42902,6.23,153.73,24.69,1.5849,15.58,1,1674,1675
836,2026-01-25T17:14:00.335038,12.64,"{""Fast"": 0.49616810976016823, ""Standard"": 0.28046994359189337, ""Complex"": 0.16397840178753628, ""Ensemble"": 0.059383544860402225}",0.576,85,"{""0"": 38, ""1"": 28, ""2"": 13, ""3"": 6}",44043,6.21,157.3,25.34,1.8506,13.69,1,1676,1677
837,2026-01-25T17:14:12.307201,20.84,"{""Fast"": 0.48680558413422764, ""Standard"": 0.328463770039896, ""Complex"": 0.14286993278283955, ""Ensemble"": 0.04186071304303689}",0.423,100,"{""2"": 17, ""0"": 59, ""3"": 2, ""1"": 22}",41832,6.23,155.03,24.87,1.5503,16.04,1,1678,1679
838,2026-01-25T17:14:24.372423,5.81,"{""Fast"": 0.5178471912737745, ""Standard"": 0.27021932633213847, ""Complex"": 0.15828237327776243, ""Ensemble"": 0.05365110911632443}",0.879,96,"{""0"": 54, ""3"": 9, ""1"": 19, ""2"": 14}",47479,6.23,151.78,24.38,1.581,15.42,1,1680,1681
839,2026-01-25T17:14:36.130994,15.3,"{""Fast"": 0.5159852918977621, ""Standard"": 0.30755388436114395, ""Complex"": 0.12336786680545336, ""Ensemble"": 0.053092956935640596}",0.96,99,"{""1"": 34, ""2"": 14, ""0"": 48, ""3"": 3}",46337,5.93,144.42,24.36,1.4588,16.7,1,1682,1683
840,2026-01-25T17:14:48.364442,12.21,"{""Fast"": 0.4780740200194116, ""Standard"": 0.3199946018396821, ""Complex"": 0.1512306055118264, ""Ensemble"": 0.050700772629079786}",0.677,100,"{""0"": 44, ""2"": 18, ""3"": 7, ""1"": 31}",52238,6.23,148.51,23.84,1.4851,16.05,1,1684,1685
841,2026-01-25T17:15:00.115283,13.47,"{""Fast"": 0.5472045513429918, ""Standard"": 0.268194362181603, ""Complex"": 0.13153939737931958, ""Ensemble"": 0.053061689096085676}",0.561,88,"{""0"": 43, ""1"": 30, ""2"": 13, ""3"": 2}",37166,5.91,146.59,24.81,1.6658,14.89,1,1686,1687
842,2026-01-25T17:15:12.117844,15.46,"{""Fast"": 0.5254488792293457, ""Standard"": 0.2967510333324356, ""Complex"": 0.12560797271936255, ""Ensemble"": 0.0521921147188561}",0.441,93,"{""1"": 31, ""0"": 51, ""2"": 6, ""3"": 5}",32604,5.92,144.67,24.45,1.5556,15.72,1,1688,1689
843,2026-01-25T17:15:24.295826,13.7,"{""Fast"": 0.45745115080216114, ""Standard"": 0.3287411450639998, ""Complex"": 0.1600631635586842, ""Ensemble"": 0.053744540575154806}",0.409,95,"{""1"": 31, ""0"": 47, ""3"": 8, ""2"": 9}",40874,6.23,149.52,24.01,1.5739,15.26,1,1690,1691
844,2026-01-25T17:15:36.341484,18.72,"{""Fast"": 0.46829802651529945, ""Standard"": 0.33554429646357536, ""Complex"": 0.15031230748311258, ""Ensemble"": 0.04584536953801256}",0.452,100,"{""1"": 32, ""0"": 46, ""3"": 3, ""2"": 19}",45447,6.23,149.39,23.98,1.4939,16.05,1,1692,1693
845,2026-01-25T17:15:48.112329,7.43,"{""Fast"": 0.49881136179324326, ""Standard"": 0.27756307612550396, ""Complex"": 0.1754304419966552, ""Ensemble"": 0.0481951200845976}",0.963,100,"{""0"": 55, ""1"": 23, ""2"": 16, ""3"": 6}",46998,5.93,139.9,23.6,1.399,16.87,1,1694,1695
846,2026-01-25T17:16:00.352091,21.16,"{""Fast"": 0.5500828200344212, ""Standard"": 0.27351160216954684, ""Complex"": 0.12892581459241864, ""Ensemble"": 0.047479763203613266}",0.705,100,"{""3"": 7, ""2"": 6, ""1"": 32, ""0"": 55}",45103,6.23,154.83,24.84,1.5483,16.04,1,1696,1697
847,2026-01-25T17:16:12.120575,16.53,"{""Fast"": 0.4908064796110933, ""Standard"": 0.29194245482416764, ""Complex"": 0.16630631392084905, ""Ensemble"": 0.050944751643889945}",0.602,100,"{""0"": 54, ""1"": 24, ""2"": 19, ""3"": 3}",41105,5.93,142.0,23.95,1.42,16.86,1,1698,1699
848,2026-01-25T17:16:24.365739,11.61,"{""Fast"": 0.5067280039890603, ""Standard"": 0.2971699484523642, ""Complex"": 0.15160493805432976, ""Ensemble"": 0.04449710950424586}",0.314,100,"{""1"": 31, ""2"": 18, ""0"": 48, ""3"": 3}",41164,6.23,149.09,23.92,1.4909,16.04,1,1700,1701
849,2026-01-25T17:16:36.265508,20.71,"{""Fast"": 0.47510205724685844, ""Standard"": 0.29780565553444743, ""Complex"": 0.16933714201940275, ""Ensemble"": 0.057755145199291376}",0.905,78,"{""2"": 17, ""0"": 39, ""1"": 18, ""3"": 4}",35966,6.2,149.86,24.18,1.9213,12.59,1,1702,1703
850,2026-01-25T17:16:48.364287,7.13,"{""Fast"": 0.4757659001487574, ""Standard"": 0.3100680441214603, ""Complex"": 0.15484017929789945, ""Ensemble"": 0.05932587643188293}",0.715,100,"{""2"": 19, ""1"": 24, ""0"": 53, ""3"": 4}",48946,6.23,155.55,24.97,1.5555,16.05,1,1704,1705
851,2026-01-25T17:17:00.135334,25.87,"{""Fast"": 0.5335769503258909, ""Standard"": 0.27876102848843, ""Complex"": 0.136648717039846, ""Ensemble"": 0.0510133041458331}",0.442,100,"{""0"": 51, ""1"": 27, ""2"": 18, ""3"": 4}",40265,5.93,145.0,24.46,1.45,16.87,1,1706,1707
852,2026-01-25T17:17:12.372378,7.39,"{""Fast"": 0.5218002384665107, ""Standard"": 0.28652410395407146, ""Complex"": 0.13706817679120928, ""Ensemble"": 0.05460748078820849}",0.412,100,"{""2"": 5, ""0"": 53, ""3"": 5, ""1"": 37}",39348,6.23,149.54,23.99,1.4954,16.04,1,1708,1709
853,2026-01-25T17:17:24.147186,28.36,"{""Fast"": 0.5126079908727347, ""Standard"": 0.2892964762272275, ""Complex"": 0.14453174657774862, ""Ensemble"": 0.053563786322289225}",0.761,100,"{""0"": 52, ""1"": 31, ""2"": 11, ""3"": 6}",42769,5.93,142.33,24.02,1.4233,16.87,1,1710,1711
854,2026-01-25T17:17:36.374413,12.17,"{""Fast"": 0.5326109974983677, ""Standard"": 0.26741833388829495, ""Complex"": 0.15094259590245113, ""Ensemble"": 0.049028072710886196}",0.787,95,"{""2"": 8, ""0"": 55, ""1"": 26, ""3"": 6}",46048,6.22,151.68,24.37,1.5966,15.26,1,1712,1713
855,2026-01-25T17:17:48.120566,28.79,"{""Fast"": 0.5204441645697712, ""Standard"": 0.2815243287974097, ""Complex"": 0.1553396665774579, ""Ensemble"": 0.042691840055361335}",0.536,100,"{""0"": 46, ""1"": 32, ""2"": 16, ""3"": 6}",44885,5.93,143.41,24.19,1.4341,16.87,1,1714,1715
856,2026-01-25T17:18:00.372957,21.69,"{""Fast"": 0.48478736907445036, ""Standard"": 0.31686543064171724, ""Complex"": 0.15152006838088258, ""Ensemble"": 0.04682713190294989}",0.342,100,"{""1"": 34, ""0"": 44, ""2"": 18, ""3"": 4}",45208,6.23,156.9,25.19,1.569,16.05,1,1716,1717
857,2026-01-25T17:18:12.150284,23.09,"{""Fast"": 0.5281532078845258, ""Standard"": 0.2596383712026407, ""Complex"": 0.15606700440444934, ""Ensemble"": 0.05614141650838423}",0.488,100,"{""1"": 26, ""2"": 21, ""0"": 49, ""3"": 4}",41905,5.93,145.44,24.52,1.4544,16.86,1,1718,1719
858,2026-01-25T17:18:24.356235,25.66,"{""Fast"": 0.4788833510908973, ""Standard"": 0.31610843976459124, ""Complex"": 0.1546418736931918, ""Ensemble"": 0.0503663354513197}",0.643,94,"{""0"": 38, ""1"": 35, ""2"": 16, ""3"": 5}",46307,6.22,148.49,23.88,1.5797,15.11,1,1720,1721
859,2026-01-25T17:18:36.094098,16.36,"{""Fast"": 0.4805099976753633, ""Standard"": 0.30997935961252704, ""Complex"": 0.1582721532081444, ""Ensemble"": 0.05123848950396535}",0.981,100,"{""1"": 30, ""0"": 48, ""2"": 19, ""3"": 3}",46811,5.93,141.3,23.83,1.413,16.86,1,1722,1723
860,2026-01-25T17:18:48.330988,29.68,"{""Fast"": 0.452967718419024, ""Standard"": 0.3168497920162098, ""Complex"": 0.18205946307627324, ""Ensemble"": 0.04812302648849301}",0.641,100,"{""0"": 56, ""1"": 27, ""3"": 5, ""2"": 12}",41216,6.23,152.5,24.48,1.525,16.05,1,1724,1725
861,2026-01-25T17:19:00.097580,22.26,"{""Fast"": 0.5244814784328935, ""Standard"": 0.29506984990046925, ""Complex"": 0.13364316800429415, ""Ensemble"": 0.046805503662343054}",0.617,98,"{""0"": 54, ""1"": 33, ""2"": 10, ""3"": 1}",36601,5.92,149.35,25.23,1.5239,16.55,1,1726,1727
862,2026-01-25T17:19:12.323292,18.6,"{""Fast"": 0.51642934235717, ""Standard"": 0.2831244511685565, ""Complex"": 0.1529219038785838, ""Ensemble"": 0.04752430259568977}",0.322,93,"{""2"": 22, ""1"": 23, ""0"": 42, ""3"": 6}",46525,6.22,155.25,24.96,1.6694,14.95,1,1728,1729
863,2026-01-25T17:19:24.354119,6.42,"{""Fast"": 0.45485651595747456, ""Standard"": 0.3412047665960228, ""Complex"": 0.1455284045767275, ""Ensemble"": 0.05841031286977523}",0.364,99,"{""0"": 47, ""2"": 11, ""1"": 28, ""3"": 13}",47916,6.23,147.97,23.75,1.4946,15.89,1,1730,1731
864,2026-01-25T17:19:36.093604,15.92,"{""Fast"": 0.46695547831139333, ""Standard"": 0.32386822393637915, ""Complex"": 0.15463604466678693, ""Ensemble"": 0.05454025308544056}",0.863,83,"{""1"": 31, ""2"": 4, ""0"": 38, ""3"": 10}",37684,5.9,139.06,23.57,1.6755,14.07,1,1732,1733
865,2026-01-25T17:19:48.101159,12.91,"{""Fast"": 0.48637588281331345, ""Standard"": 0.30557918493143255, ""Complex"": 0.14924572178011603, ""Ensemble"": 0.058799210475138045}",0.763,100,"{""0"": 56, ""2"": 13, ""1"": 28, ""3"": 3}",44978,5.92,144.03,24.31,1.4403,16.88,1,1734,1735
866,2026-01-25T17:20:00.341381,12.39,"{""Fast"": 0.4712804974550839, ""Standard"": 0.3094252816771706, ""Complex"": 0.17409642529487737, ""Ensemble"": 0.04519779557286805}",0.52,100,"{""2"": 24, ""0"": 49, ""1"": 23, ""3"": 4}",47828,6.23,156.08,25.04,1.5608,16.04,1,1736,1737
867,2026-01-25T17:20:12.119607,5.52,"{""Fast"": 0.5073952027662089, ""Standard"": 0.29610839220693885, ""Complex"": 0.1535310772756411, ""Ensemble"": 0.04296532775121098}",0.354,100,"{""1"": 21, ""2"": 16, ""0"": 56, ""3"": 7}",41651,5.93,143.71,24.25,1.4371,16.87,1,1738,1739
868,2026-01-25T17:20:24.355923,13.39,"{""Fast"": 0.49782283248733217, ""Standard"": 0.2771160349843085, ""Complex"": 0.17651055419710324, ""Ensemble"": 0.04855057833125605}",0.647,100,"{""0"": 48, ""1"": 30, ""2"": 18, ""3"": 4}",48078,6.23,148.8,23.88,1.488,16.05,1,1740,1741
869,2026-01-25T17:20:36.292358,17.92,"{""Fast"": 0.5202157329365441, ""Standard"": 0.27309499310507007, ""Complex"": 0.15452058959583423, ""Ensemble"": 0.052168684362551544}",0.828,100,"{""0"": 50, ""2"": 21, ""1"": 25, ""3"": 4}",50102,5.92,142.2,24.01,1.422,16.88,1,1742,1743
870,2026-01-25T17:20:48.373746,5.29,"{""Fast"": 0.4950343760204776, ""Standard"": 0.2955678789957026, ""Complex"": 0.15712747120278583, ""Ensemble"": 0.05227027378103392}",0.361,100,"{""0"": 54, ""1"": 31, ""3"": 3, ""2"": 12}",39171,6.23,149.14,23.93,1.4914,16.05,1,1744,1745
871,2026-01-25T17:21:00.301221,21.46,"{""Fast"": 0.47793257769226, ""Standard"": 0.31189972719004716, ""Complex"": 0.1505291638847307, ""Ensemble"": 0.05963853123296224}",0.886,100,"{""0"": 47, ""1"": 31, ""2"": 17, ""3"": 5}",45583,6.23,155.53,24.96,1.5553,16.05,1,1746,1747
872,2026-01-25T17:21:12.096101,22.36,"{""Fast"": 0.490918683998698, ""Standard"": 0.2822855239368553, ""Complex"": 0.17930931052702712, ""Ensemble"": 0.04748648153741958}",0.553,100,"{""0"": 42, ""3"": 4, ""1"": 38, ""2"": 16}",43353,5.93,143.77,24.24,1.4377,16.86,1,1748,1749
873,2026-01-25T17:21:24.341423,20.24,"{""Fast"": 0.5161001619140535, ""Standard"": 0.2976801474806484, ""Complex"": 0.14139820195962, ""Ensemble"": 0.04482148864567809}",0.837,100,"{""0"": 56, ""2"": 16, ""1"": 24, ""3"": 4}",44160,6.23,149.61,24.0,1.4961,16.04,1,1750,1751
874,2026-01-25T17:21:36.118399,18.65,"{""Fast"": 0.5295404402096474, ""Standard"": 0.2846986219564376, ""Complex"": 0.14061548271809718, ""Ensemble"": 0.04514545511581799}",0.613,91,"{""0"": 40, ""2"": 16, ""1"": 29, ""3"": 6}",44917,5.92,139.32,23.55,1.531,15.38,1,1752,1753
875,2026-01-25T17:21:48.307375,17.73,"{""Fast"": 0.4898521043105863, ""Standard"": 0.3170738687148088, ""Complex"": 0.1485875646552268, ""Ensemble"": 0.04448646231937816}",0.436,100,"{""0"": 57, ""2"": 11, ""1"": 30, ""3"": 2}",37106,6.23,146.79,23.55,1.4679,16.05,1,1754,1755
876,2026-01-25T17:22:00.096511,21.69,"{""Fast"": 0.4904375890400966, ""Standard"": 0.3203189924296435, ""Complex"": 0.13314273785495745, ""Ensemble"": 0.05610068067530246}",0.47,97,"{""0"": 53, ""2"": 12, ""1"": 25, ""3"": 7}",40914,5.92,145.89,24.62,1.5041,16.37,1,1756,1757
877,2026-01-25T17:22:12.297991,26.21,"{""Fast"": 0.44340780265215424, ""Standard"": 0.3436774332154302, ""Complex"": 0.16546459987275505, ""Ensemble"": 0.04745016425966054}",0.302,95,"{""0"": 50, ""1"": 30, ""2"": 14, ""3"": 1}",37273,6.22,146.71,23.59,1.5443,15.27,1,1758,1759
878,2026-01-25T17:22:24.353311,7.31,"{""Fast"": 0.497337966850389, ""Standard"": 0.2841976066650108, ""Complex"": 0.16583958251363437, ""Ensemble"": 0.052624843970965694}",0.34,99,"{""0"": 53, ""2"": 15, ""1"": 26, ""3"": 5}",40903,6.23,150.06,24.09,1.5157,15.89,1,1760,1761
879,2026-01-25T17:22:36.124612,22.52,"{""Fast"": 0.49801554152749034, ""Standard"": 0.3068584957218072, ""Complex"": 0.14050138932306197, ""Ensemble"": 0.05462457342764052}",0.934,92,"{""1"": 24, ""0"": 52, ""2"": 11, ""3"": 5}",38809,5.92,140.89,23.82,1.5314,15.55,1,1762,1763
880,2026-01-25T17:22:48.311696,6.7,"{""Fast"": 0.4991822144940582, ""Standard"": 0.32766019858756906, ""Complex"": 0.12951441267163094, ""Ensemble"": 0.04364317424674182}",0.811,95,"{""2"": 18, ""1"": 29, ""0"": 44, ""3"": 4}",48325,6.23,151.47,24.33,1.5944,15.26,1,1764,1765
881,2026-01-25T17:23:00.332557,23.32,"{""Fast"": 0.5147035564544835, ""Standard"": 0.2988799668730338, ""Complex"": 0.14585242007281166, ""Ensemble"": 0.04056405659967102}",0.726,89,"{""0"": 38, ""2"": 16, ""1"": 31, ""3"": 4}",43232,6.22,160.21,25.77,1.8001,14.32,1,1766,1767
882,2026-01-25T17:23:12.340426,17.18,"{""Fast"": 0.5266391445012752, ""Standard"": 0.2719458137163425, ""Complex"": 0.14683751885290092, ""Ensemble"": 0.05457752292948122}",0.48,100,"{""2"": 24, ""1"": 27, ""0"": 45, ""3"": 4}",45311,6.23,155.18,24.89,1.5518,16.04,1,1768,1769
883,2026-01-25T17:23:24.101592,15.31,"{""Fast"": 0.46594647858167, ""Standard"": 0.3172372033561398, ""Complex"": 0.16003978828509483, ""Ensemble"": 0.05677652977709542}",0.417,95,"{""0"": 45, ""2"": 15, ""1"": 28, ""3"": 7}",44767,5.92,142.59,24.09,1.501,16.05,1,1770,1771
884,2026-01-25T17:23:36.309861,11.53,"{""Fast"": 0.45535812179779944, ""Standard"": 0.3369660283507416, ""Complex"": 0.16222957797269427, ""Ensemble"": 0.04544627187876467}",0.688,100,"{""1"": 30, ""2"": 10, ""0"": 50, ""3"": 10}",45943,6.23,152.19,24.43,1.5219,16.05,1,1772,1773
885,2026-01-25T17:23:48.090375,24.63,"{""Fast"": 0.5057794458581368, ""Standard"": 0.3023473571447278, ""Complex"": 0.15081152798403152, ""Ensemble"": 0.04106166901310384}",0.563,96,"{""0"": 47, ""1"": 26, ""2"": 17, ""3"": 6}",44585,5.92,144.6,24.42,1.5063,16.21,1,1774,1775
886,2026-01-25T17:24:00.300957,26.13,"{""Fast"": 0.48796627131368403, ""Standard"": 0.3257800956063856, ""Complex"": 0.13613618335292726, ""Ensemble"": 0.05011744972700307}",0.604,100,"{""1"": 28, ""0"": 56, ""3"": 3, ""2"": 13}",38363,6.23,155.83,25.0,1.5583,16.05,1,1776,1777
887,2026-01-25T17:24:12.373989,14.59,"{""Fast"": 0.4777442525088293, ""Standard"": 0.32594372809159855, ""Complex"": 0.1517070549259289, ""Ensemble"": 0.04460496447364324}",0.409,96,"{""1"": 34, ""3"": 4, ""0"": 47, ""2"": 11}",39861,6.22,148.41,23.84,1.5459,15.42,1,1778,1779
888,2026-01-25T17:24:24.142046,13.83,"{""Fast"": 0.5364057094370969, ""Standard"": 0.2527875768875164, ""Complex"": 0.16373677717807814, ""Ensemble"": 0.047069936497308666}",0.98,95,"{""2"": 13, ""0"": 49, ""1"": 24, ""3"": 9}",46134,5.92,142.52,24.07,1.5002,16.04,1,1780,1781
889,2026-01-25T17:24:36.351335,28.35,"{""Fast"": 0.5351854891887241, ""Standard"": 0.2736279047667712, ""Complex"": 0.14203222009823016, ""Ensemble"": 0.04915438594627455}",0.651,100,"{""2"": 15, ""0"": 64, ""1"": 18, ""3"": 3}",40830,6.23,151.06,24.24,1.5106,16.05,1,1782,1783
890,2026-01-25T17:24:48.141573,14.35,"{""Fast"": 0.4790773359567346, ""Standard"": 0.30004570353702054, ""Complex"": 0.16310582968588747, ""Ensemble"": 0.057771130820357494}",0.442,100,"{""2"": 16, ""0"": 52, ""1"": 25, ""3"": 7}",42188,5.93,148.21,25.0,1.4821,16.87,1,1784,1785
891,2026-01-25T17:25:00.076785,10.46,"{""Fast"": 0.4531329424738511, ""Standard"": 0.3166958500080899, ""Complex"": 0.17207753149877983, ""Ensemble"": 0.05809367601927918}",0.334,100,"{""1"": 33, ""2"": 16, ""0"": 44, ""3"": 7}",45503,5.92,146.44,24.72,1.4644,16.88,1,1786,1787
892,2026-01-25T17:25:12.309587,19.72,"{""Fast"": 0.47054434882088003, ""Standard"": 0.30250888133312326, ""Complex"": 0.1686270289133898, ""Ensemble"": 0.0583197409326069}",0.758,94,"{""1"": 31, ""3"": 4, ""0"": 48, ""2"": 11}",39947,6.22,146.9,23.61,1.5628,15.11,1,1788,1789
893,2026-01-25T17:25:24.342129,6.23,"{""Fast"": 0.4525432742207434, ""Standard"": 0.3287298829166249, ""Complex"": 0.164288079428185, ""Ensemble"": 0.054438763434446626}",0.787,94,"{""1"": 35, ""2"": 20, ""0"": 36, ""3"": 3}",47651,6.23,147.61,23.71,1.5703,15.1,1,1790,1791
894,2026-01-25T17:25:36.091312,7.62,"{""Fast"": 0.466640145016006, ""Standard"": 0.32403439974313475, ""Complex"": 0.1662359796776636, ""Ensemble"": 0.04308947556319575}",0.906,96,"{""0"": 49, ""1"": 31, ""2"": 15, ""3"": 1}",39055,5.93,140.69,23.73,1.4655,16.2,1,1792,1793
895,2026-01-25T17:25:48.332991,27.35,"{""Fast"": 0.48722102734501793, ""Standard"": 0.3203773989301632, ""Complex"": 0.145549048783549, ""Ensemble"": 0.04685252494127001}",0.733,100,"{""1"": 38, ""2"": 20, ""0"": 36, ""3"": 6}",53102,6.24,147.62,23.67,1.4762,16.04,1,1794,1795
896,2026-01-25T17:26:00.106335,22.53,"{""Fast"": 0.5013137701129226, ""Standard"": 0.28300622508403883, ""Complex"": 0.16866122521994695, ""Ensemble"": 0.04701877958309175}",0.359,100,"{""0"": 42, ""2"": 17, ""1"": 35, ""3"": 6}",43439,5.93,148.84,25.1,1.4884,16.86,1,1796,1797
897,2026-01-25T17:26:12.320215,14.34,"{""Fast"": 0.4410678068067547, ""Standard"": 0.3295417988189136, ""Complex"": 0.17550778154990898, ""Ensemble"": 0.053882612824422804}",0.877,96,"{""0"": 42, ""2"": 19, ""1"": 32, ""3"": 3}",44677,6.22,148.34,23.83,1.5452,15.43,1,1798,1799
898,2026-01-25T17:26:24.369041,21.55,"{""Fast"": 0.5205300406606986, ""Standard"": 0.28813772171006136, ""Complex"": 0.14575682262154832, ""Ensemble"": 0.045575415007691834}",0.863,99,"{""0"": 56, ""1"": 26, ""3"": 6, ""2"": 11}",47310,6.23,149.0,23.91,1.5051,15.89,1,1800,1801
899,2026-01-25T17:26:36.150757,11.16,"{""Fast"": 0.4939058028771164, ""Standard"": 0.30770452388531383, ""Complex"": 0.14995587438333371, ""Ensemble"": 0.048433798854236}",0.626,100,"{""1"": 30, ""0"": 50, ""3"": 4, ""2"": 16}",48697,5.93,144.01,24.29,1.4401,16.87,1,1802,1803
900,2026-01-25T17:26:48.080873,8.71,"{""Fast"": 0.5048077574284996, ""Standard"": 0.27110470698139927, ""Complex"": 0.16709817059956145, ""Ensemble"": 0.056989364990539575}",0.588,100,"{""1"": 34, ""0"": 44, ""3"": 4, ""2"": 18}",49675,5.93,140.79,23.75,1.4079,16.87,1,1804,1805
901,2026-01-25T17:27:00.326295,17.38,"{""Fast"": 0.5348804600473119, ""Standard"": 0.28672781950302756, ""Complex"": 0.12409384398493238, ""Ensemble"": 0.054297876464728084}",0.634,100,"{""0"": 46, ""2"": 13, ""1"": 37, ""3"": 4}",47899,5.92,148.11,25.0,1.4811,16.88,1,1806,1807
902,2026-01-25T17:27:12.094694,12.79,"{""Fast"": 0.47660803617230124, ""Standard"": 0.3252603828779731, ""Complex"": 0.14944061552195584, ""Ensemble"": 0.04869096542776989}",0.482,100,"{""2"": 16, ""1"": 27, ""0"": 53, ""3"": 4}",40036,5.93,146.49,24.71,1.4649,16.86,1,1808,1809
903,2026-01-25T17:27:24.343985,18.23,"{""Fast"": 0.5269400417640225, ""Standard"": 0.2873223567978024, ""Complex"": 0.13865232771908106, ""Ensemble"": 0.04708527371909402}",0.533,99,"{""0"": 53, ""2"": 13, ""1"": 28, ""3"": 5}",40915,6.23,148.38,23.81,1.4988,15.88,1,1810,1811
904,2026-01-25T17:27:36.107419,6.53,"{""Fast"": 0.46583326090471205, ""Standard"": 0.31555735879553004, ""Complex"": 0.1727875086660254, ""Ensemble"": 0.045821871633732456}",0.487,83,"{""0"": 41, ""1"": 22, ""3"": 2, ""2"": 18}",37929,5.9,142.29,24.11,1.7144,14.06,1,1812,1813
905,2026-01-25T17:27:48.093605,8.61,"{""Fast"": 0.4659529249503564, ""Standard"": 0.3420825878866401, ""Complex"": 0.14208351225025698, ""Ensemble"": 0.04988097491274652}",0.7,100,"{""0"": 51, ""2"": 10, ""1"": 35, ""3"": 4}",39989,5.93,143.13,24.12,1.4313,16.85,1,1814,1815
906,2026-01-25T17:28:00.333390,7.46,"{""Fast"": 0.49886183074572127, ""Standard"": 0.3058356702266755, ""Complex"": 0.1469398431612906, ""Ensemble"": 0.04836265586631255}",0.6,97,"{""2"": 16, ""0"": 38, ""1"": 42, ""3"": 1}",44205,6.23,155.54,24.98,1.6035,15.58,1,1816,1817
907,2026-01-25T17:28:12.097903,7.67,"{""Fast"": 0.5201809396745657, ""Standard"": 0.29689722733308227, ""Complex"": 0.13395000569155333, ""Ensemble"": 0.048971827300798555}",0.95,98,"{""0"": 52, ""1"": 27, ""2"": 13, ""3"": 6}",46825,5.93,142.49,24.03,1.454,16.53,1,1818,1819
908,2026-01-25T17:28:24.337414,7.03,"{""Fast"": 0.5563757444563088, ""Standard"": 0.2596585231892352, ""Complex"": 0.13336732346434227, ""Ensemble"": 0.0505984088901135}",0.632,100,"{""2"": 17, ""0"": 51, ""1"": 24, ""3"": 8}",46730,6.23,151.2,24.26,1.512,16.05,1,1820,1821
909,2026-01-25T17:28:36.087968,28.87,"{""Fast"": 0.5268061451543435, ""Standard"": 0.262939732861098, ""Complex"": 0.16788253970194833, ""Ensemble"": 0.042371582282610114}",0.734,87,"{""0"": 44, ""1"": 23, ""2"": 18, ""3"": 2}",43588,5.91,144.48,24.46,1.6607,14.73,1,1822,1823
910,2026-01-25T17:28:48.115408,15.58,"{""Fast"": 0.5185653810130734, ""Standard"": 0.28198650207792453, ""Complex"": 0.14846235793735071, ""Ensemble"": 0.05098575897165127}",0.58,100,"{""0"": 59, ""2"": 15, ""1"": 21, ""3"": 5}",42833,5.93,141.93,23.91,1.4193,16.85,1,1824,1825
911,2026-01-25T17:29:00.075266,13.22,"{""Fast"": 0.48740441784209565, ""Standard"": 0.2909414203651828, ""Complex"": 0.17564470661523612, ""Ensemble"": 0.04600945517748554}",0.342,100,"{""2"": 14, ""1"": 35, ""3"": 4, ""0"": 47}",40006,5.93,149.67,25.22,1.4967,16.85,1,1826,1827
912,2026-01-25T17:29:12.312206,8.12,"{""Fast"": 0.5328520436911741, ""Standard"": 0.27925514113255245, ""Complex"": 0.13805989233060212, ""Ensemble"": 0.04983292284567132}",0.597,100,"{""1"": 31, ""0"": 55, ""2"": 11, ""3"": 3}",44908,6.23,149.07,23.91,1.4907,16.04,1,1828,1829
913,2026-01-25T17:29:24.085330,20.64,"{""Fast"": 0.4762821113804195, ""Standard"": 0.3251045303089825, ""Complex"": 0.14664367440117979, ""Ensemble"": 0.051969683909418266}",0.952,94,"{""2"": 17, ""0"": 48, ""1"": 27, ""3"": 2}",47960,5.93,140.42,23.7,1.4938,15.86,1,1830,1831
914,2026-01-25T17:29:36.143113,20.69,"{""Fast"": 0.5249514242248905, ""Standard"": 0.2788496705138555, ""Complex"": 0.13753157386497145, ""Ensemble"": 0.0586673313962826}",0.958,100,"{""1"": 30, ""2"": 11, ""0"": 53, ""3"": 6}",44384,5.93,144.97,24.45,1.4497,16.86,1,1832,1833
915,2026-01-25T17:29:48.078224,5.82,"{""Fast"": 0.5353132580891987, ""Standard"": 0.24798957034376243, ""Complex"": 0.16499947839935286, ""Ensemble"": 0.051697693167686055}",0.631,93,"{""2"": 13, ""0"": 44, ""3"": 7, ""1"": 29}",41837,5.92,146.68,24.79,1.5772,15.72,1,1834,1835
916,2026-01-25T17:30:00.128274,23.2,"{""Fast"": 0.48715796144852724, ""Standard"": 0.3087486628421458, ""Complex"": 0.15145965975288492, ""Ensemble"": 0.052633715956442124}",0.824,100,"{""2"": 18, ""0"": 49, ""1"": 30, ""3"": 3}",48682,5.93,148.89,25.13,1.4889,16.88,1,1836,1837
917,2026-01-25T17:30:12.076659,26.25,"{""Fast"": 0.4858604505593012, ""Standard"": 0.32632672477399166, ""Complex"": 0.14680516312660896, ""Ensemble"": 0.04100766154009823}",0.777,100,"{""1"": 33, ""0"": 54, ""2"": 11, ""3"": 2}",39773,5.93,143.73,24.24,1.4373,16.86,1,1838,1839
918,2026-01-25T17:30:24.310916,10.84,"{""Fast"": 0.5475672328534053, ""Standard"": 0.2557502073103485, ""Complex"": 0.14995983204296956, ""Ensemble"": 0.046722727793276554}",0.528,100,"{""1"": 22, ""0"": 59, ""2"": 13, ""3"": 6}",41086,6.23,150.57,24.16,1.5057,16.04,1,1840,1841
919,2026-01-25T17:30:36.091465,29.45,"{""Fast"": 0.4875966762144221, ""Standard"": 0.316381427289348, ""Complex"": 0.1475112564445587, ""Ensemble"": 0.048510640051671314}",0.326,100,"{""1"": 34, ""0"": 36, ""2"": 26, ""3"": 4}",50732,5.93,141.23,23.82,1.4123,16.87,1,1842,1843
920,2026-01-25T17:30:48.334891,22.03,"{""Fast"": 0.4488598186093668, ""Standard"": 0.34154880574008917, ""Complex"": 0.15841795968319008, ""Ensemble"": 0.051173415967354016}",0.864,92,"{""1"": 29, ""2"": 17, ""0"": 38, ""3"": 8}",51234,6.22,154.67,24.86,1.6812,14.79,1,1844,1845
921,2026-01-25T17:31:00.369119,21.03,"{""Fast"": 0.5223597137773888, ""Standard"": 0.3045927300056951, ""Complex"": 0.12956327315460361, ""Ensemble"": 0.04348428306231264}",0.514,100,"{""1"": 25, ""0"": 53, ""2"": 17, ""3"": 5}",43643,6.23,151.1,24.25,1.511,16.05,1,1846,1847
922,2026-01-25T17:31:12.276844,11.25,"{""Fast"": 0.5181202377721049, ""Standard"": 0.2878216932538863, ""Complex"": 0.14644699082050774, ""Ensemble"": 0.04761107815350082}",0.644,86,"{""2"": 15, ""0"": 43, ""1"": 22, ""3"": 6}",43263,6.21,147.61,23.78,1.7165,13.86,1,1848,1849
923,2026-01-25T17:31:24.128137,13.94,"{""Fast"": 0.48703178066542785, ""Standard"": 0.3086518383303182, ""Complex"": 0.15834061975471428, ""Ensemble"": 0.04597576124953971}",0.913,100,"{""0"": 47, ""2"": 18, ""1"": 33, ""3"": 2}",46803,5.93,142.49,24.02,1.4249,16.86,1,1850,1851
924,2026-01-25T17:31:36.358343,10.9,"{""Fast"": 0.503473600927651, ""Standard"": 0.3016168539118738, ""Complex"": 0.14374513694632968, ""Ensemble"": 0.051164408214145515}",0.873,87,"{""1"": 24, ""0"": 49, ""2"": 12, ""3"": 2}",33390,6.21,147.71,23.79,1.6979,14.01,1,1852,1853
925,2026-01-25T17:31:48.350407,17.79,"{""Fast"": 0.5381612140957166, ""Standard"": 0.25755735044215194, ""Complex"": 0.1508701049028849, ""Ensemble"": 0.0534113305592466}",0.529,97,"{""0"": 41, ""3"": 10, ""2"": 16, ""1"": 30}",49373,6.22,149.5,24.02,1.5413,15.58,1,1854,1855
926,2026-01-25T17:32:00.119988,5.09,"{""Fast"": 0.52115555881091, ""Standard"": 0.28948130708781344, ""Complex"": 0.1458477924374207, ""Ensemble"": 0.043515341663855824}",0.493,100,"{""0"": 53, ""2"": 14, ""1"": 31, ""3"": 2}",40909,5.93,152.05,25.65,1.5205,16.87,1,1856,1857
927,2026-01-25T17:32:12.362731,25.77,"{""Fast"": 0.5485244618065148, ""Standard"": 0.25886498773153327, ""Complex"": 0.14324300876124874, ""Ensemble"": 0.049367541700703135}",0.829,100,"{""2"": 12, ""3"": 7, ""1"": 25, ""0"": 56}",41674,6.23,151.11,24.26,1.5111,16.05,1,1858,1859
928,2026-01-25T17:32:24.129301,10.78,"{""Fast"": 0.49748241955703826, ""Standard"": 0.29459671141214266, ""Complex"": 0.16164939300518985, ""Ensemble"": 0.04627147602562938}",0.455,94,"{""0"": 57, ""1"": 25, ""2"": 10, ""3"": 2}",32888,5.92,142.0,24.0,1.5106,15.89,1,1860,1861
929,2026-01-25T17:32:36.305516,25.95,"{""Fast"": 0.5350946604546823, ""Standard"": 0.26531004901017147, ""Complex"": 0.14724208164076183, ""Ensemble"": 0.05235320889438432}",0.55,85,"{""0"": 47, ""1"": 26, ""2"": 8, ""3"": 4}",33327,6.2,147.85,23.83,1.7394,13.7,1,1862,1863
930,2026-01-25T17:32:48.282373,7.39,"{""Fast"": 0.5114803543868948, ""Standard"": 0.27103512915481554, ""Complex"": 0.16354974734542188, ""Ensemble"": 0.05393476911286788}",0.448,92,"{""1"": 26, ""0"": 40, ""2"": 22, ""3"": 4}",46009,6.22,147.92,23.79,1.6078,14.8,1,1864,1865
931,2026-01-25T17:33:00.313634,6.99,"{""Fast"": 0.5050646072112227, ""Standard"": 0.31754711847237843, ""Complex"": 0.12797919580663655, ""Ensemble"": 0.04940907850976252}",0.498,100,"{""1"": 27, ""0"": 61, ""2"": 9, ""3"": 3}",34407,6.23,161.96,26.0,1.6196,16.05,1,1866,1867
932,2026-01-25T17:33:12.085819,28.96,"{""Fast"": 0.4931286705569225, ""Standard"": 0.30614287842568133, ""Complex"": 0.14434137498150099, ""Ensemble"": 0.056387076035895156}",0.378,100,"{""1"": 29, ""2"": 15, ""0"": 50, ""3"": 6}",41109,5.93,146.82,24.76,1.4682,16.86,1,1868,1869
933,2026-01-25T17:33:24.298248,14.37,"{""Fast"": 0.4569946159349142, ""Standard"": 0.3345880349844616, ""Complex"": 0.15144258848143136, ""Ensemble"": 0.05697476059919274}",0.78,87,"{""3"": 5, ""1"": 30, ""0"": 36, ""2"": 16}",43824,6.21,148.85,23.97,1.7109,14.01,1,1870,1871
934,2026-01-25T17:33:36.318493,10.07,"{""Fast"": 0.5140921446924142, ""Standard"": 0.300155192954356, ""Complex"": 0.14249782106225312, ""Ensemble"": 0.043254841290976634}",0.968,100,"{""0"": 51, ""3"": 4, ""1"": 34, ""2"": 11}",39827,6.23,155.58,24.96,1.5558,16.04,1,1872,1873
935,2026-01-25T17:33:48.092418,7.38,"{""Fast"": 0.4374704366994976, ""Standard"": 0.35377721375488114, ""Complex"": 0.15342235376029498, ""Ensemble"": 0.05532999578532617}",0.352,100,"{""0"": 54, ""1"": 22, ""3"": 11, ""2"": 13}",46508,5.93,140.72,23.73,1.4072,16.86,1,1874,1875
936,2026-01-25T17:34:00.341612,25.09,"{""Fast"": 0.5295103871560998, ""Standard"": 0.2777171264628482, ""Complex"": 0.14494248535363116, ""Ensemble"": 0.047830001027420965}",0.442,100,"{""1"": 28, ""0"": 50, ""3"": 9, ""2"": 13}",46671,6.23,153.35,24.6,1.5335,16.04,1,1876,1877
937,2026-01-25T17:34:12.103847,26.9,"{""Fast"": 0.4964599864993024, ""Standard"": 0.32979518855773204, ""Complex"": 0.13207276530158785, ""Ensemble"": 0.04167205964137776}",0.904,92,"{""1"": 27, ""0"": 45, ""3"": 6, ""2"": 14}",44257,5.92,140.48,23.74,1.527,15.55,1,1878,1879
938,2026-01-25T17:34:24.309369,25.73,"{""Fast"": 0.545251706426319, ""Standard"": 0.2737866006936956, ""Complex"": 0.13440278116360369, ""Ensemble"": 0.04655891171638186}",0.95,100,"{""1"": 34, ""2"": 15, ""0"": 45, ""3"": 6}",52725,6.23,149.77,24.02,1.4977,16.04,1,1880,1881
939,2026-01-25T17:34:36.330756,24.69,"{""Fast"": 0.5379463120832018, ""Standard"": 0.2835591376245634, ""Complex"": 0.13403501631776624, ""Ensemble"": 0.04445953397446858}",0.919,69,"{""0"": 34, ""1"": 24, ""2"": 8, ""3"": 3}",29173,6.18,148.83,24.08,2.1569,11.16,1,1882,1883
940,2026-01-25T17:34:48.081091,14.66,"{""Fast"": 0.5209622524168568, ""Standard"": 0.27497353269937075, ""Complex"": 0.15267797502300337, ""Ensemble"": 0.05138623986076911}",0.868,100,"{""0"": 61, ""2"": 17, ""1"": 17, ""3"": 5}",42655,5.93,141.03,23.79,1.4103,16.87,1,1884,1885
941,2026-01-25T17:35:00.333524,19.19,"{""Fast"": 0.5288378852085495, ""Standard"": 0.2802458268220323, ""Complex"": 0.14298073993859278, ""Ensemble"": 0.047935548030825496}",0.632,94,"{""0"": 50, ""2"": 19, ""1"": 22, ""3"": 3}",47386,6.22,154.73,24.86,1.646,15.1,1,1886,1887
942,2026-01-25T17:35:12.076527,10.99,"{""Fast"": 0.5679641551910668, ""Standard"": 0.2551868367609738, ""Complex"": 0.13006268728354345, ""Ensemble"": 0.04678632076441601}",0.582,100,"{""2"": 14, ""1"": 29, ""0"": 55, ""3"": 2}",39158,5.93,141.76,23.91,1.4176,16.87,1,1888,1889
943,2026-01-25T17:35:24.307104,25.04,"{""Fast"": 0.46277720375111486, ""Standard"": 0.34813186255324385, ""Complex"": 0.13811558695127316, ""Ensemble"": 0.050975346744368086}",0.77,93,"{""1"": 30, ""3"": 8, ""0"": 46, ""2"": 9}",41818,6.22,146.62,23.58,1.5765,14.96,1,1890,1891
944,2026-01-25T17:35:36.335080,13.53,"{""Fast"": 0.5073152952039772, ""Standard"": 0.2713292031751748, ""Complex"": 0.17304905320874323, ""Ensemble"": 0.04830644841210477}",0.617,97,"{""1"": 27, ""2"": 16, ""0"": 49, ""3"": 5}",47669,6.23,149.13,23.94,1.5375,15.57,1,1892,1893
945,2026-01-25T17:35:48.257269,8.26,"{""Fast"": 0.5310454474615092, ""Standard"": 0.26159001036856866, ""Complex"": 0.15502672328005407, ""Ensemble"": 0.05233781888986818}",0.373,100,"{""1"": 32, ""0"": 48, ""3"": 9, ""2"": 11}",46354,5.93,144.8,24.43,1.448,16.88,1,1894,1895
946,2026-01-25T17:36:00.322703,14.44,"{""Fast"": 0.49410321417387904, ""Standard"": 0.28403535469288177, ""Complex"": 0.16737404644645226, ""Ensemble"": 0.05448738468678688}",0.739,94,"{""0"": 40, ""2"": 17, ""3"": 3, ""1"": 34}",45922,6.22,154.9,24.89,1.6479,15.1,1,1896,1897
947,2026-01-25T17:36:12.358515,23.08,"{""Fast"": 0.4803540635852592, ""Standard"": 0.3178879470274535, ""Complex"": 0.1477324876324521, ""Ensemble"": 0.05402550175483533}",0.548,91,"{""0"": 47, ""1"": 29, ""2"": 10, ""3"": 5}",41530,6.22,148.9,23.95,1.6362,14.64,1,1898,1899
948,2026-01-25T17:36:24.093331,13.38,"{""Fast"": 0.5353785129562915, ""Standard"": 0.2808135766667403, ""Complex"": 0.13149803852272354, ""Ensemble"": 0.052309871854244745}",0.899,100,"{""0"": 57, ""2"": 11, ""1"": 27, ""3"": 5}",39463,5.93,142.18,23.98,1.4218,16.87,1,1900,1901
949,2026-01-25T17:36:36.326437,12.34,"{""Fast"": 0.4845441579967909, ""Standard"": 0.31914419048050957, ""Complex"": 0.14966563183177037, ""Ensemble"": 0.0466460196909294}",0.841,98,"{""0"": 50, ""2"": 16, ""3"": 7, ""1"": 25}",51842,6.23,147.49,23.68,1.505,15.74,1,1902,1903
950,2026-01-25T17:36:48.085667,6.19,"{""Fast"": 0.4479274013856098, ""Standard"": 0.3456800075438089, ""Complex"": 0.14969470561323056, ""Ensemble"": 0.056697885457350786}",0.346,94,"{""0"": 43, ""1"": 36, ""3"": 4, ""2"": 11}",39709,5.92,143.74,24.29,1.5292,15.89,1,1904,1905
951,2026-01-25T17:37:00.092302,13.9,"{""Fast"": 0.5137465545760245, ""Standard"": 0.27091962231374156, ""Complex"": 0.1662309065102585, ""Ensemble"": 0.04910291659997541}",0.844,74,"{""0"": 38, ""1"": 23, ""2"": 6, ""3"": 7}",32815,5.89,145.71,24.76,1.9691,12.57,1,1906,1907
952,2026-01-25T17:37:12.321221,22.26,"{""Fast"": 0.47771003757574354, ""Standard"": 0.3133900789642975, ""Complex"": 0.15895107507314346, ""Ensemble"": 0.04994880838681537}",0.506,100,"{""2"": 11, ""0"": 47, ""1"": 36, ""3"": 6}",44647,6.23,151.69,24.35,1.5169,16.05,1,1908,1909
953,2026-01-25T17:37:24.104035,21.62,"{""Fast"": 0.5434761261628557, ""Standard"": 0.2555713548853219, ""Complex"": 0.15666112467238838, ""Ensemble"": 0.04429139427943411}",0.636,93,"{""2"": 15, ""0"": 49, ""1"": 24, ""3"": 5}",43258,5.92,139.68,23.6,1.502,15.71,1,1910,1911
954,2026-01-25T17:37:36.282529,23.85,"{""Fast"": 0.45870999822081365, ""Standard"": 0.34987883149975174, ""Complex"": 0.1455087827427607, ""Ensemble"": 0.04590238753667383}",0.413,91,"{""0"": 38, ""1"": 33, ""2"": 15, ""3"": 5}",40038,6.22,149.01,23.97,1.6375,14.64,1,1912,1913
955,2026-01-25T17:37:48.147077,24.19,"{""Fast"": 0.5557237472666068, ""Standard"": 0.2649701534555797, ""Complex"": 0.12700536422864392, ""Ensemble"": 0.052300735049169586}",0.363,100,"{""2"": 17, ""0"": 49, ""1"": 27, ""3"": 7}",44427,5.93,141.04,23.78,1.4104,16.86,1,1914,1915
956,2026-01-25T17:38:00.077908,15.58,"{""Fast"": 0.5209541454508493, ""Standard"": 0.28466092934179327, ""Complex"": 0.15219455685480646, ""Ensemble"": 0.04219036835255094}",0.551,100,"{""2"": 16, ""0"": 53, ""1"": 30, ""3"": 1}",38625,5.93,152.88,25.78,1.5288,16.86,1,1916,1917
957,2026-01-25T17:38:12.293410,20.2,"{""Fast"": 0.47935917452217475, ""Standard"": 0.3195593138786544, ""Complex"": 0.15351489065826934, ""Ensemble"": 0.04756662094090156}",0.477,89,"{""3"": 3, ""1"": 39, ""0"": 39, ""2"": 8}",34619,6.21,152.19,24.49,1.71,14.32,1,1918,1919
958,2026-01-25T17:38:24.302571,17.07,"{""Fast"": 0.48910542150149455, ""Standard"": 0.32144615445091906, ""Complex"": 0.14270862019241856, ""Ensemble"": 0.04673980385516779}",0.608,100,"{""1"": 34, ""0"": 53, ""2"": 10, ""3"": 3}",37019,6.23,150.39,24.14,1.5039,16.05,1,1920,1921
959,2026-01-25T17:38:36.077486,27.62,"{""Fast"": 0.5164545363190346, ""Standard"": 0.29818012650571973, ""Complex"": 0.1308484575402431, ""Ensemble"": 0.05451687963500256}",0.365,89,"{""0"": 50, ""2"": 14, ""1"": 23, ""3"": 2}",35777,5.91,141.44,23.93,1.5893,15.06,1,1922,1923
960,2026-01-25T17:38:48.096143,7.7,"{""Fast"": 0.4965148946253739, ""Standard"": 0.3255902746911716, ""Complex"": 0.12682995937600874, ""Ensemble"": 0.05106487130744579}",0.68,100,"{""0"": 55, ""2"": 10, ""1"": 31, ""3"": 4}",39032,5.93,142.42,24.02,1.4242,16.87,1,1924,1925
961,2026-01-25T17:39:00.341250,22.22,"{""Fast"": 0.5394293532834417, ""Standard"": 0.27876941962025104, ""Complex"": 0.13369156708080568, ""Ensemble"": 0.048109660015501696}",0.995,100,"{""0"": 60, ""2"": 10, ""1"": 25, ""3"": 5}",51548,6.23,155.81,25.0,1.5581,16.05,1,1926,1927
962,2026-01-25T17:39:12.135148,11.03,"{""Fast"": 0.5050864991160107, ""Standard"": 0.28512433178265517, ""Complex"": 0.15401130533417587, ""Ensemble"": 0.05577786376715806}",0.494,100,"{""0"": 59, ""2"": 12, ""1"": 25, ""3"": 4}",39386,5.93,141.81,23.91,1.4181,16.86,1,1928,1929
963,2026-01-25T17:39:24.309942,13.03,"{""Fast"": 0.49017037074413006, ""Standard"": 0.2742652904240863, ""Complex"": 0.1768228385673395, ""Ensemble"": 0.05874150026444413}",0.607,72,"{""2"": 19, ""0"": 34, ""1"": 16, ""3"": 3}",33890,6.18,149.26,24.15,2.073,11.65,1,1930,1931
964,2026-01-25T17:39:36.099244,15.11,"{""Fast"": 0.4755602392288493, ""Standard"": 0.29385286868765625, ""Complex"": 0.17221451114501463, ""Ensemble"": 0.05837238093847993}",0.38,100,"{""0"": 41, ""1"": 28, ""2"": 22, ""3"": 9}",54135,5.93,142.44,24.01,1.4244,16.86,1,1932,1933
965,2026-01-25T17:39:48.337485,12.27,"{""Fast"": 0.5139551308796173, ""Standard"": 0.28843111346414574, ""Complex"": 0.14250474634110938, ""Ensemble"": 0.0551090093151276}",0.766,100,"{""0"": 48, ""1"": 31, ""2"": 18, ""3"": 3}",46373,6.23,149.62,24.0,1.4962,16.04,1,1934,1935
966,2026-01-25T17:40:00.284721,18.82,"{""Fast"": 0.4761235340041938, ""Standard"": 0.28905331456389655, ""Complex"": 0.1737089816575583, ""Ensemble"": 0.06111416977435131}",0.69,100,"{""1"": 28, ""3"": 7, ""0"": 48, ""2"": 17}",46907,5.93,152.64,25.73,1.5264,16.86,1,1936,1937
967,2026-01-25T17:40:12.363581,17.77,"{""Fast"": 0.5108587416039504, ""Standard"": 0.3052432703013493, ""Complex"": 0.13704292767710693, ""Ensemble"": 0.04685506041759339}",0.569,100,"{""1"": 33, ""0"": 53, ""3"": 7, ""2"": 7}",42485,6.23,148.25,23.78,1.4825,16.04,1,1938,1939
968,2026-01-25T17:40:24.300304,5.91,"{""Fast"": 0.477925814713604, ""Standard"": 0.32185523127459875, ""Complex"": 0.14896502721149796, ""Ensemble"": 0.05125392680029918}",0.973,100,"{""0"": 44, ""3"": 10, ""1"": 37, ""2"": 9}",50360,6.23,149.53,23.98,1.4953,16.04,1,1940,1941
969,2026-01-25T17:40:36.089786,18.53,"{""Fast"": 0.48909841515176605, ""Standard"": 0.3134484780927045, ""Complex"": 0.14274092159172574, ""Ensemble"": 0.05471218516380384}",0.992,97,"{""0"": 37, ""2"": 18, ""1"": 37, ""3"": 5}",54202,5.92,144.91,24.46,1.4939,16.38,1,1942,1943
970,2026-01-25T17:40:48.315249,15.72,"{""Fast"": 0.5084882529846294, ""Standard"": 0.3127905715522242, ""Complex"": 0.12608128659217235, ""Ensemble"": 0.05263988887097413}",0.742,100,"{""0"": 49, ""1"": 28, ""2"": 16, ""3"": 7}",50316,6.23,149.99,24.06,1.4999,16.04,1,1944,1945
971,2026-01-25T17:41:00.107396,25.46,"{""Fast"": 0.5166189113144707, ""Standard"": 0.2820105034687751, ""Complex"": 0.15004896819245914, ""Ensemble"": 0.051321617024295066}",0.932,100,"{""0"": 49, ""1"": 32, ""3"": 8, ""2"": 11}",44794,5.93,147.59,24.88,1.4759,16.86,1,1946,1947
972,2026-01-25T17:41:12.349857,15.55,"{""Fast"": 0.5102445667578689, ""Standard"": 0.27501639866895017, ""Complex"": 0.16657257358131722, ""Ensemble"": 0.048166460991863724}",0.507,100,"{""2"": 16, ""1"": 25, ""0"": 54, ""3"": 5}",42931,6.24,149.94,24.04,1.4994,16.04,1,1948,1949
973,2026-01-25T17:41:24.127213,12.17,"{""Fast"": 0.4782836140356777, ""Standard"": 0.28968204703953565, ""Complex"": 0.18268976996113548, ""Ensemble"": 0.049344568963651164}",0.862,100,"{""1"": 32, ""0"": 45, ""2"": 21, ""3"": 2}",45548,5.93,142.64,24.05,1.4264,16.86,1,1950,1951
974,2026-01-25T17:41:36.322706,20.94,"{""Fast"": 0.4902111965638887, ""Standard"": 0.3142071130894824, ""Complex"": 0.14871612347432073, ""Ensemble"": 0.046865566872308376}",0.589,80,"{""1"": 25, ""0"": 37, ""2"": 15, ""3"": 3}",36020,6.2,148.22,23.91,1.8528,12.9,1,1952,1953
975,2026-01-25T17:41:48.142450,18.69,"{""Fast"": 0.4986569306620304, ""Standard"": 0.3302304199369254, ""Complex"": 0.12780771345473793, ""Ensemble"": 0.04330493594630616}",0.904,95,"{""1"": 32, ""0"": 49, ""2"": 11, ""3"": 3}",44825,5.92,143.44,24.21,1.5099,16.04,1,1954,1955
976,2026-01-25T17:42:00.359988,28.38,"{""Fast"": 0.4969587944095416, ""Standard"": 0.3032460472630895, ""Complex"": 0.15720265425895863, ""Ensemble"": 0.042592504068410246}",0.71,92,"{""0"": 50, ""2"": 8, ""1"": 30, ""3"": 4}",35313,6.22,153.97,24.75,1.6736,14.79,1,1956,1957
977,2026-01-25T17:42:12.360074,22.79,"{""Fast"": 0.5546202363774738, ""Standard"": 0.25115981145473193, ""Complex"": 0.1471614588367066, ""Ensemble"": 0.047058493331087484}",0.974,82,"{""0"": 46, ""1"": 24, ""3"": 2, ""2"": 10}",36792,6.2,147.41,23.77,1.7977,13.22,1,1958,1959
978,2026-01-25T17:42:24.350454,19.5,"{""Fast"": 0.46317937622821614, ""Standard"": 0.33807189644948715, ""Complex"": 0.14949826421647397, ""Ensemble"": 0.04925046310582275}",0.55,100,"{""0"": 32, ""1"": 49, ""2"": 15, ""3"": 4}",49729,6.24,147.77,23.69,1.4777,16.03,1,1960,1961
979,2026-01-25T17:42:36.115903,5.73,"{""Fast"": 0.5012693361910777, ""Standard"": 0.3016148495783527, ""Complex"": 0.14425973004606582, ""Ensemble"": 0.052856084184503695}",0.493,99,"{""0"": 60, ""1"": 23, ""3"": 6, ""2"": 10}",36116,5.93,142.77,24.09,1.4422,16.71,1,1962,1963
980,2026-01-25T17:42:48.351043,29.07,"{""Fast"": 0.5279600842731745, ""Standard"": 0.27768133708994747, ""Complex"": 0.14680052929111032, ""Ensemble"": 0.047558049345767635}",0.866,100,"{""0"": 51, ""2"": 13, ""1"": 30, ""3"": 6}",40725,6.23,148.21,23.8,1.4821,16.06,1,1964,1965
981,2026-01-25T17:43:00.127904,21.69,"{""Fast"": 0.5460726851622664, ""Standard"": 0.2685937677904933, ""Complex"": 0.13930124097939137, ""Ensemble"": 0.04603230606784893}",0.791,100,"{""0"": 59, ""1"": 28, ""3"": 5, ""2"": 8}",36654,5.93,155.34,26.2,1.5534,16.87,1,1966,1967
982,2026-01-25T17:43:12.073500,27.52,"{""Fast"": 0.5049355303396204, ""Standard"": 0.31000473343284873, ""Complex"": 0.14025434185429653, ""Ensemble"": 0.04480539437323448}",0.754,100,"{""0"": 52, ""1"": 31, ""2"": 14, ""3"": 3}",45088,5.93,147.8,24.93,1.478,16.87,1,1968,1969
983,2026-01-25T17:43:24.304967,28.06,"{""Fast"": 0.5321770354277519, ""Standard"": 0.27662066045292877, ""Complex"": 0.13907006297691077, ""Ensemble"": 0.05213224114240864}",0.546,88,"{""0"": 47, ""2"": 8, ""3"": 5, ""1"": 28}",37280,6.21,148.11,23.84,1.6831,14.17,1,1970,1971
984,2026-01-25T17:43:36.311346,19.47,"{""Fast"": 0.46936912041873213, ""Standard"": 0.30141915424435595, ""Complex"": 0.180349196003587, ""Ensemble"": 0.04886252933332481}",0.849,100,"{""0"": 44, ""1"": 34, ""2"": 17, ""3"": 5}",54098,6.23,148.31,23.79,1.4831,16.04,1,1972,1973
985,2026-01-25T17:43:48.097517,29.89,"{""Fast"": 0.4744065791788259, ""Standard"": 0.30561905989079624, ""Complex"": 0.16608170713961729, ""Ensemble"": 0.05389265379076065}",0.739,100,"{""0"": 42, ""3"": 8, ""1"": 34, ""2"": 16}",48128,5.93,141.65,23.89,1.4165,16.87,1,1974,1975
986,2026-01-25T17:44:00.337320,17.38,"{""Fast"": 0.45902936099573527, ""Standard"": 0.3253130806567917, ""Complex"": 0.16443943367968814, ""Ensemble"": 0.051218124667784845}",0.342,100,"{""0"": 50, ""3"": 2, ""2"": 17, ""1"": 31}",39335,6.23,153.96,24.71,1.5396,16.05,1,1976,1977
987,2026-01-25T17:44:12.123854,14.81,"{""Fast"": 0.48964432347512676, ""Standard"": 0.33777120063172683, ""Complex"": 0.12835606426369067, ""Ensemble"": 0.0442284116294557}",0.754,100,"{""0"": 50, ""2"": 11, ""1"": 34, ""3"": 5}",43237,5.93,148.51,25.05,1.4851,16.87,1,1978,1979
988,2026-01-25T17:44:24.356109,23.45,"{""Fast"": 0.500660753497248, ""Standard"": 0.29842039706488943, ""Complex"": 0.1522817008583278, ""Ensemble"": 0.04863714857953478}",0.704,100,"{""0"": 48, ""1"": 32, ""2"": 14, ""3"": 6}",45395,6.23,153.12,24.57,1.5312,16.04,1,1980,1981
989,2026-01-25T17:44:36.146290,14.5,"{""Fast"": 0.4999862985675875, ""Standard"": 0.30391597927635844, ""Complex"": 0.15036976264276045, ""Ensemble"": 0.04572795951329365}",0.695,100,"{""0"": 53, ""1"": 33, ""2"": 10, ""3"": 4}",42215,5.93,142.34,24.0,1.4234,16.86,1,1982,1983
990,2026-01-25T17:44:48.106955,20.53,"{""Fast"": 0.4738847154870395, ""Standard"": 0.3160850189978775, ""Complex"": 0.16287729137249313, ""Ensemble"": 0.047152974142589975}",0.909,100,"{""0"": 54, ""2"": 18, ""1"": 27, ""3"": 1}",37750,5.93,142.54,24.05,1.4254,16.87,1,1984,1985
991,2026-01-25T17:45:00.347183,27.38,"{""Fast"": 0.5353835651763508, ""Standard"": 0.25336945119931553, ""Complex"": 0.16529108322576444, ""Ensemble"": 0.045955900398569206}",0.958,100,"{""0"": 53, ""1"": 28, ""2"": 15, ""3"": 4}",49148,6.23,152.22,24.42,1.5222,16.04,1,1986,1987
992,2026-01-25T17:45:12.104278,6.37,"{""Fast"": 0.4991625948565113, ""Standard"": 0.3001759563850743, ""Complex"": 0.14879115675787427, ""Ensemble"": 0.051870292000540025}",0.623,96,"{""1"": 29, ""0"": 48, ""3"": 4, ""2"": 15}",42872,5.92,140.38,23.71,1.4623,16.21,1,1988,1989
993,2026-01-25T17:45:24.311647,12.75,"{""Fast"": 0.5193633280737445, ""Standard"": 0.2668449588074269, ""Complex"": 0.15991324468516027, ""Ensemble"": 0.053878468433668274}",0.416,100,"{""0"": 46, ""2"": 14, ""1"": 31, ""3"": 9}",45303,6.23,153.82,24.69,1.5382,16.05,1,1990,1991
994,2026-01-25T17:45:36.092747,13.74,"{""Fast"": 0.5259052420510469, ""Standard"": 0.27436410464966116, ""Complex"": 0.14383093688852128, ""Ensemble"": 0.05589971641077062}",0.72,100,"{""1"": 27, ""2"": 15, ""0"": 50, ""3"": 8}",48236,5.93,148.29,25.01,1.4829,16.87,1,1992,1993
995,2026-01-25T17:45:48.330889,29.82,"{""Fast"": 0.49920239774745817, ""Standard"": 0.3281615076531286, ""Complex"": 0.12208515380954758, ""Ensemble"": 0.05055094078986562}",0.662,100,"{""3"": 9, ""0"": 48, ""1"": 35, ""2"": 8}",47627,6.24,151.02,24.22,1.5102,16.04,1,1994,1995
996,2026-01-25T17:46:00.277652,26.43,"{""Fast"": 0.48584907378509845, ""Standard"": 0.3319854685772156, ""Complex"": 0.13271357122778368, ""Ensemble"": 0.049451886409902335}",0.948,100,"{""0"": 46, ""1"": 36, ""2"": 13, ""3"": 5}",45721,5.93,146.75,24.75,1.4675,16.86,1,1996,1997
997,2026-01-25T17:46:12.316808,28.19,"{""Fast"": 0.4886091575177036, ""Standard"": 0.3232110982006235, ""Complex"": 0.13890272935395706, ""Ensemble"": 0.04927701492771584}",0.827,84,"{""1"": 33, ""2"": 6, ""0"": 43, ""3"": 2}",39085,6.2,150.24,24.23,1.7886,13.55,1,1998,1999
998,2026-01-25T17:46:24.299988,12.81,"{""Fast"": 0.4984648617318427, ""Standard"": 0.2887762141833964, ""Complex"": 0.1669555963505347, ""Ensemble"": 0.04580332773422629}",0.754,95,"{""1"": 22, ""0"": 45, ""2"": 24, ""3"": 4}",50582,6.22,150.68,24.21,1.5861,15.26,1,2000,2001
999,2026-01-25T17:46:36.375359,10.7,"{""Fast"": 0.48050438752412317, ""Standard"": 0.3385528583988177, ""Complex"": 0.13399240651840402, ""Ensemble"": 0.046950347558655035}",0.734,99,"{""1"": 32, ""0"": 51, ""2"": 14, ""3"": 2}",41127,6.24,151.08,24.22,1.5261,15.87,1,2002,2003
1000,2026-01-25T17:46:48.146635,11.65,"{""Fast"": 0.4830505779052391, ""Standard"": 0.31691755682234873, ""Complex"": 0.14978819165965837, ""Ensemble"": 0.05024367361275378}",0.565,97,"{""0"": 48, ""3"": 4, ""2"": 12, ""1"": 33}",44041,5.93,141.18,23.82,1.4555,16.37,1,2004,2005
